apps/web/src/app/page.tsx:50:3 lint/nursery/noFloatingPromises ━━━━━━━━━━━━━━━━━━━━━━━━━━━━━━━━━━━━━

  i A "floating" Promise was found, meaning it is not properly handled and could lead to ignored errors or unexpected behavior.
  
    48 │ 		};
    49 │ 
  > 50 │ 		handleRedirect();
       │ 		^^^^^^^^^^^^^^^^^
    51 │ 	}, [
    52 │ 		userLoaded,
  
  i This happens when a Promise is not awaited, lacks a `.catch` or `.then` rejection handler, or is not explicitly ignored using the `void` operator.
  

apps/web/src/components/FilterDropdowns/SaveFilterForm.tsx:110:3 lint/nursery/noFloatingPromises ━━━━━━━━━━

  i A "floating" Promise was found, meaning it is not properly handled and could lead to ignored errors or unexpected behavior.
  
    108 │ 			}
    109 │ 		};
  > 110 │ 		formatFilters();
        │ 		^^^^^^^^^^^^^^^^
    111 │ 	}, [currentFilters]);
    112 │ 
  
  i This happens when a Promise is not awaited, lacks a `.catch` or `.then` rejection handler, or is not explicitly ignored using the `void` operator.
  

apps/web/src/components/Sidebar/NavBarTeams.tsx:27:4 lint/nursery/noFloatingPromises ━━━━━━━━━━━━━━━

  i A "floating" Promise was found, meaning it is not properly handled and could lead to ignored errors or unexpected behavior.
  
    25 │ 	const handleActiveParams = (param: string): void => {
    26 │ 		if (teamIdentifier) {
  > 27 │ 			getTeamOnSelect();
       │ 			^^^^^^^^^^^^^^^^^^
    28 │ 			router.push(`/${organization?.slug}/team/${teamIdentifier}/${param}`);
    29 │ 		} else {
  
  i This happens when a Promise is not awaited, lacks a `.catch` or `.then` rejection handler, or is not explicitly ignored using the `void` operator.
  

apps/web/src/components/Sidebar/WorkspaceDropdown.tsx:54:4 lint/nursery/noFloatingPromises ━━━━━━━━━━

  i A "floating" Promise was found, meaning it is not properly handled and could lead to ignored errors or unexpected behavior.
  
    52 │ 	useEffect(() => {
    53 │ 		if (!organization && userMemberships.data?.length) {
  > 54 │ 			updateActiveWorkspace(userMemberships.data[0].organization);
       │ 			^^^^^^^^^^^^^^^^^^^^^^^^^^^^^^^^^^^^^^^^^^^^^^^^^^^^^^^^^^^^
    55 │ 		}
    56 │ 	}, [userMemberships.data, organization]);
  
  i This happens when a Promise is not awaited, lacks a `.catch` or `.then` rejection handler, or is not explicitly ignored using the `void` operator.
  

apps/web/src/components/Sidebar/WorkspaceDropdown.tsx:98:8 lint/nursery/noFloatingPromises ━━━━━━━━━━

  i A "floating" Promise was found, meaning it is not properly handled and could lead to ignored errors or unexpected behavior.
  
     96 │ 						key={org.id}
     97 │ 						onSelect={() => {
   > 98 │ 							updateActiveWorkspace(org);
        │ 							^^^^^^^^^^^^^^^^^^^^^^^^^^^
     99 │ 						}}
    100 │ 						className="hover:cursor-pointer"
  
  i This happens when a Promise is not awaited, lacks a `.catch` or `.then` rejection handler, or is not explicitly ignored using the `void` operator.
  

apps/web/src/components/TaskPage/CommentCard.tsx:146:3 lint/nursery/noFloatingPromises ━━━━━━━━━━━━━

  i A "floating" Promise was found, meaning it is not properly handled and could lead to ignored errors or unexpected behavior.
  
    144 │ 			}
    145 │ 		};
  > 146 │ 		jSXCommentData();
        │ 		^^^^^^^^^^^^^^^^^
    147 │ 		handleGetUser();
    148 │ 	}, [comment]);
  
  i This happens when a Promise is not awaited, lacks a `.catch` or `.then` rejection handler, or is not explicitly ignored using the `void` operator.
  

apps/web/src/components/TaskPage/CommentCard.tsx:147:3 lint/nursery/noFloatingPromises ━━━━━━━━━━━━━

  i A "floating" Promise was found, meaning it is not properly handled and could lead to ignored errors or unexpected behavior.
  
    145 │ 		};
    146 │ 		jSXCommentData();
  > 147 │ 		handleGetUser();
        │ 		^^^^^^^^^^^^^^^^
    148 │ 	}, [comment]);
    149 │ 
  
  i This happens when a Promise is not awaited, lacks a `.catch` or `.then` rejection handler, or is not explicitly ignored using the `void` operator.
  

apps/web/src/components/TaskPage/TaskSidebarTopRow.tsx:51:5 lint/nursery/noFloatingPromises ━━━━━━━━━━

  i A "floating" Promise was found, meaning it is not properly handled and could lead to ignored errors or unexpected behavior.
  
    49 │ 			if (event.ctrlKey && event.shiftKey && event.key === ">") {
    50 │ 				event.preventDefault();
  > 51 │ 				copyGitBranchName();
       │ 				^^^^^^^^^^^^^^^^^^^^
    52 │ 			}
    53 │ 			if (event.ctrlKey && event.shiftKey && event.key === "<") {
  
  i This happens when a Promise is not awaited, lacks a `.catch` or `.then` rejection handler, or is not explicitly ignored using the `void` operator.
  

apps/web/src/components/TaskPage/TaskSidebarTopRow.tsx:55:5 lint/nursery/noFloatingPromises ━━━━━━━━━━

  i A "floating" Promise was found, meaning it is not properly handled and could lead to ignored errors or unexpected behavior.
  
    53 │ 			if (event.ctrlKey && event.shiftKey && event.key === "<") {
    54 │ 				event.preventDefault();
  > 55 │ 				copyUrl();
       │ 				^^^^^^^^^^
    56 │ 			}
    57 │ 			if (event.ctrlKey && event.key === ".") {
  
  i This happens when a Promise is not awaited, lacks a `.catch` or `.then` rejection handler, or is not explicitly ignored using the `void` operator.
  

apps/web/src/components/TaskPage/TaskSidebarTopRow.tsx:59:5 lint/nursery/noFloatingPromises ━━━━━━━━━━

  i A "floating" Promise was found, meaning it is not properly handled and could lead to ignored errors or unexpected behavior.
  
    57 │ 			if (event.ctrlKey && event.key === ".") {
    58 │ 				event.preventDefault();
  > 59 │ 				copyTaskId();
       │ 				^^^^^^^^^^^^^
    60 │ 			}
    61 │ 		},
  
  i This happens when a Promise is not awaited, lacks a `.catch` or `.then` rejection handler, or is not explicitly ignored using the `void` operator.
  

apps/web/src/utils/generate-sitemap.mjs:37:1 lint/nursery/noFloatingPromises ━━━━━━━━━━━━━━━━━━━━━━━

  i A "floating" Promise was found, meaning it is not properly handled and could lead to ignored errors or unexpected behavior.
  
    36 │ // Will call the function whenever the file is run
  > 37 │ generateSitemap();
       │ ^^^^^^^^^^^^^^^^^^
    38 │ 
  
  i This happens when a Promise is not awaited, lacks a `.catch` or `.then` rejection handler, or is not explicitly ignored using the `void` operator.
  

packages/builder/build.ts:3:1 lint/nursery/noFloatingPromises ━━━━━━━━━━━━━━━━━━━━━━━━━━━━━━━━━━━━━━

  i A "floating" Promise was found, meaning it is not properly handled and could lead to ignored errors or unexpected behavior.
  
    1 │ import { build } from "./src";
    2 │ 
  > 3 │ build("src/index.ts");
      │ ^^^^^^^^^^^^^^^^^^^^^^
    4 │ build("src/cli.ts");
    5 │ 
  
  i This happens when a Promise is not awaited, lacks a `.catch` or `.then` rejection handler, or is not explicitly ignored using the `void` operator.
  

packages/builder/build.ts:4:1 lint/nursery/noFloatingPromises ━━━━━━━━━━━━━━━━━━━━━━━━━━━━━━━━━━━━━━

  i A "floating" Promise was found, meaning it is not properly handled and could lead to ignored errors or unexpected behavior.
  
    3 │ build("src/index.ts");
  > 4 │ build("src/cli.ts");
      │ ^^^^^^^^^^^^^^^^^^^^
    5 │ 
  
  i This happens when a Promise is not awaited, lacks a `.catch` or `.then` rejection handler, or is not explicitly ignored using the `void` operator.
  

packages/context/build.ts:3:1 lint/nursery/noFloatingPromises ━━━━━━━━━━━━━━━━━━━━━━━━━━━━━━━━━━━━━━

  i A "floating" Promise was found, meaning it is not properly handled and could lead to ignored errors or unexpected behavior.
  
    1 │ import { build } from "@squaredmade/builder";
    2 │ 
  > 3 │ build("src/index.ts");
      │ ^^^^^^^^^^^^^^^^^^^^^^
    4 │ 
  
  i This happens when a Promise is not awaited, lacks a `.catch` or `.then` rejection handler, or is not explicitly ignored using the `void` operator.
  

packages/icons/build.ts:45:1 lint/nursery/noFloatingPromises ━━━━━━━━━━━━━━━━━━━━━━━━━━━━━━━━━━━━━━━

  i A "floating" Promise was found, meaning it is not properly handled and could lead to ignored errors or unexpected behavior.
  
    43 │ }
    44 │ 
  > 45 │ build("components/index.ts", ["react", "react-dom"]);
       │ ^^^^^^^^^^^^^^^^^^^^^^^^^^^^^^^^^^^^^^^^^^^^^^^^^^^^^
    46 │ 
  
  i This happens when a Promise is not awaited, lacks a `.catch` or `.then` rejection handler, or is not explicitly ignored using the `void` operator.
  

packages/rpc/coverage/block-navigation.js:10:20 lint/style/useTemplate  FIXABLE  ━━━━━━━━━━━━━━━━━━━

  i Template literals are preferred over string concatenation.
  
     9 │ 	// We don't want to select elements that are direct descendants of another match
  > 10 │ 	var notSelector = ":not(" + missingCoverageClasses.join("):not(") + ") > "; // becomes `:not(a):not(b) > `
       │ 	                  ^^^^^^^^^^^^^^^^^^^^^^^^^^^^^^^^^^^^^^^^^^^^^^^^^^^^^^^^
    11 │ 
    12 │ 	// Selecter that finds elements on the page to which we can jump
  
  i Unsafe fix: Use a template literal.
  
     8  8 │   
     9  9 │   	// We don't want to select elements that are direct descendants of another match
    10    │ - → var·notSelector·=·":not("·+·missingCoverageClasses.join("):not(")·+·")·>·";·//·becomes·`:not(a):not(b)·>·`
       10 │ + → var·notSelector·=·`:not(${missingCoverageClasses.join("):not(")})·>·`;·//·becomes·`:not(a):not(b)·>·`
    11 11 │   
    12 12 │   	// Selecter that finds elements on the page to which we can jump
  

packages/rpc/coverage/block-navigation.js:17:31 lint/style/useTemplate  FIXABLE  ━━━━━━━━━━━━━━━━━━━

  i Template literals are preferred over string concatenation.
  
    15 │ 		", " +
    16 │ 		notSelector +
  > 17 │ 		missingCoverageClasses.join(", " + notSelector); // becomes `:not(a):not(b) > a, :not(a):not(b) > b`
       │ 		                            ^^^^^^^^^^^^^^^^^^
    18 │ 
    19 │ 	// The NodeList of matching elements
  
  i Unsafe fix: Use a template literal.
  
    15 15 │   		", " +
    16 16 │   		notSelector +
    17    │ - → → missingCoverageClasses.join(",·"·+·notSelector);·//·becomes·`:not(a):not(b)·>·a,·:not(a):not(b)·>·b`
       17 │ + → → missingCoverageClasses.join(`,·${notSelector}`);·//·becomes·`:not(a):not(b)·>·a,·:not(a):not(b)·>·b`
    18 18 │   
    19 19 │   	// The NodeList of matching elements
  

packages/rpc/coverage/lcov-report/block-navigation.js:10:20 lint/style/useTemplate  FIXABLE  ━━━━━━━━━━

  i Template literals are preferred over string concatenation.
  
     9 │ 	// We don't want to select elements that are direct descendants of another match
  > 10 │ 	var notSelector = ":not(" + missingCoverageClasses.join("):not(") + ") > "; // becomes `:not(a):not(b) > `
       │ 	                  ^^^^^^^^^^^^^^^^^^^^^^^^^^^^^^^^^^^^^^^^^^^^^^^^^^^^^^^^
    11 │ 
    12 │ 	// Selecter that finds elements on the page to which we can jump
  
  i Unsafe fix: Use a template literal.
  
     8  8 │   
     9  9 │   	// We don't want to select elements that are direct descendants of another match
    10    │ - → var·notSelector·=·":not("·+·missingCoverageClasses.join("):not(")·+·")·>·";·//·becomes·`:not(a):not(b)·>·`
       10 │ + → var·notSelector·=·`:not(${missingCoverageClasses.join("):not(")})·>·`;·//·becomes·`:not(a):not(b)·>·`
    11 11 │   
    12 12 │   	// Selecter that finds elements on the page to which we can jump
  

packages/rpc/coverage/lcov-report/block-navigation.js:17:31 lint/style/useTemplate  FIXABLE  ━━━━━━━━━━

  i Template literals are preferred over string concatenation.
  
    15 │ 		", " +
    16 │ 		notSelector +
  > 17 │ 		missingCoverageClasses.join(", " + notSelector); // becomes `:not(a):not(b) > a, :not(a):not(b) > b`
       │ 		                            ^^^^^^^^^^^^^^^^^^
    18 │ 
    19 │ 	// The NodeList of matching elements
  
  i Unsafe fix: Use a template literal.
  
    15 15 │   		", " +
    16 16 │   		notSelector +
    17    │ - → → missingCoverageClasses.join(",·"·+·notSelector);·//·becomes·`:not(a):not(b)·>·a,·:not(a):not(b)·>·b`
       17 │ + → → missingCoverageClasses.join(`,·${notSelector}`);·//·becomes·`:not(a):not(b)·>·a,·:not(a):not(b)·>·b`
    18 18 │   
    19 19 │   	// The NodeList of matching elements
  

packages/rpc/coverage/lcov-report/prettify.js:583:19 lint/style/useTemplate  FIXABLE  ━━━━━━━━━━━━━━

  i Template literals are preferred over string concatenation.
  
    581 │ 		for (var Y = 0, T = W.length; Y < T; ++Y) {
    582 │ 			af = W[Y];
  > 583 │ 			af.className = "L" + ((Y + X) % 10);
        │ 			               ^^^^^^^^^^^^^^^^^^^^
    584 │ 			if (!af.firstChild) {
    585 │ 				af.appendChild(ac.createTextNode("\xA0"));
  
  i Unsafe fix: Use a template literal.
  
    581 581 │   		for (var Y = 0, T = W.length; Y < T; ++Y) {
    582 582 │   			af = W[Y];
    583     │ - → → → af.className·=·"L"·+·((Y·+·X)·%·10);
        583 │ + → → → af.className·=·`L${(Y·+·X)·%·10}`;
    584 584 │   			if (!af.firstChild) {
    585 585 │   				af.appendChild(ac.createTextNode("\xA0"));
  

packages/rpc/coverage/lcov-report/prettify.js:103:10 lint/style/useTemplate  FIXABLE  ━━━━━━━━━━━━━━

  i Template literals are preferred over string concatenation.
  
    101 │ 			var ag = String.fromCharCode(af);
    102 │ 			if (ag === "\\" || ag === "-" || ag === "[" || ag === "]") {
  > 103 │ 				ag = "\\" + ag;
        │ 				     ^^^^^^^^^
    104 │ 			}
    105 │ 			return ag;
  
  i Unsafe fix: Use a template literal.
  
    101 101 │   			var ag = String.fromCharCode(af);
    102 102 │   			if (ag === "\\" || ag === "-" || ag === "[" || ag === "]") {
    103     │ - → → → → ag·=·"\\"·+·ag;
        103 │ + → → → → ag·=·`\\${ag}`;
    104 104 │   			}
    105 105 │   			return ag;
  

packages/rpc/coverage/lcov-report/prettify.js:202:15 lint/style/useTemplate  FIXABLE  ━━━━━━━━━━━━━━

  i Template literals are preferred over string concatenation.
  
    200 │ 				var af = +ag.substring(1);
    201 │ 				if (af && af <= am) {
  > 202 │ 					aj[ak] = "\\" + an[am];
        │ 					         ^^^^^^^^^^^^^
    203 │ 				}
    204 │ 			}
  
  i Unsafe fix: Use a template literal.
  
    200 200 │   				var af = +ag.substring(1);
    201 201 │   				if (af && af <= am) {
    202     │ - → → → → → aj[ak]·=·"\\"·+·an[am];
        202 │ + → → → → → aj[ak]·=·`\\${an[am]}`;
    203 203 │   				}
    204 204 │   			}
  

packages/rpc/coverage/lcov-report/prettify.js:220:14 lint/style/useTemplate  FIXABLE  ━━━━━━━━━━━━━━

  i Template literals are preferred over string concatenation.
  
    218 │ 					aj[ak] = ag.replace(/[a-zA-Z]/g, (ao) => {
    219 │ 						var ap = ao.charCodeAt(0);
  > 220 │ 						return "[" + String.fromCharCode(ap & ~32, ap | 32) + "]";
        │ 						       ^^^^^^^^^^^^^^^^^^^^^^^^^^^^^^^^^^^^^^^^^^^^^^^^^^
    221 │ 					});
    222 │ 				}
  
  i Unsafe fix: Use a template literal.
  
    218 218 │   					aj[ak] = ag.replace(/[a-zA-Z]/g, (ao) => {
    219 219 │   						var ap = ao.charCodeAt(0);
    220     │ - → → → → → → return·"["·+·String.fromCharCode(ap·&·~32,·ap·|·32)·+·"]";
        220 │ + → → → → → → return·`[${String.fromCharCode(ap·&·~32,·ap·|·32)}]`;
    221 221 │   					});
    222 222 │   				}
  

packages/rpc/coverage/lcov-report/prettify.js:230:21 lint/style/useTemplate  FIXABLE  ━━━━━━━━━━━━━━

  i Template literals are preferred over string concatenation.
  
    228 │ 			var ae = Z[V];
    229 │ 			if (ae.global || ae.multiline) {
  > 230 │ 				throw new Error("" + ae);
        │ 				                ^^^^^^^
    231 │ 			}
    232 │ 			aa.push("(?:" + W(ae) + ")");
  
  i Unsafe fix: Use a template literal.
  
    228 228 │   			var ae = Z[V];
    229 229 │   			if (ae.global || ae.multiline) {
    230     │ - → → → → throw·new·Error(""·+·ae);
        230 │ + → → → → throw·new·Error(`${ae}`);
    231 231 │   			}
    232 232 │   			aa.push("(?:" + W(ae) + ")");
  

packages/rpc/coverage/lcov-report/prettify.js:232:12 lint/style/useTemplate  FIXABLE  ━━━━━━━━━━━━━━

  i Template literals are preferred over string concatenation.
  
    230 │ 				throw new Error("" + ae);
    231 │ 			}
  > 232 │ 			aa.push("(?:" + W(ae) + ")");
        │ 			        ^^^^^^^^^^^^^^^^^^^
    233 │ 		}
    234 │ 		return new RegExp(aa.join("|"), ac ? "gi" : "g");
  
  i Unsafe fix: Use a template literal.
  
    230 230 │   				throw new Error("" + ae);
    231 231 │   			}
    232     │ - → → → aa.push("(?:"·+·W(ae)·+·")");
        232 │ + → → → aa.push(`(?:${W(ae)})`);
    233 233 │   		}
    234 234 │   		return new RegExp(aa.join("|"), ac ? "gi" : "g");
  

packages/rpc/coverage/lcov-report/prettify.js:322:14 lint/style/useTemplate  FIXABLE  ━━━━━━━━━━━━━━

  i Template literals are preferred over string concatenation.
  
    320 │ 				}
    321 │ 				var af = Y[1];
  > 322 │ 				var aa = "" + af;
        │ 				         ^^^^^^^
    323 │ 				if (!Object.hasOwn(ag, aa)) {
    324 │ 					ah.push(af);
  
  i Unsafe fix: Use a template literal.
  
    320 320 │   				}
    321 321 │   				var af = Y[1];
    322     │ - → → → → var·aa·=·""·+·af;
        322 │ + → → → → var·aa·=·`${af}`;
    323 323 │   				if (!Object.hasOwn(ag, aa)) {
    324 324 │   					ah.push(af);
  

packages/rpc/coverage/lcov-report/prettify.js:451:37 lint/style/useTemplate  FIXABLE  ━━━━━━━━━━━━━━

  i Template literals are preferred over string concatenation.
  
    449 │ 			var X =
    450 │ 				"/(?=[^/*])(?:[^/\\x5B\\x5C]|\\x5C[\\s\\S]|\\x5B(?:[^\\x5C\\x5D]|\\x5C[\\s\\S])*(?:\\x5D|$))+/";
  > 451 │ 			S.push(["lang-regex", new RegExp("^" + M + "(" + X + ")")]);
        │ 			                                 ^^^^^^^^^^^^^^^^^^^^^^^
    452 │ 		}
    453 │ 		var V = T.types;
  
  i Unsafe fix: Use a template literal.
  
    449 449 │   			var X =
    450 450 │   				"/(?=[^/*])(?:[^/\\x5B\\x5C]|\\x5C[\\s\\S]|\\x5B(?:[^\\x5C\\x5D]|\\x5C[\\s\\S])*(?:\\x5D|$))+/";
    451     │ - → → → S.push(["lang-regex",·new·RegExp("^"·+·M·+·"("·+·X·+·")")]);
        451 │ + → → → S.push(["lang-regex",·new·RegExp(`^${M}(${X})`)]);
    452 452 │   		}
    453 453 │   		var V = T.types;
  

packages/rpc/coverage/lcov-report/prettify.js:457:12 lint/style/useTemplate  FIXABLE  ━━━━━━━━━━━━━━

  i Template literals are preferred over string concatenation.
  
    455 │ 			S.push([O, V]);
    456 │ 		}
  > 457 │ 		var U = ("" + T.keywords).replace(/^ | $/g, "");
        │ 		         ^^^^^^^^^^^^^^^
    458 │ 		if (U.length) {
    459 │ 			S.push([
  
  i Unsafe fix: Use a template literal.
  
    455 455 │   			S.push([O, V]);
    456 456 │   		}
    457     │ - → → var·U·=·(""·+·T.keywords).replace(/^·|·$/g,·"");
        457 │ + → → var·U·=·(`${T.keywords}`).replace(/^·|·$/g,·"");
    458 458 │   		if (U.length) {
    459 459 │   			S.push([
  

packages/rpc/coverage/lcov-report/prettify.js:461:16 lint/style/useTemplate  FIXABLE  ━━━━━━━━━━━━━━

  i Template literals are preferred over string concatenation.
  
    459 │ 			S.push([
    460 │ 				z,
  > 461 │ 				new RegExp("^(?:" + U.replace(/[\s,]+/g, "|") + ")\\b"),
        │ 				           ^^^^^^^^^^^^^^^^^^^^^^^^^^^^^^^^^^^^^^^^^^^
    462 │ 				null,
    463 │ 			]);
  
  i Unsafe fix: Use a template literal.
  
    459 459 │   			S.push([
    460 460 │   				z,
    461     │ - → → → → new·RegExp("^(?:"·+·U.replace(/[\s,]+/g,·"|")·+·")\\b"),
        461 │ + → → → → new·RegExp(`^(?:${U.replace(/[\s,]+/g,·"|")})\\b`),
    462 462 │   				null,
    463 463 │   			]);
  

packages/rpc/coverage/lcov-report/sorter.js:65:25 lint/style/useTemplate  FIXABLE  ━━━━━━━━━━━━━━━━━

  i Template literals are preferred over string concatenation.
  
    63 │ 			if (col.sortable) {
    64 │ 				col.defaultDescSort = col.type === "number";
  > 65 │ 				colNode.innerHTML = colNode.innerHTML + '<span class="sorter"></span>';
       │ 				                    ^^^^^^^^^^^^^^^^^^^^^^^^^^^^^^^^^^^^^^^^^^^^^^^^^^
    66 │ 			}
    67 │ 		}
  
  i Unsafe fix: Use a template literal.
  
     63  63 │   			if (col.sortable) {
     64  64 │   				col.defaultDescSort = col.type === "number";
     65     │ - → → → → colNode.innerHTML·=·colNode.innerHTML·+·'<span·class="sorter"></span>';
         65 │ + → → → → colNode.innerHTML·=·`${colNode.innerHTML}<span·class="sorter"></span>`;
     66  66 │   			}
     67  67 │   		}
  

packages/rpc/coverage/sorter.js:65:25 lint/style/useTemplate  FIXABLE  ━━━━━━━━━━━━━━━━━━━━━━━━━━━━━

  i Template literals are preferred over string concatenation.
  
    63 │ 			if (col.sortable) {
    64 │ 				col.defaultDescSort = col.type === "number";
  > 65 │ 				colNode.innerHTML = colNode.innerHTML + '<span class="sorter"></span>';
       │ 				                    ^^^^^^^^^^^^^^^^^^^^^^^^^^^^^^^^^^^^^^^^^^^^^^^^^^
    66 │ 			}
    67 │ 		}
  
  i Unsafe fix: Use a template literal.
  
     63  63 │   			if (col.sortable) {
     64  64 │   				col.defaultDescSort = col.type === "number";
     65     │ - → → → → colNode.innerHTML·=·colNode.innerHTML·+·'<span·class="sorter"></span>';
         65 │ + → → → → colNode.innerHTML·=·`${colNode.innerHTML}<span·class="sorter"></span>`;
     66  66 │   			}
     67  67 │   		}
  

packages/superjson/src/non-deduped-cal.json lint ━━━━━━━━━━━━━━━━━━━━━━━━━━━━━━━━━━━━━━━━━━━━━━━━━━━

  i The size of the file is 2.2 MiB, which exceeds the configured maximum of 1.0 MiB for this project.
    Use the `files.maxSize` configuration to change the maximum size of files processed, or `files.ignore` to ignore the file.
  

apps/web/src/components/TaskPage/EventTabs.tsx:58:11 lint/complexity/useOptionalChain  FIXABLE  ━━━━━━━━━━

  ! Change to an optional chain.
  
    56 │ 				);
    57 │ 
  > 58 │ 				if (!(mentionedUser && mentionedUser.userId)) continue;
       │ 				      ^^^^^^^^^^^^^^^^^^^^^^^^^^^^^^^^^^^^^
    59 │ 
    60 │ 				const mentionEvent: CreateNotificationRequest = {
  
  i Unsafe fix: Change to an optional chain.
  
     56  56 │   				);
     57  57 │   
     58     │ - → → → → if·(!(mentionedUser·&&·mentionedUser.userId))·continue;
         58 │ + → → → → if·(!(mentionedUser?.userId))·continue;
     59  59 │   
     60  60 │   				const mentionEvent: CreateNotificationRequest = {
  

packages/context/src/index.test.ts:48:20 lint/suspicious/noExplicitAny ━━━━━━━━━━━━━━━━━━━━━━━━━━━━━

  ! Unexpected any. Specify a different type.
  
    46 │ 			// Use type assertion for dynamic properties
    47 │ 			expect((ctx2 as any).key1).toBe("value1");
  > 48 │ 			expect((ctx2 as any).key2).toBe("value2");
       │ 			                ^^^
    49 │ 		});
    50 │ 
  
  i any disables many type checking rules. Its use should be avoided.
  

packages/context/src/index.test.ts:52:34 lint/suspicious/noExplicitAny ━━━━━━━━━━━━━━━━━━━━━━━━━━━━━

  ! Unexpected any. Specify a different type.
  
    51 │ 		it("should throw if parent is not a context", () => {
  > 52 │ 			expect(() => withValues({} as any, { key: "value" })).toThrow(TypeError);
       │ 			                              ^^^
    53 │ 		});
    54 │ 	});
  
  i any disables many type checking rules. Its use should be avoided.
  

packages/context/src/index.test.ts:190:24 lint/suspicious/noExplicitAny ━━━━━━━━━━━━━━━━━━━━━━━━━━━━

  ! Unexpected any. Specify a different type.
  
    188 │ 			// Verify all properties are accessible
    189 │ 			expect(getRequestId(finalCtx)).toBe("request-123");
  > 190 │ 			expect((finalCtx as any).user).toBe("john");
        │ 			                    ^^^
    191 │ 			expect((finalCtx as any).role).toBe("admin");
    192 │ 			expect(finalCtx.deadline).toBeDefined();
  
  i any disables many type checking rules. Its use should be avoided.
  

packages/context/src/index.test.ts:191:24 lint/suspicious/noExplicitAny ━━━━━━━━━━━━━━━━━━━━━━━━━━━━

  ! Unexpected any. Specify a different type.
  
    189 │ 			expect(getRequestId(finalCtx)).toBe("request-123");
    190 │ 			expect((finalCtx as any).user).toBe("john");
  > 191 │ 			expect((finalCtx as any).role).toBe("admin");
        │ 			                    ^^^
    192 │ 			expect(finalCtx.deadline).toBeDefined();
    193 │ 
  
  i any disables many type checking rules. Its use should be avoided.
  

packages/context/src/index.test.ts:209:20 lint/suspicious/noExplicitAny ━━━━━━━━━━━━━━━━━━━━━━━━━━━━

  ! Unexpected any. Specify a different type.
  
    208 │ 			// All values should be accessible through prototype chain
  > 209 │ 			expect((ctx3 as any).key1).toBe("value1");
        │ 			                ^^^
    210 │ 			expect((ctx3 as any).key2).toBe("value2");
    211 │ 			expect((ctx3 as any).key3).toBe("value3");
  
  i any disables many type checking rules. Its use should be avoided.
  

packages/context/src/index.test.ts:210:20 lint/suspicious/noExplicitAny ━━━━━━━━━━━━━━━━━━━━━━━━━━━━

  ! Unexpected any. Specify a different type.
  
    208 │ 			// All values should be accessible through prototype chain
    209 │ 			expect((ctx3 as any).key1).toBe("value1");
  > 210 │ 			expect((ctx3 as any).key2).toBe("value2");
        │ 			                ^^^
    211 │ 			expect((ctx3 as any).key3).toBe("value3");
    212 │ 
  
  i any disables many type checking rules. Its use should be avoided.
  

packages/context/src/index.test.ts:211:20 lint/suspicious/noExplicitAny ━━━━━━━━━━━━━━━━━━━━━━━━━━━━

  ! Unexpected any. Specify a different type.
  
    209 │ 			expect((ctx3 as any).key1).toBe("value1");
    210 │ 			expect((ctx3 as any).key2).toBe("value2");
  > 211 │ 			expect((ctx3 as any).key3).toBe("value3");
        │ 			                ^^^
    212 │ 
    213 │ 			// Should convert to string when using custom inspect
  
  i any disables many type checking rules. Its use should be avoided.
  

packages/context/src/index.test.ts:215:27 lint/suspicious/noExplicitAny ━━━━━━━━━━━━━━━━━━━━━━━━━━━━

  ! Unexpected any. Specify a different type.
  
    213 │ 			// Should convert to string when using custom inspect
    214 │ 			const inspectSymbol = Symbol.for("nodejs.util.inspect.custom");
  > 215 │ 			expect(typeof (ctx3 as any)[inspectSymbol]).toBe("function");
        │ 			                       ^^^
    216 │ 		});
    217 │ 	});
  
  i any disables many type checking rules. Its use should be avoided.
  

packages/context/src/index.test.ts:32:19 lint/suspicious/noExplicitAny ━━━━━━━━━━━━━━━━━━━━━━━━━━━━━

  ! Unexpected any. Specify a different type.
  
    30 │ 			const ctx = withValues(background, { "test-key": "test-value" });
    31 │ 			// Use type assertion to handle dynamic properties
  > 32 │ 			expect((ctx as any)["test-key"]).toBe("test-value");
       │ 			               ^^^
    33 │ 		});
    34 │ 
  
  i any disables many type checking rules. Its use should be avoided.
  

packages/context/src/index.test.ts:39:19 lint/suspicious/noExplicitAny ━━━━━━━━━━━━━━━━━━━━━━━━━━━━━

  ! Unexpected any. Specify a different type.
  
    37 │ 			const ctx = withValues(background, { [testSymbol]: "test-value" });
    38 │ 			// Use type assertion to handle symbol properties
  > 39 │ 			expect((ctx as any)[testSymbol]).toBe("test-value");
       │ 			               ^^^
    40 │ 		});
    41 │ 
  
  i any disables many type checking rules. Its use should be avoided.
  

packages/context/src/index.test.ts:47:20 lint/suspicious/noExplicitAny ━━━━━━━━━━━━━━━━━━━━━━━━━━━━━

  ! Unexpected any. Specify a different type.
  
    46 │ 			// Use type assertion for dynamic properties
  > 47 │ 			expect((ctx2 as any).key1).toBe("value1");
       │ 			                ^^^
    48 │ 			expect((ctx2 as any).key2).toBe("value2");
    49 │ 		});
  
  i any disables many type checking rules. Its use should be avoided.
  

packages/cron-jobs/src/index.test.ts:382:46 lint/suspicious/noExplicitAny ━━━━━━━━━━━━━━━━━━━━━━━━━━

  ! Unexpected any. Specify a different type.
  
    381 │ 			// Get the wrapped handler that was passed to CronJob
  > 382 │ 			const cronJobCalls = vi.mocked(CronJob as any).mock.calls;
        │ 			                                          ^^^
    383 │ 			const latestCall = cronJobCalls[cronJobCalls.length - 1];
    384 │ 			const wrappedHandler = latestCall[1];
  
  i any disables many type checking rules. Its use should be avoided.
  

packages/cron-jobs/src/index.test.ts:433:46 lint/suspicious/noExplicitAny ━━━━━━━━━━━━━━━━━━━━━━━━━━

  ! Unexpected any. Specify a different type.
  
    432 │ 			// Get the wrapped handler that was passed to CronJob
  > 433 │ 			const cronJobCalls = vi.mocked(CronJob as any).mock.calls;
        │ 			                                          ^^^
    434 │ 			const latestCall = cronJobCalls[cronJobCalls.length - 1];
    435 │ 			const wrappedHandler = latestCall[1];
  
  i any disables many type checking rules. Its use should be avoided.
  

packages/cron-jobs/src/index.test.ts:511:46 lint/suspicious/noExplicitAny ━━━━━━━━━━━━━━━━━━━━━━━━━━

  ! Unexpected any. Specify a different type.
  
    509 │ 			jobManager.start("error-scheduled-job");
    510 │ 
  > 511 │ 			const cronJobCalls = vi.mocked(CronJob as any).mock.calls;
        │ 			                                          ^^^
    512 │ 			const latestCall = cronJobCalls[cronJobCalls.length - 1];
    513 │ 			const wrappedHandler = latestCall[1];
  
  i any disables many type checking rules. Its use should be avoided.
  

packages/cron-jobs/src/index.test.ts:656:25 lint/suspicious/noExplicitAny ━━━━━━━━━━━━━━━━━━━━━━━━━━

  ! Unexpected any. Specify a different type.
  
    654 │ 			};
    655 │ 
  > 656 │ 			let receivedContext: any;
        │ 			                     ^^^
    657 │ 			const handler: JobHandler = async (context) => {
    658 │ 				receivedContext = context;
  
  i any disables many type checking rules. Its use should be avoided.
  

packages/cron-jobs/src/index.test.ts:666:46 lint/suspicious/noExplicitAny ━━━━━━━━━━━━━━━━━━━━━━━━━━

  ! Unexpected any. Specify a different type.
  
    665 │ 			// Get the wrapped handler from CronJob mock
  > 666 │ 			const cronJobCalls = vi.mocked(CronJob as any).mock.calls;
        │ 			                                          ^^^
    667 │ 			const latestCall = cronJobCalls[cronJobCalls.length - 1];
    668 │ 			const wrappedHandler = latestCall[1];
  
  i any disables many type checking rules. Its use should be avoided.
  

packages/cron-jobs/src/index.test.ts:697:46 lint/suspicious/noExplicitAny ━━━━━━━━━━━━━━━━━━━━━━━━━━

  ! Unexpected any. Specify a different type.
  
    696 │ 			// Get the wrapped handler from CronJob mock
  > 697 │ 			const cronJobCalls = vi.mocked(CronJob as any).mock.calls;
        │ 			                                          ^^^
    698 │ 			const latestCall = cronJobCalls[cronJobCalls.length - 1];
    699 │ 			const wrappedHandler = latestCall[1];
  
  i any disables many type checking rules. Its use should be avoided.
  

packages/logger/src/index.test.ts:212:16 lint/suspicious/noExplicitAny ━━━━━━━━━━━━━━━━━━━━━━━━━━━━━

  ! Unexpected any. Specify a different type.
  
    210 │ 			const splatSymbol = Symbol.for("splat");
    211 │ 
  > 212 │ 			const meta: any = {};
        │ 			            ^^^
    213 │ 			meta[splatSymbol] = ["additional", "info"];
    214 │ 
  
  i any disables many type checking rules. Its use should be avoided.
  

packages/logger/src/index.test.ts:6:41 lint/suspicious/noExplicitAny ━━━━━━━━━━━━━━━━━━━━━━━━━━━━━━━

  ! Unexpected any. Specify a different type.
  
    5 │ // Create a mock for storing the printf format function
  > 6 │ const mockPrintfFn = { current: null as any };
      │                                         ^^^
    7 │ 
    8 │ // Mock winston
  
  i any disables many type checking rules. Its use should be avoided.
  

packages/logger/src/index.test.ts:233:16 lint/suspicious/noExplicitAny ━━━━━━━━━━━━━━━━━━━━━━━━━━━━━

  ! Unexpected any. Specify a different type.
  
    231 │ 			const splatSymbol = Symbol.for("splat");
    232 │ 
  > 233 │ 			const meta: any = {};
        │ 			            ^^^
    234 │ 			meta[splatSymbol] = [
    235 │ 				{
  
  i any disables many type checking rules. Its use should be avoided.
  

packages/logger/src/index.test.ts:375:16 lint/suspicious/noExplicitAny ━━━━━━━━━━━━━━━━━━━━━━━━━━━━━

  ! Unexpected any. Specify a different type.
  
    373 │ 			// Set up the splat symbol with our complex object
    374 │ 			const splatSymbol = Symbol.for("splat");
  > 375 │ 			const meta: any = {};
        │ 			            ^^^
    376 │ 			meta[splatSymbol] = [complexObject];
    377 │ 
  
  i any disables many type checking rules. Its use should be avoided.
  

packages/rpc-client/src/index.test.ts:27:22 lint/suspicious/noExplicitAny ━━━━━━━━━━━━━━━━━━━━━━━━━━

  ! Unexpected any. Specify a different type.
  
    26 │ 			// Using private property access for testing
  > 27 │ 			expect((client as any).baseURL).toBe("http://api.example.com/rpc");
       │ 			                  ^^^
    28 │ 			expect((client as any).serviceName).toBe("userService");
    29 │ 		});
  
  i any disables many type checking rules. Its use should be avoided.
  

packages/rpc-client/src/index.test.ts:28:22 lint/suspicious/noExplicitAny ━━━━━━━━━━━━━━━━━━━━━━━━━━

  ! Unexpected any. Specify a different type.
  
    26 │ 			// Using private property access for testing
    27 │ 			expect((client as any).baseURL).toBe("http://api.example.com/rpc");
  > 28 │ 			expect((client as any).serviceName).toBe("userService");
       │ 			                  ^^^
    29 │ 		});
    30 │ 
  
  i any disables many type checking rules. Its use should be avoided.
  

packages/rpc-client/src/index.test.ts:38:22 lint/suspicious/noExplicitAny ━━━━━━━━━━━━━━━━━━━━━━━━━━

  ! Unexpected any. Specify a different type.
  
    37 │ 			// Check that trailing slash is handled correctly
  > 38 │ 			expect((client as any).baseURL).toBe("http://api.example.com/rpc");
       │ 			                  ^^^
    39 │ 		});
    40 │ 
  
  i any disables many type checking rules. Its use should be avoided.
  

packages/rpc/coverage/base.css:206:26 lint/suspicious/noEmptyBlock ━━━━━━━━━━━━━━━━━━━━━━━━━━━━━━━━━

  ! An empty block isn't allowed.
  
    204 │ 	border-right: none !important;
    205 │ }
  > 206 │ .coverage-summary th.pct {
        │                          ^
  > 207 │ }
        │ ^
    208 │ .coverage-summary th.pic,
    209 │ .coverage-summary th.abs,
  
  i Consider removing the empty block or adding styles inside it.
  

packages/rpc/coverage/base.css:220:28 lint/suspicious/noEmptyBlock ━━━━━━━━━━━━━━━━━━━━━━━━━━━━━━━━━

  ! An empty block isn't allowed.
  
    218 │ 	min-width: 120px !important;
    219 │ }
  > 220 │ .coverage-summary tfoot td {
        │                            ^
  > 221 │ }
        │ ^
    222 │ 
    223 │ .coverage-summary .sorter {
  
  i Consider removing the empty block or adding styles inside it.
  

packages/rpc/coverage/base.css:185:1 lint/style/noDescendingSpecificity ━━━━━━━━━━━━━━━━━━━━━━━━━━━━

  ! Descending specificity selector found. This selector specificity is (0, 1, 1)
  
    183 │ 	border: 1px solid #ddd;
    184 │ }
  > 185 │ .coverage-summary td,
        │ ^^^^^^^^^^^^^^^^^^^^
    186 │ .coverage-summary th {
    187 │ 	padding: 10px;
  
  i This selector specificity is (0, 1, 2)
  
    131 │ }
    132 │ 
  > 133 │ table.coverage td {
        │ ^^^^^^^^^^^^^^^^^
    134 │ 	margin: 0;
    135 │ 	padding: 0;
  
  i Descending specificity selector may not applied. Consider rearranging the order of the selectors. See MDN web docs for more details.
  

packages/rpc/coverage/base.css:192:1 lint/style/noDescendingSpecificity ━━━━━━━━━━━━━━━━━━━━━━━━━━━━

  ! Descending specificity selector found. This selector specificity is (0, 1, 1)
  
    190 │ 	border: 1px solid #bbb;
    191 │ }
  > 192 │ .coverage-summary td {
        │ ^^^^^^^^^^^^^^^^^^^^
    193 │ 	border-right: 1px solid #bbb;
    194 │ }
  
  i This selector specificity is (0, 1, 2)
  
    131 │ }
    132 │ 
  > 133 │ table.coverage td {
        │ ^^^^^^^^^^^^^^^^^
    134 │ 	margin: 0;
    135 │ 	padding: 0;
  
  i Descending specificity selector may not applied. Consider rearranging the order of the selectors. See MDN web docs for more details.
  

packages/rpc/coverage/base.css:260:1 lint/style/noDescendingSpecificity ━━━━━━━━━━━━━━━━━━━━━━━━━━━━

  ! Descending specificity selector found. This selector specificity is (0, 1, 0)
  
    258 │ }
    259 │ /* medium red */
  > 260 │ .cstat-no,
        │ ^^^^^^^^^
    261 │ .fstat-no,
    262 │ .cbranch-no,
  
  i This selector specificity is (0, 2, 0)
  
    252 │ }
    253 │ .highlighted,
  > 254 │ .highlighted .cstat-no,
        │ ^^^^^^^^^^^^^^^^^^^^^^
    255 │ .highlighted .fstat-no,
    256 │ .highlighted .cbranch-no {
  
  i Descending specificity selector may not applied. Consider rearranging the order of the selectors. See MDN web docs for more details.
  

packages/rpc/coverage/base.css:261:1 lint/style/noDescendingSpecificity ━━━━━━━━━━━━━━━━━━━━━━━━━━━━

  ! Descending specificity selector found. This selector specificity is (0, 1, 0)
  
    259 │ /* medium red */
    260 │ .cstat-no,
  > 261 │ .fstat-no,
        │ ^^^^^^^^^
    262 │ .cbranch-no,
    263 │ .cbranch-no {
  
  i This selector specificity is (0, 2, 0)
  
    253 │ .highlighted,
    254 │ .highlighted .cstat-no,
  > 255 │ .highlighted .fstat-no,
        │ ^^^^^^^^^^^^^^^^^^^^^^
    256 │ .highlighted .cbranch-no {
    257 │ 	background: #c21f39 !important;
  
  i Descending specificity selector may not applied. Consider rearranging the order of the selectors. See MDN web docs for more details.
  

packages/rpc/coverage/base.css:326:1 lint/style/noDescendingSpecificity ━━━━━━━━━━━━━━━━━━━━━━━━━━━━

  ! Descending specificity selector found. This selector specificity is (0, 1, 0)
  
    324 │ }
    325 │ 
  > 326 │ .cover-fill,
        │ ^^^^^^^^^^^
    327 │ .cover-empty {
    328 │ 	display: inline-block;
  
  i This selector specificity is (0, 2, 0)
  
    245 │ .red.solid,
    246 │ .status-line.low,
  > 247 │ .low .cover-fill {
        │ ^^^^^^^^^^^^^^^^
    248 │ 	background: #c21f39;
    249 │ }
  
  i Descending specificity selector may not applied. Consider rearranging the order of the selectors. See MDN web docs for more details.
  

packages/rpc/coverage/base.css:331:1 lint/style/noDescendingSpecificity ━━━━━━━━━━━━━━━━━━━━━━━━━━━━

  ! Descending specificity selector found. This selector specificity is (0, 1, 0)
  
    329 │ 	height: 12px;
    330 │ }
  > 331 │ .chart {
        │ ^^^^^^
    332 │ 	line-height: 0;
    333 │ }
  
  i This selector specificity is (0, 2, 0)
  
    248 │ 	background: #c21f39;
    249 │ }
  > 250 │ .low .chart {
        │ ^^^^^^^^^^^
    251 │ 	border: 1px solid #c21f39;
    252 │ }
  
  i Descending specificity selector may not applied. Consider rearranging the order of the selectors. See MDN web docs for more details.
  

packages/rpc/coverage/lcov-report/base.css:206:26 lint/suspicious/noEmptyBlock ━━━━━━━━━━━━━━━━━━━━━

  ! An empty block isn't allowed.
  
    204 │ 	border-right: none !important;
    205 │ }
  > 206 │ .coverage-summary th.pct {
        │                          ^
  > 207 │ }
        │ ^
    208 │ .coverage-summary th.pic,
    209 │ .coverage-summary th.abs,
  
  i Consider removing the empty block or adding styles inside it.
  

packages/rpc/coverage/lcov-report/base.css:220:28 lint/suspicious/noEmptyBlock ━━━━━━━━━━━━━━━━━━━━━

  ! An empty block isn't allowed.
  
    218 │ 	min-width: 120px !important;
    219 │ }
  > 220 │ .coverage-summary tfoot td {
        │                            ^
  > 221 │ }
        │ ^
    222 │ 
    223 │ .coverage-summary .sorter {
  
  i Consider removing the empty block or adding styles inside it.
  

packages/rpc/coverage/lcov-report/base.css:185:1 lint/style/noDescendingSpecificity ━━━━━━━━━━━━━━━━

  ! Descending specificity selector found. This selector specificity is (0, 1, 1)
  
    183 │ 	border: 1px solid #ddd;
    184 │ }
  > 185 │ .coverage-summary td,
        │ ^^^^^^^^^^^^^^^^^^^^
    186 │ .coverage-summary th {
    187 │ 	padding: 10px;
  
  i This selector specificity is (0, 1, 2)
  
    131 │ }
    132 │ 
  > 133 │ table.coverage td {
        │ ^^^^^^^^^^^^^^^^^
    134 │ 	margin: 0;
    135 │ 	padding: 0;
  
  i Descending specificity selector may not applied. Consider rearranging the order of the selectors. See MDN web docs for more details.
  

packages/rpc/coverage/lcov-report/base.css:192:1 lint/style/noDescendingSpecificity ━━━━━━━━━━━━━━━━

  ! Descending specificity selector found. This selector specificity is (0, 1, 1)
  
    190 │ 	border: 1px solid #bbb;
    191 │ }
  > 192 │ .coverage-summary td {
        │ ^^^^^^^^^^^^^^^^^^^^
    193 │ 	border-right: 1px solid #bbb;
    194 │ }
  
  i This selector specificity is (0, 1, 2)
  
    131 │ }
    132 │ 
  > 133 │ table.coverage td {
        │ ^^^^^^^^^^^^^^^^^
    134 │ 	margin: 0;
    135 │ 	padding: 0;
  
  i Descending specificity selector may not applied. Consider rearranging the order of the selectors. See MDN web docs for more details.
  

packages/rpc/coverage/lcov-report/base.css:260:1 lint/style/noDescendingSpecificity ━━━━━━━━━━━━━━━━

  ! Descending specificity selector found. This selector specificity is (0, 1, 0)
  
    258 │ }
    259 │ /* medium red */
  > 260 │ .cstat-no,
        │ ^^^^^^^^^
    261 │ .fstat-no,
    262 │ .cbranch-no,
  
  i This selector specificity is (0, 2, 0)
  
    252 │ }
    253 │ .highlighted,
  > 254 │ .highlighted .cstat-no,
        │ ^^^^^^^^^^^^^^^^^^^^^^
    255 │ .highlighted .fstat-no,
    256 │ .highlighted .cbranch-no {
  
  i Descending specificity selector may not applied. Consider rearranging the order of the selectors. See MDN web docs for more details.
  

packages/rpc/coverage/lcov-report/base.css:261:1 lint/style/noDescendingSpecificity ━━━━━━━━━━━━━━━━

  ! Descending specificity selector found. This selector specificity is (0, 1, 0)
  
    259 │ /* medium red */
    260 │ .cstat-no,
  > 261 │ .fstat-no,
        │ ^^^^^^^^^
    262 │ .cbranch-no,
    263 │ .cbranch-no {
  
  i This selector specificity is (0, 2, 0)
  
    253 │ .highlighted,
    254 │ .highlighted .cstat-no,
  > 255 │ .highlighted .fstat-no,
        │ ^^^^^^^^^^^^^^^^^^^^^^
    256 │ .highlighted .cbranch-no {
    257 │ 	background: #c21f39 !important;
  
  i Descending specificity selector may not applied. Consider rearranging the order of the selectors. See MDN web docs for more details.
  

packages/rpc/coverage/lcov-report/base.css:326:1 lint/style/noDescendingSpecificity ━━━━━━━━━━━━━━━━

  ! Descending specificity selector found. This selector specificity is (0, 1, 0)
  
    324 │ }
    325 │ 
  > 326 │ .cover-fill,
        │ ^^^^^^^^^^^
    327 │ .cover-empty {
    328 │ 	display: inline-block;
  
  i This selector specificity is (0, 2, 0)
  
    245 │ .red.solid,
    246 │ .status-line.low,
  > 247 │ .low .cover-fill {
        │ ^^^^^^^^^^^^^^^^
    248 │ 	background: #c21f39;
    249 │ }
  
  i Descending specificity selector may not applied. Consider rearranging the order of the selectors. See MDN web docs for more details.
  

packages/rpc/coverage/lcov-report/base.css:331:1 lint/style/noDescendingSpecificity ━━━━━━━━━━━━━━━━

  ! Descending specificity selector found. This selector specificity is (0, 1, 0)
  
    329 │ 	height: 12px;
    330 │ }
  > 331 │ .chart {
        │ ^^^^^^
    332 │ 	line-height: 0;
    333 │ }
  
  i This selector specificity is (0, 2, 0)
  
    248 │ 	background: #c21f39;
    249 │ }
  > 250 │ .low .chart {
        │ ^^^^^^^^^^^
    251 │ 	border: 1px solid #c21f39;
    252 │ }
  
  i Descending specificity selector may not applied. Consider rearranging the order of the selectors. See MDN web docs for more details.
  

packages/rpc/coverage/lcov-report/prettify.js:866:18 lint/complexity/useOptionalChain  FIXABLE  ━━━━━━━━━━

  ! Change to an optional chain.
  
    864 │ 					if (!al) {
    865 │ 						var af = aj.className.match(/\blinenums\b(?::(\d+))?/);
  > 866 │ 						af = af ? (af[1] && af[1].length ? +af[1] : true) : false;
        │ 						           ^^^^^^^^^^^^^^^^^^^^^
    867 │ 						if (af) {
    868 │ 							Q(aj, af);
  
  i Unsafe fix: Change to an optional chain.
  
    864 864 │   					if (!al) {
    865 865 │   						var af = aj.className.match(/\blinenums\b(?::(\d+))?/);
    866     │ - → → → → → → af·=·af·?·(af[1]·&&·af[1].length·?·+af[1]·:·true)·:·false;
        866 │ + → → → → → → af·=·af·?·(af[1]?.length·?·+af[1]·:·true)·:·false;
    867 867 │   						if (af) {
    868 868 │   							Q(aj, af);
  

packages/rpc/coverage/lcov-report/prettify.js:797:17 lint/complexity/useOptionalChain  FIXABLE  ━━━━━━━━━━

  ! Change to an optional chain.
  
    795 │ 		} catch (W) {
    796 │ 			if ("console" in window) {
  > 797 │ 				console.log(W && W.stack ? W.stack : W);
        │ 				            ^^^^^^^^^^^^
    798 │ 			}
    799 │ 		}
  
  i Unsafe fix: Change to an optional chain.
  
    795 795 │   		} catch (W) {
    796 796 │   			if ("console" in window) {
    797     │ - → → → → console.log(W·&&·W.stack·?·W.stack·:·W);
        797 │ + → → → → console.log(W?.stack·?·W.stack·:·W);
    798 798 │   			}
    799 799 │   		}
  

packages/rpc/coverage/lcov-report/prettify.js:827:13 lint/complexity/useDateNow  FIXABLE  ━━━━━━━━━━

  ! Use Date.now() instead of new Date().
  
    825 │ 			W = {
    826 │ 				now() {
  > 827 │ 					return +new Date();
        │ 					       ^^^^^^^^^^^
    828 │ 				},
    829 │ 			};
  
  i Date.now() is more readable and also avoids unnecessary instantiation of Date object.
  
  i Unsafe fix: Replace with Date.now().
  
    825 825 │   			W = {
    826 826 │   				now() {
    827     │ - → → → → → return·+new·Date();
        827 │ + → → → → → return··Date.now();
    828 828 │   				},
    829 829 │   			};
  

apps/api/jest.config.js:1:1 lint/style/noCommonJs ━━━━━━━━━━━━━━━━━━━━━━━━━━━━━━━━━━━━━━━━━━━━━━━━━━

  × Use ESM exports instead of module.exports.
  
  > 1 │ module.exports = {
      │ ^^^^^^^^^^^^^^
    2 │ 	preset: "ts-jest",
    3 │ 	testEnvironment: "node",
  
  i ESM-style export statements are more easily statically analyzable and tree-shakable compared to CommonJs module.exports.
  

apps/api/schemas.ts:324:2 lint/style/useNamingConvention ━━━━━━━━━━━━━━━━━━━━━━━━━━━━━━━━━━━━━━━━━━━

  × This object property name should be in camelCase.
  
    322 │ 		},
    323 │ 	},
  > 324 │ 	Workspace: {
        │ 	^^^^^^^^^
    325 │ 		type: "object",
    326 │ 		properties: {
  

apps/api/schemas.ts:591:2 lint/style/useNamingConvention ━━━━━━━━━━━━━━━━━━━━━━━━━━━━━━━━━━━━━━━━━━━

  × This object property name should be in camelCase.
  
    589 │ 		},
    590 │ 	},
  > 591 │ 	UniversalTokenLink: {
        │ 	^^^^^^^^^^^^^^^^^^
    592 │ 		type: "object",
    593 │ 		properties: {
  

apps/api/schemas.ts:612:2 lint/style/useNamingConvention ━━━━━━━━━━━━━━━━━━━━━━━━━━━━━━━━━━━━━━━━━━━

  × This object property name should be in camelCase.
  
    610 │ 		},
    611 │ 	},
  > 612 │ 	GithubRepoInfo: {
        │ 	^^^^^^^^^^^^^^
    613 │ 		type: "object",
    614 │ 		properties: {
  

apps/api/schemas.ts:626:2 lint/style/useNamingConvention ━━━━━━━━━━━━━━━━━━━━━━━━━━━━━━━━━━━━━━━━━━━

  × This object property name should be in camelCase.
  
    624 │ 		},
    625 │ 	},
  > 626 │ 	Project: {
        │ 	^^^^^^^
    627 │ 		type: "object",
    628 │ 		properties: {
  

apps/api/schemas.ts:641:2 lint/style/useNamingConvention ━━━━━━━━━━━━━━━━━━━━━━━━━━━━━━━━━━━━━━━━━━━

  × This object property name should be in camelCase.
  
    639 │ 		},
    640 │ 	},
  > 641 │ 	Sprint: {
        │ 	^^^^^^
    642 │ 		type: "object",
    643 │ 		properties: {
  

apps/api/schemas.ts:677:2 lint/style/useNamingConvention ━━━━━━━━━━━━━━━━━━━━━━━━━━━━━━━━━━━━━━━━━━━

  × This object property name should be in camelCase.
  
    675 │ 		},
    676 │ 	},
  > 677 │ 	RetrospectiveItem: {
        │ 	^^^^^^^^^^^^^^^^^
    678 │ 		type: "object",
    679 │ 		properties: {
  

apps/api/schemas.ts:701:2 lint/style/useNamingConvention ━━━━━━━━━━━━━━━━━━━━━━━━━━━━━━━━━━━━━━━━━━━

  × This object property name should be in camelCase.
  
    699 │ 		},
    700 │ 	},
  > 701 │ 	InvalidError: {
        │ 	^^^^^^^^^^^^
    702 │ 		type: "object",
    703 │ 		properties: {
  

apps/api/schemas.ts:715:2 lint/style/useNamingConvention ━━━━━━━━━━━━━━━━━━━━━━━━━━━━━━━━━━━━━━━━━━━

  × This object property name should be in camelCase.
  
    713 │ 		},
    714 │ 	},
  > 715 │ 	InternalServerError: {
        │ 	^^^^^^^^^^^^^^^^^^^
    716 │ 		type: "object",
    717 │ 		properties: {
  

apps/api/schemas.ts:2:2 lint/style/useNamingConvention ━━━━━━━━━━━━━━━━━━━━━━━━━━━━━━━━━━━━━━━━━━━━━

  × This object property name should be in camelCase.
  
    1 │ const schemas = {
  > 2 │ 	Task: {
      │ 	^^^^
    3 │ 		type: "object",
    4 │ 		properties: {
  

apps/api/schemas.ts:91:2 lint/style/useNamingConvention ━━━━━━━━━━━━━━━━━━━━━━━━━━━━━━━━━━━━━━━━━━━━

  × This object property name should be in camelCase.
  
    89 │ 		},
    90 │ 	},
  > 91 │ 	Team: {
       │ 	^^^^
    92 │ 		type: "object",
    93 │ 		properties: {
  

apps/api/schemas.ts:135:2 lint/style/useNamingConvention ━━━━━━━━━━━━━━━━━━━━━━━━━━━━━━━━━━━━━━━━━━━

  × This object property name should be in camelCase.
  
    133 │ 		},
    134 │ 	},
  > 135 │ 	Activity: {
        │ 	^^^^^^^^
    136 │ 		type: "object",
    137 │ 		properties: {
  

apps/api/schemas.ts:165:2 lint/style/useNamingConvention ━━━━━━━━━━━━━━━━━━━━━━━━━━━━━━━━━━━━━━━━━━━

  × This object property name should be in camelCase.
  
    163 │ 		},
    164 │ 	},
  > 165 │ 	Commit: {
        │ 	^^^^^^
    166 │ 		type: "object",
    167 │ 		properties: {
  

apps/api/schemas.ts:227:2 lint/style/useNamingConvention ━━━━━━━━━━━━━━━━━━━━━━━━━━━━━━━━━━━━━━━━━━━

  × This object property name should be in camelCase.
  
    225 │ 		},
    226 │ 	},
  > 227 │ 	TaskEvent: {
        │ 	^^^^^^^^^
    228 │ 		type: "object",
    229 │ 		properties: {
  

apps/api/schemas.ts:293:2 lint/style/useNamingConvention ━━━━━━━━━━━━━━━━━━━━━━━━━━━━━━━━━━━━━━━━━━━

  × This object property name should be in camelCase.
  
    291 │ 		},
    292 │ 	},
  > 293 │ 	TaskEventLog: {
        │ 	^^^^^^^^^^^^
    294 │ 		type: "object",
    295 │ 		properties: {
  

apps/api/schemas.ts:354:2 lint/style/useNamingConvention ━━━━━━━━━━━━━━━━━━━━━━━━━━━━━━━━━━━━━━━━━━━

  × This object property name should be in camelCase.
  
    352 │ 		},
    353 │ 	},
  > 354 │ 	User: {
        │ 	^^^^
    355 │ 		type: "object",
    356 │ 		properties: {
  

apps/api/schemas.ts:395:2 lint/style/useNamingConvention ━━━━━━━━━━━━━━━━━━━━━━━━━━━━━━━━━━━━━━━━━━━

  × This object property name should be in camelCase.
  
    393 │ 		},
    394 │ 	},
  > 395 │ 	UserAvatar: {
        │ 	^^^^^^^^^^
    396 │ 		type: "object",
    397 │ 		properties: {
  

apps/api/schemas.ts:421:2 lint/style/useNamingConvention ━━━━━━━━━━━━━━━━━━━━━━━━━━━━━━━━━━━━━━━━━━━

  × This object property name should be in camelCase.
  
    419 │ 		},
    420 │ 	},
  > 421 │ 	Comment: {
        │ 	^^^^^^^
    422 │ 		type: "object",
    423 │ 		properties: {
  

apps/api/schemas.ts:524:2 lint/style/useNamingConvention ━━━━━━━━━━━━━━━━━━━━━━━━━━━━━━━━━━━━━━━━━━━

  × This object property name should be in camelCase.
  
    522 │ 		},
    523 │ 	},
  > 524 │ 	Label: {
        │ 	^^^^^
    525 │ 		type: "object",
    526 │ 		properties: {
  

apps/api/schemas.ts:558:2 lint/style/useNamingConvention ━━━━━━━━━━━━━━━━━━━━━━━━━━━━━━━━━━━━━━━━━━━

  × This object property name should be in camelCase.
  
    556 │ 		},
    557 │ 	},
  > 558 │ 	SavedFilter: {
        │ 	^^^^^^^^^^^
    559 │ 		type: "object",
    560 │ 		properties: {
  

apps/api/schemas.ts:496:2 lint/style/useNamingConvention ━━━━━━━━━━━━━━━━━━━━━━━━━━━━━━━━━━━━━━━━━━━

  × This object property name should be in camelCase.
  
    494 │ 		},
    495 │ 	},
  > 496 │ 	FilterCondition: {
        │ 	^^^^^^^^^^^^^^^
    497 │ 		type: "object",
    498 │ 		properties: {
  

apps/api/schemas.ts:444:2 lint/style/useNamingConvention ━━━━━━━━━━━━━━━━━━━━━━━━━━━━━━━━━━━━━━━━━━━

  × This object property name should be in camelCase.
  
    442 │ 		},
    443 │ 	},
  > 444 │ 	Notification: {
        │ 	^^^^^^^^^^^^
    445 │ 		type: "object",
    446 │ 		properties: {
  

apps/api/src/api/app.ts:32:6 lint/performance/useTopLevelRegex ━━━━━━━━━━━━━━━━━━━━━━━━━━━━━━━━━━━━━

  × This regex literal is not defined in the top level scope. This can lead to performance issues if this function is called frequently.
  
    30 │ 				if (
    31 │ 					!origin ||
  > 32 │ 					/^https:\/\/web-(\w+)-squaredmade\.vercel\.app$/.test(origin) ||
       │ 					^^^^^^^^^^^^^^^^^^^^^^^^^^^^^^^^^^^^^^^^^^^^^^^^
    33 │ 					origin === productionDomain ||
    34 │ 					origin === productionServerDomain ||
  
  i Move the regex literal outside of this scope, and place it at the top level of this module, as a constant.
  

apps/api/src/api/app.ts:9:43 lint/style/noProcessEnv ━━━━━━━━━━━━━━━━━━━━━━━━━━━━━━━━━━━━━━━━━━━━━━━

  × Don't use process.env.
  
     7 │ import "dotenv/config";
     8 │ 
   > 9 │ export const db = createDb({ databaseUrl: process.env.DATABASE_URL });
       │                                           ^^^^^^^^^^^
    10 │ 
    11 │ const logger = createCustomLogger("api");
  
  i Use a centralized configuration file instead for better maintainability and deployment consistency.
  

apps/api/src/api/app.ts:20:48 lint/style/noProcessEnv ━━━━━━━━━━━━━━━━━━━━━━━━━━━━━━━━━━━━━━━━━━━━━━

  × Don't use process.env.
  
    18 │ 	const developmentDomain = "https://app-develop.squaredmade.com";
    19 │ 	const localDevDomain = "http://localhost:3000";
  > 20 │ 	const localServerDomain = `http://localhost:${process.env.PORT || 5173}`;
       │ 	                                              ^^^^^^^^^^^
    21 │ 
    22 │ 	// Health check route for root path
  
  i Use a centralized configuration file instead for better maintainability and deployment consistency.
  

apps/api/src/api/index.ts:14:43 lint/style/noProcessEnv ━━━━━━━━━━━━━━━━━━━━━━━━━━━━━━━━━━━━━━━━━━━━

  × Don't use process.env.
  
    12 │ import { registerCronJobs } from "../cron-jobs";
    13 │ 
  > 14 │ export const db = createDb({ databaseUrl: process.env.DATABASE_URL });
       │                                           ^^^^^^^^^^^
    15 │ 
    16 │ const logger = createCustomLogger("api");
  
  i Use a centralized configuration file instead for better maintainability and deployment consistency.
  

apps/api/src/api/index.ts:40:5 lint/performance/useTopLevelRegex ━━━━━━━━━━━━━━━━━━━━━━━━━━━━━━━━━━━

  × This regex literal is not defined in the top level scope. This can lead to performance issues if this function is called frequently.
  
    38 │ 			if (
    39 │ 				!origin ||
  > 40 │ 				/^https:\/\/web-(\w+)-squaredmade\.vercel\.app$/.test(origin) ||
       │ 				^^^^^^^^^^^^^^^^^^^^^^^^^^^^^^^^^^^^^^^^^^^^^^^^
    41 │ 				origin === productionDomain ||
    42 │ 				origin === productionServerDomain ||
  
  i Move the regex literal outside of this scope, and place it at the top level of this module, as a constant.
  

apps/api/src/api/index.ts:21:14 lint/style/noProcessEnv ━━━━━━━━━━━━━━━━━━━━━━━━━━━━━━━━━━━━━━━━━━━━

  × Don't use process.env.
  
    19 │ const server = http.createServer(app);
    20 │ const io = new Server(server);
  > 21 │ const port = process.env.PORT || 5173;
       │              ^^^^^^^^^^^
    22 │ 
    23 │ const productionDomain = "https://app.squaredmade.com";
  
  i Use a centralized configuration file instead for better maintainability and deployment consistency.
  

apps/api/src/cron-jobs/index.ts:38:8 lint/performance/noReExportAll ━━━━━━━━━━━━━━━━━━━━━━━━━━━━━━━━

  × Do not use export all ( export * from ... ).
  
    37 │ // Export all job modules
  > 38 │ export * from "./archiveTasks";
       │        ^^^^^^^^^^^^^^^^^^^^^^^^
    39 │ 
  
  i Use named export instead.
  

apps/api/src/services/comments/comment-service.ts:19:2 lint/suspicious/useAwait ━━━━━━━━━━━━━━━━━━━━

  × This async function lacks an await expression.
  
    17 │ 		this.logger = createCustomLogger("comments");
    18 │ 	}
  > 19 │ 	async addComment(comment: Omit<Comment, "id" | "date">): Promise<Comment> {
       │ 	^^^^^^^^^^^^^^^^^^^^^^^^^^^^^^^^^^^^^^^^^^^^^^^^^^^^^^^^^^^^^^^^^^^^^^^^^^^
  > 20 │ 		this.logger.info("Adding comment with payload", comment);
        ...
  > 34 │ 			});
  > 35 │ 	}
       │ 	^
    36 │ 	async deleteComment({ commentId }: { commentId: string }): Promise<Comment> {
    37 │ 		this.logger.info("Deleting comment with id", commentId);
  
  i Remove this async modifier, or add an await expression in the function.
  
    17 │ 		this.logger = createCustomLogger("comments");
    18 │ 	}
  > 19 │ 	async addComment(comment: Omit<Comment, "id" | "date">): Promise<Comment> {
       │ 	^^^^^^^^^^^^^^^^^^^^^^^^^^^^^^^^^^^^^^^^^^^^^^^^^^^^^^^^^^^^^^^^^^^^^^^^^^^
  > 20 │ 		this.logger.info("Adding comment with payload", comment);
        ...
  > 34 │ 			});
  > 35 │ 	}
       │ 	^
    36 │ 	async deleteComment({ commentId }: { commentId: string }): Promise<Comment> {
    37 │ 		this.logger.info("Deleting comment with id", commentId);
  
  i Async functions without await expressions may not need to be declared async.
  

apps/api/src/services/comments/comment-service.ts:36:2 lint/suspicious/useAwait ━━━━━━━━━━━━━━━━━━━━

  × This async function lacks an await expression.
  
    34 │ 			});
    35 │ 	}
  > 36 │ 	async deleteComment({ commentId }: { commentId: string }): Promise<Comment> {
       │ 	^^^^^^^^^^^^^^^^^^^^^^^^^^^^^^^^^^^^^^^^^^^^^^^^^^^^^^^^^^^^^^^^^^^^^^^^^^^^^
  > 37 │ 		this.logger.info("Deleting comment with id", commentId);
        ...
  > 48 │ 			});
  > 49 │ 	}
       │ 	^
    50 │ 	async getTaskComments({ taskId }: { taskId: string }): Promise<Comment[]> {
    51 │ 		this.logger.info("Getting comments for task with id", taskId);
  
  i Remove this async modifier, or add an await expression in the function.
  
    34 │ 			});
    35 │ 	}
  > 36 │ 	async deleteComment({ commentId }: { commentId: string }): Promise<Comment> {
       │ 	^^^^^^^^^^^^^^^^^^^^^^^^^^^^^^^^^^^^^^^^^^^^^^^^^^^^^^^^^^^^^^^^^^^^^^^^^^^^^
  > 37 │ 		this.logger.info("Deleting comment with id", commentId);
        ...
  > 48 │ 			});
  > 49 │ 	}
       │ 	^
    50 │ 	async getTaskComments({ taskId }: { taskId: string }): Promise<Comment[]> {
    51 │ 		this.logger.info("Getting comments for task with id", taskId);
  
  i Async functions without await expressions may not need to be declared async.
  

apps/api/src/services/comments/comment-service.ts:50:2 lint/suspicious/useAwait ━━━━━━━━━━━━━━━━━━━━

  × This async function lacks an await expression.
  
    48 │ 			});
    49 │ 	}
  > 50 │ 	async getTaskComments({ taskId }: { taskId: string }): Promise<Comment[]> {
       │ 	^^^^^^^^^^^^^^^^^^^^^^^^^^^^^^^^^^^^^^^^^^^^^^^^^^^^^^^^^^^^^^^^^^^^^^^^^^^
  > 51 │ 		this.logger.info("Getting comments for task with id", taskId);
        ...
  > 55 │ 			.where(eq(commentsTable.taskId, taskId));
  > 56 │ 	}
       │ 	^
    57 │ }
    58 │ 
  
  i Remove this async modifier, or add an await expression in the function.
  
    48 │ 			});
    49 │ 	}
  > 50 │ 	async getTaskComments({ taskId }: { taskId: string }): Promise<Comment[]> {
       │ 	^^^^^^^^^^^^^^^^^^^^^^^^^^^^^^^^^^^^^^^^^^^^^^^^^^^^^^^^^^^^^^^^^^^^^^^^^^^
  > 51 │ 		this.logger.info("Getting comments for task with id", taskId);
        ...
  > 55 │ 			.where(eq(commentsTable.taskId, taskId));
  > 56 │ 	}
       │ 	^
    57 │ }
    58 │ 
  
  i Async functions without await expressions may not need to be declared async.
  

apps/api/src/services/events/event-service.ts:111:5 lint/style/useNamingConvention ━━━━━━━━━━━━━━━━━

  × This object property name should be in camelCase.
  
    109 │ 				...notification,
    110 │ 				Task: task,
  > 111 │ 				Workspace: workspace,
        │ 				^^^^^^^^^
    112 │ 			};
    113 │ 		});
  

apps/api/src/services/events/event-service.ts:247:6 lint/style/useNamingConvention ━━━━━━━━━━━━━━━━━

  × This object property name should be in camelCase.
  
    245 │ 				return {
    246 │ 					...notification,
  > 247 │ 					Task: task,
        │ 					^^^^
    248 │ 					Workspace: workspace,
    249 │ 				};
  

apps/api/src/services/events/event-service.ts:183:2 lint/suspicious/useAwait ━━━━━━━━━━━━━━━━━━━━━━━

  × This async function lacks an await expression.
  
    181 │ 		return taskEvent;
    182 │ 	}
  > 183 │ 	async createNotification({
        │ 	^^^^^^^^^^^^^^^^^^^^^^^^^^
  > 184 │ 		userId,
         ...
  > 209 │ 			.then((res) => res[0]);
  > 210 │ 	}
        │ 	^
    211 │ 	async toggleNotification({
    212 │ 		notificationIds,
  
  i Remove this async modifier, or add an await expression in the function.
  
    181 │ 		return taskEvent;
    182 │ 	}
  > 183 │ 	async createNotification({
        │ 	^^^^^^^^^^^^^^^^^^^^^^^^^^
  > 184 │ 		userId,
         ...
  > 209 │ 			.then((res) => res[0]);
  > 210 │ 	}
        │ 	^
    211 │ 	async toggleNotification({
    212 │ 		notificationIds,
  
  i Async functions without await expressions may not need to be declared async.
  

apps/api/src/services/events/event-service.ts:110:5 lint/style/useNamingConvention ━━━━━━━━━━━━━━━━━

  × This object property name should be in camelCase.
  
    108 │ 			return {
    109 │ 				...notification,
  > 110 │ 				Task: task,
        │ 				^^^^
    111 │ 				Workspace: workspace,
    112 │ 			};
  

apps/api/src/services/events/event-service.ts:248:6 lint/style/useNamingConvention ━━━━━━━━━━━━━━━━━

  × This object property name should be in camelCase.
  
    246 │ 					...notification,
    247 │ 					Task: task,
  > 248 │ 					Workspace: workspace,
        │ 					^^^^^^^^^
    249 │ 				};
    250 │ 			});
  

apps/api/src/services/events/index.ts:21:3 lint/style/useNamingConvention ━━━━━━━━━━━━━━━━━━━━━━━━━━

  × This object property name should be in camelCase.
  
    19 │ 	z.object({
    20 │ 		...notificationSchema.shape,
  > 21 │ 		Workspace: workspaceSchema,
       │ 		^^^^^^^^^
    22 │ 		Task: taskSchema,
    23 │ 	}),
  

apps/api/src/services/events/index.ts:22:3 lint/style/useNamingConvention ━━━━━━━━━━━━━━━━━━━━━━━━━━

  × This object property name should be in camelCase.
  
    20 │ 		...notificationSchema.shape,
    21 │ 		Workspace: workspaceSchema,
  > 22 │ 		Task: taskSchema,
       │ 		^^^^
    23 │ 	}),
    24 │ );
  

apps/api/src/services/events/types.ts:13:2 lint/style/useNamingConvention ━━━━━━━━━━━━━━━━━━━━━━━━━━

  × This property name should be in camelCase.
  
    12 │ export type FullNotification = Notification & {
  > 13 │ 	Workspace: Workspace;
       │ 	^^^^^^^^^
    14 │ 	Task: Task;
    15 │ };
  

apps/api/src/services/events/types.ts:14:2 lint/style/useNamingConvention ━━━━━━━━━━━━━━━━━━━━━━━━━━

  × This property name should be in camelCase.
  
    12 │ export type FullNotification = Notification & {
    13 │ 	Workspace: Workspace;
  > 14 │ 	Task: Task;
       │ 	^^^^
    15 │ };
    16 │ 
  

apps/api/src/services/filters/filter-service.ts:46:2 lint/suspicious/useAwait ━━━━━━━━━━━━━━━━━━━━━━

  × This async function lacks an await expression.
  
    44 │ 	}
    45 │ 
  > 46 │ 	async getFilters({ teamId }: { teamId: string }): Promise<SavedFilter[]> {
       │ 	^^^^^^^^^^^^^^^^^^^^^^^^^^^^^^^^^^^^^^^^^^^^^^^^^^^^^^^^^^^^^^^^^^^^^^^^^^
  > 47 │ 		this.logger.info("Getting filters for team with id", teamId);
        ...
  > 57 │ 			);
  > 58 │ 	}
       │ 	^
    59 │ 
    60 │ 	async updateFilter({
  
  i Remove this async modifier, or add an await expression in the function.
  
    44 │ 	}
    45 │ 
  > 46 │ 	async getFilters({ teamId }: { teamId: string }): Promise<SavedFilter[]> {
       │ 	^^^^^^^^^^^^^^^^^^^^^^^^^^^^^^^^^^^^^^^^^^^^^^^^^^^^^^^^^^^^^^^^^^^^^^^^^^
  > 47 │ 		this.logger.info("Getting filters for team with id", teamId);
        ...
  > 57 │ 			);
  > 58 │ 	}
       │ 	^
    59 │ 
    60 │ 	async updateFilter({
  
  i Async functions without await expressions may not need to be declared async.
  

apps/api/src/services/github/github-service.ts:76:10 lint/nursery/noShadow ━━━━━━━━━━━━━━━━━━━━━━━━━

  × This variable shadows another variable with the same name in the outer scope.
  
    75 │ 		const tasks = await this.db.transaction(async (tx) => {
  > 76 │ 			const tasks = await tx
       │ 			      ^^^^^
    77 │ 				.select({
    78 │ 					id: tasksTable.id,
  
  i This is the shadowed variable, which is now inaccessible in the inner scope.
  
    73 │ 		].map((match) => match[1]);
    74 │ 
  > 75 │ 		const tasks = await this.db.transaction(async (tx) => {
       │ 		      ^^^^^
    76 │ 			const tasks = await tx
    77 │ 				.select({
  
  i Consider renaming this variable. It's easy to confuse the origin of variables if they share the same name.
  

apps/api/src/services/github/github-service.ts:214:27 lint/nursery/noAwaitInLoop ━━━━━━━━━━━━━━━━━━━

  × Avoid using await inside loops.
  
    213 │ 			for (const task of tasksInReview) {
  > 214 │ 				const associatedPRs = await tx
        │ 				                      ^^^^^^^^
  > 215 │ 					.select({
         ...
  > 226 │ 					)
  > 227 │ 					.where(eq(githubPullRequestTaskTable.taskId, task.id));
        │ 					^^^^^^^^^^^^^^^^^^^^^^^^^^^^^^^^^^^^^^^^^^^^^^^^^^^^^^
    228 │ 
    229 │ 				// Check if all PRs are closed
  
  i Using await inside loops might cause performance issues or unintended sequential execution, consider use Promise.all() instead.
  

apps/api/src/services/github/github-service.ts:151:17 lint/nursery/noShadow ━━━━━━━━━━━━━━━━━━━━━━━━

  × This variable shadows another variable with the same name in the outer scope.
  
    149 │ 			return {
    150 │ 				tasks: tasks
  > 151 │ 					.filter(({ id }) => newTasks.includes(id))
        │ 					           ^^
    152 │ 					.map((task) => ({
    153 │ 						identifier: task.identifier,
  
  i This is the shadowed variable, which is now inaccessible in the inner scope.
  
    40 │ 	}
    41 │ 	async upsertPullRequest({
  > 42 │ 		id,
       │ 		^^
    43 │ 		number,
    44 │ 		state,
  
  i Consider renaming this variable. It's easy to confuse the origin of variables if they share the same name.
  

apps/api/src/services/index.ts:22:21 lint/style/noProcessEnv ━━━━━━━━━━━━━━━━━━━━━━━━━━━━━━━━━━━━━━━

  × Don't use process.env.
  
    20 │ });
    21 │ 
  > 22 │ const clerkSecret = process.env.CLERK_SECRET;
       │                     ^^^^^^^^^^^
    23 │ 
    24 │ const auth = new AuthService(db);
  
  i Use a centralized configuration file instead for better maintainability and deployment consistency.
  

apps/api/src/services/index.ts:19:15 lint/style/noProcessEnv ━━━━━━━━━━━━━━━━━━━━━━━━━━━━━━━━━━━━━━━

  × Don't use process.env.
  
    18 │ const db = createDb({
  > 19 │ 	databaseUrl: process.env.DATABASE_URL,
       │ 	             ^^^^^^^^^^^
    20 │ });
    21 │ 
  
  i Use a centralized configuration file instead for better maintainability and deployment consistency.
  

apps/api/src/services/sprints/sprint-service.ts:32:14 lint/style/noParameterProperties ━━━━━━━━━━━━━

  × Use a more explicit class property instead of a parameter property.
  
    30 │ export class SprintService implements SprintRpc {
    31 │ 	private logger;
  > 32 │ 	constructor(private readonly db: DBClient) {
       │ 	            ^^^^^^^^^^^^^^^^^^^^^^^^^^^^^
    33 │ 		this.logger = createCustomLogger("sprint-service");
    34 │ 	}
  
  i Parameter properties are less explicit than other ways of declaring and initializing class properties.
  

apps/api/src/services/sprints/sprint-service.ts:36:2 lint/suspicious/useAwait ━━━━━━━━━━━━━━━━━━━━━━

  × This async function lacks an await expression.
  
    34 │ 	}
    35 │ 
  > 36 │ 	async getSprints({ teamId }: { teamId: string }): Promise<Sprint[]> {
       │ 	^^^^^^^^^^^^^^^^^^^^^^^^^^^^^^^^^^^^^^^^^^^^^^^^^^^^^^^^^^^^^^^^^^^^^
  > 37 │ 		this.logger.info("Getting sprints for team", { teamId });
        ...
  > 41 │ 			.where(eq(sprintsTable.teamId, teamId));
  > 42 │ 	}
       │ 	^
    43 │ 
    44 │ 	async updateSprint({
  
  i Remove this async modifier, or add an await expression in the function.
  
    34 │ 	}
    35 │ 
  > 36 │ 	async getSprints({ teamId }: { teamId: string }): Promise<Sprint[]> {
       │ 	^^^^^^^^^^^^^^^^^^^^^^^^^^^^^^^^^^^^^^^^^^^^^^^^^^^^^^^^^^^^^^^^^^^^^
  > 37 │ 		this.logger.info("Getting sprints for team", { teamId });
        ...
  > 41 │ 			.where(eq(sprintsTable.teamId, teamId));
  > 42 │ 	}
       │ 	^
    43 │ 
    44 │ 	async updateSprint({
  
  i Async functions without await expressions may not need to be declared async.
  

apps/api/src/services/sprints/sprint-service.ts:184:2 lint/suspicious/useAwait ━━━━━━━━━━━━━━━━━━━━━

  × This async function lacks an await expression.
  
    182 │ 	}
    183 │ 
  > 184 │ 	async getSprintTasks({ sprintId }: { sprintId: string }): Promise<Task[]> {
        │ 	^^^^^^^^^^^^^^^^^^^^^^^^^^^^^^^^^^^^^^^^^^^^^^^^^^^^^^^^^^^^^^^^^^^^^^^^^^^
  > 185 │ 		this.logger.info("Getting tasks for sprint", { sprintId });
         ...
  > 189 │ 			.where(eq(tasksTable.sprintId, sprintId));
  > 190 │ 	}
        │ 	^
    191 │ 
    192 │ 	async endSprint({ sprintId }: { sprintId: string }): Promise<Sprint> {
  
  i Remove this async modifier, or add an await expression in the function.
  
    182 │ 	}
    183 │ 
  > 184 │ 	async getSprintTasks({ sprintId }: { sprintId: string }): Promise<Task[]> {
        │ 	^^^^^^^^^^^^^^^^^^^^^^^^^^^^^^^^^^^^^^^^^^^^^^^^^^^^^^^^^^^^^^^^^^^^^^^^^^^
  > 185 │ 		this.logger.info("Getting tasks for sprint", { sprintId });
         ...
  > 189 │ 			.where(eq(tasksTable.sprintId, sprintId));
  > 190 │ 	}
        │ 	^
    191 │ 
    192 │ 	async endSprint({ sprintId }: { sprintId: string }): Promise<Sprint> {
  
  i Async functions without await expressions may not need to be declared async.
  

apps/api/src/services/tasks/task-service.ts:397:5 lint/nursery/noAwaitInLoop ━━━━━━━━━━━━━━━━━━━━━━━

  × Avoid using await inside loops.
  
    395 │ 			// Update the order of tasks
    396 │ 			for (let index = 0; index < args.newOrder.length; index++) {
  > 397 │ 				await tx
        │ 				^^^^^^^^
  > 398 │ 					.update(tasksTable)
  > 399 │ 					.set({ order: index })
  > 400 │ 					.where(eq(tasksTable.id, args.newOrder[index]));
        │ 					^^^^^^^^^^^^^^^^^^^^^^^^^^^^^^^^^^^^^^^^^^^^^^^
    401 │ 			}
    402 │ 
  
  i Using await inside loops might cause performance issues or unintended sequential execution, consider use Promise.all() instead.
  

apps/api/src/services/tasks/task-service.ts:469:33 lint/nursery/noShadow ━━━━━━━━━━━━━━━━━━━━━━━━━━━

  × This variable shadows another variable with the same name in the outer scope.
  
    467 │ 				.where(eq(blockedTasksTable.b, taskId));
    468 │ 
  > 469 │ 			return blockedByTasks.map(({ Task }) => Task);
        │ 			                             ^^^^
    470 │ 		});
    471 │ 	}
  
  i This is the shadowed variable, which is now inaccessible in the inner scope.
  
    2 │ import {
    3 │ 	type DBClient,
  > 4 │ 	type Task,
      │ 	     ^^^^
    5 │ 	and,
    6 │ 	asc,
  
  i Consider renaming this variable. It's easy to confuse the origin of variables if they share the same name.
  

apps/api/src/services/tasks/task-service.ts:507:38 lint/nursery/noShadow ━━━━━━━━━━━━━━━━━━━━━━━━━━━

  × This variable shadows another variable with the same name in the outer scope.
  
    506 │ 			return {
  > 507 │ 				blockedBy: blockedByTasks.map(({ Task }) => Task),
        │ 				                                 ^^^^
    508 │ 				blockingIds: blockingTasks.map(({ id }) => id),
    509 │ 			};
  
  i This is the shadowed variable, which is now inaccessible in the inner scope.
  
    2 │ import {
    3 │ 	type DBClient,
  > 4 │ 	type Task,
      │ 	     ^^^^
    5 │ 	and,
    6 │ 	asc,
  
  i Consider renaming this variable. It's easy to confuse the origin of variables if they share the same name.
  

apps/api/src/services/workspaces/workspace-service.ts:271:23 lint/nursery/noAwaitInLoop ━━━━━━━━━━━━

  × Avoid using await inside loops.
  
    269 │ 			if (workspaceTeams.length > 0) {
    270 │ 				for (const team of workspaceTeams) {
  > 271 │ 					const userTeam = await tx
        │ 					                 ^^^^^^^^
  > 272 │ 						.select()
         ...
  > 279 │ 						)
  > 280 │ 						.limit(1);
        │ 						^^^^^^^^^
    281 │ 
    282 │ 					if (userTeam.length > 0) {
  
  i Using await inside loops might cause performance issues or unintended sequential execution, consider use Promise.all() instead.
  

apps/api/src/services/workspaces/workspace-service.ts:333:22 lint/style/noProcessEnv ━━━━━━━━━━━━━━━

  × Don't use process.env.
  
    331 │ 					inviterUserId: userId,
    332 │ 					role: "member",
  > 333 │ 					redirectUrl: `${process.env.NEXT_PUBLIC_CONFIRM_URL}/${slug}/create`,
        │ 					                ^^^^^^^^^^^
    334 │ 				}),
    335 │ 			),
  
  i Use a centralized configuration file instead for better maintainability and deployment consistency.
  

apps/api/swagger.ts:19:16 lint/nursery/noAwaitInLoop ━━━━━━━━━━━━━━━━━━━━━━━━━━━━━━━━━━━━━━━━━━━━━━━

  × Avoid using await inside loops.
  
    17 │ 	for (const file of files) {
    18 │ 		const filePath = path.join(dir, file);
  > 19 │ 		const stat = await fs.stat(filePath);
       │ 		             ^^^^^^^^^^^^^^^^^^^^^^^
    20 │ 
    21 │ 		if (stat.isDirectory()) {
  
  i Using await inside loops might cause performance issues or unintended sequential execution, consider use Promise.all() instead.
  

apps/api/swagger.ts:25:22 lint/style/noCommonJs ━━━━━━━━━━━━━━━━━━━━━━━━━━━━━━━━━━━━━━━━━━━━━━━━━━━━

  × Use ESM imports instead of require.
  
    23 │ 			docs = { ...docs, ...subDocs };
    24 │ 		} else if (file === "index.docs.ts") {
  > 25 │ 			const routeDocs = require(filePath).default;
       │ 			                  ^^^^^^^^^^^^^^^^^
    26 │ 			docs = { ...docs, ...routeDocs };
    27 │ 		}
  
  i ESM-style import statements are more easily statically analyzable and tree-shakable compared to CommonJs require.
  

apps/web/jest.setup.ts:25:5 lint/performance/useTopLevelRegex ━━━━━━━━━━━━━━━━━━━━━━━━━━━━━━━━━━━━━━

  × This regex literal is not defined in the top level scope. This can lead to performance issues if this function is called frequently.
  
    23 │ 			JSON.parse(JSON.stringify(received), (_, value) =>
    24 │ 				typeof value === "string" &&
  > 25 │ 				/^\d{4}-\d{2}-\d{2}T\d{2}:\d{2}:\d{2}/.test(value)
       │ 				^^^^^^^^^^^^^^^^^^^^^^^^^^^^^^^^^^^^^^
    26 │ 					? value.slice(0, 19 + precision)
    27 │ 					: value,
  
  i Move the regex literal outside of this scope, and place it at the top level of this module, as a constant.
  

apps/web/jest.setup.ts:31:5 lint/performance/useTopLevelRegex ━━━━━━━━━━━━━━━━━━━━━━━━━━━━━━━━━━━━━━

  × This regex literal is not defined in the top level scope. This can lead to performance issues if this function is called frequently.
  
    29 │ 			JSON.parse(JSON.stringify(expected), (_, value) =>
    30 │ 				typeof value === "string" &&
  > 31 │ 				/^\d{4}-\d{2}-\d{2}T\d{2}:\d{2}:\d{2}/.test(value)
       │ 				^^^^^^^^^^^^^^^^^^^^^^^^^^^^^^^^^^^^^^
    32 │ 					? value.slice(0, 19 + precision)
    33 │ 					: value,
  
  i Move the regex literal outside of this scope, and place it at the top level of this module, as a constant.
  

apps/web/next.config.js:1:17 lint/style/noCommonJs ━━━━━━━━━━━━━━━━━━━━━━━━━━━━━━━━━━━━━━━━━━━━━━━━━

  × Use ESM imports instead of require.
  
  > 1 │ const withMDX = require("@next/mdx")();
      │                 ^^^^^^^^^^^^^^^^^^^^
    2 │ 
    3 │ /** @type {import('next').NextConfig} */
  
  i ESM-style import statements are more easily statically analyzable and tree-shakable compared to CommonJs require.
  

apps/web/next.config.js:21:1 lint/style/noCommonJs ━━━━━━━━━━━━━━━━━━━━━━━━━━━━━━━━━━━━━━━━━━━━━━━━━

  × Use ESM exports instead of module.exports.
  
    20 │ // Export the final configuration
  > 21 │ module.exports = withMDX(nextConfig);
       │ ^^^^^^^^^^^^^^
    22 │ 
  
  i ESM-style export statements are more easily statically analyzable and tree-shakable compared to CommonJs module.exports.
  

apps/web/postcss.config.js:1:1 lint/style/noCommonJs ━━━━━━━━━━━━━━━━━━━━━━━━━━━━━━━━━━━━━━━━━━━━━━━

  × Use ESM exports instead of module.exports.
  
  > 1 │ module.exports = {
      │ ^^^^^^^^^^^^^^
    2 │ 	plugins: {
    3 │ 		"@tailwindcss/postcss": {},
  
  i ESM-style export statements are more easily statically analyzable and tree-shakable compared to CommonJs module.exports.
  

apps/web/src/app/(auth)/[workspace]/join/JoinWorkspace.tsx:41:12 lint/nursery/noShadow ━━━━━━━━━━━━━

  × This variable shadows another variable with the same name in the outer scope.
  
    39 │ 							: undefined,
    40 │ 				})
  > 41 │ 				.then((res) => res.json());
       │ 				       ^^^
    42 │ 			return res?.externalId;
    43 │ 		},
  
  i This is the shadowed variable, which is now inaccessible in the inner scope.
  
    25 │ 		mutationKey: ["workspace", "joinWorkspace", workspaceSlug],
    26 │ 		mutationFn: async () => {
  > 27 │ 			const res = await client.workspace.joinWorkspace
       │ 			      ^^^
    28 │ 				.$post({
    29 │ 					token,
  
  i Consider renaming this variable. It's easy to confuse the origin of variables if they share the same name.
  

apps/web/src/app/(auth)/[workspace]/join/JoinWorkspace.tsx:46:4 lint/suspicious/noConsole  FIXABLE  ━━━━━━━━━━

  × Don't use console.
  
    44 │ 		onSuccess: (organizationId) => {
    45 │ 			toast.success("Workspace joined successfully");
  > 46 │ 			console.log("organizationId", organizationId);
       │ 			^^^^^^^^^^^
    47 │ 			setActive?.({ organization: organizationId });
    48 │ 			router.push(`/${workspaceSlug}`);
  
  i The use of console is often reserved for debugging.
  
  i Unsafe fix: Remove console.
  
    44 44 │   		onSuccess: (organizationId) => {
    45 45 │   			toast.success("Workspace joined successfully");
    46    │ - → → → console.log("organizationId",·organizationId);
    47 46 │   			setActive?.({ organization: organizationId });
    48 47 │   			router.push(`/${workspaceSlug}`);
  

apps/web/src/app/(auth)/forgot-password/page.tsx:116:10 lint/style/noNestedTernary ━━━━━━━━━━━━━━━━━

  × Do not nest ternary expressions.
  
    114 │ 					<CardTitle className="text-center font-bold text-2xl">
    115 │ 						{successfulCreation
  > 116 │ 							? secondFactor
        │ 							  ^^^^^^^^^^^^
  > 117 │ 								? "Two-Factor Authentication"
  > 118 │ 								: "Reset Your Password" : "Forgot Password"}
        │ 								^^^^^^^^^^^^^^^^^^^^^^^
    119 │ 					</CardTitle>
    120 │ 				</CardHeader>
  
  i Nesting ternary expressions can make code more difficult to understand.
  
  i Convert nested ternary expression into if-else statements or separate the conditions to make the logic easier to understand.
  

apps/web/src/app/(auth)/forgot-password/page.tsx:122:28 lint/style/noNestedTernary ━━━━━━━━━━━━━━━━━

  × Do not nest ternary expressions.
  
    120 │ 				</CardHeader>
    121 │ 				<CardContent>
  > 122 │ 					{successfulCreation ? secondFactor ? (
        │ 					                      ^^^^^^^^^^^^^^^^
  > 123 │ 						<form onSubmit={completeReset} className="space-y-4">
         ...
  > 226 │ 						</form>
  > 227 │ 					) : (
        │ 					^
    228 │ 						<form onSubmit={create} className="space-y-4">
    229 │ 							<div className="space-y-2">
  
  i Nesting ternary expressions can make code more difficult to understand.
  
  i Convert nested ternary expression into if-else statements or separate the conditions to make the logic easier to understand.
  

apps/web/src/app/(auth)/forgot-password/page.tsx:57:5 lint/suspicious/noConsole  FIXABLE  ━━━━━━━━━━

  × Don't use console.
  
    55 │ 			})
    56 │ 			.catch((err) => {
  > 57 │ 				console.error("error", err.errors[0].longMessage);
       │ 				^^^^^^^^^^^^^
    58 │ 				setError(err.errors[0].longMessage);
    59 │ 			});
  
  i The use of console is often reserved for debugging.
  
  i Unsafe fix: Remove console.
  
     55  55 │   			})
     56  56 │   			.catch((err) => {
     57     │ - → → → → console.error("error",·err.errors[0].longMessage);
     58  57 │   				setError(err.errors[0].longMessage);
     59  58 │   			});
  

apps/web/src/app/(auth)/forgot-password/page.tsx:85:5 lint/suspicious/noConsole  FIXABLE  ━━━━━━━━━━

  × Don't use console.
  
    83 │ 			})
    84 │ 			.catch((err) => {
  > 85 │ 				console.error("error", err.errors[0].longMessage);
       │ 				^^^^^^^^^^^^^
    86 │ 				setError(err.errors[0].longMessage);
    87 │ 			});
  
  i The use of console is often reserved for debugging.
  
  i Unsafe fix: Remove console.
  
     83  83 │   			})
     84  84 │   			.catch((err) => {
     85     │ - → → → → console.error("error",·err.errors[0].longMessage);
     86  85 │   				setError(err.errors[0].longMessage);
     87  86 │   			});
  

apps/web/src/app/(auth)/forgot-password/page.tsx:105:5 lint/suspicious/noConsole  FIXABLE  ━━━━━━━━━━

  × Don't use console.
  
    103 │ 			})
    104 │ 			.catch((err) => {
  > 105 │ 				console.error("error", err.errors[0].longMessage);
        │ 				^^^^^^^^^^^^^
    106 │ 				setError(err.errors[0].longMessage);
    107 │ 			});
  
  i The use of console is often reserved for debugging.
  
  i Unsafe fix: Remove console.
  
    103 103 │   			})
    104 104 │   			.catch((err) => {
    105     │ - → → → → console.error("error",·err.errors[0].longMessage);
    106 105 │   				setError(err.errors[0].longMessage);
    107 106 │   			});
  

apps/web/src/app/(auth)/sign-in/[[...sign-in]]/page.tsx:50:30 lint/style/useConsistentCurlyBraces  FIXABLE  ━━━━━━━━━━

  × Should not have curly braces around expression.
  
    48 │ 							elements: authStyles,
    49 │ 						}}
  > 50 │ 						signUpForceRedirectUrl={"/welcome"}
       │ 						                       ^^^^^^^^^^^^
    51 │ 					/>
    52 │ 				</CardContent>
  
  i JSX attribute value does not need to be wrapped in curly braces.
  
  i Unsafe fix: Remove curly braces around the expression.
  
    50 │ → → → → → → signUpForceRedirectUrl={"/welcome"}
       │                                    -          -

apps/web/src/app/(auth)/sign-up/[[...sign-up]]/page.tsx:39:27 lint/style/useConsistentCurlyBraces  FIXABLE  ━━━━━━━━━━

  × Should not have curly braces around expression.
  
    37 │ 						}}
    38 │ 						signInForceRedirectUrl={"/"}
  > 39 │ 						fallbackRedirectUrl={"/welcome"}
       │ 						                    ^^^^^^^^^^^^
    40 │ 					/>
    41 │ 				</CardContent>
  
  i JSX attribute value does not need to be wrapped in curly braces.
  
  i Unsafe fix: Remove curly braces around the expression.
  
    39 │ → → → → → → fallbackRedirectUrl={"/welcome"}
       │                                 -          -

apps/web/src/app/(auth)/sign-up/[[...sign-up]]/page.tsx:38:30 lint/style/useConsistentCurlyBraces  FIXABLE  ━━━━━━━━━━

  × Should not have curly braces around expression.
  
    36 │ 							elements: authStyles,
    37 │ 						}}
  > 38 │ 						signInForceRedirectUrl={"/"}
       │ 						                       ^^^^^
    39 │ 						fallbackRedirectUrl={"/welcome"}
    40 │ 					/>
  
  i JSX attribute value does not need to be wrapped in curly braces.
  
  i Unsafe fix: Remove curly braces around the expression.
  
    38 │ → → → → → → signInForceRedirectUrl={"/"}
       │                                    -   -

apps/web/src/app/(auth)/welcome/page.tsx:29:4 lint/suspicious/noConsole  FIXABLE  ━━━━━━━━━━━━━━━━━━

  × Don't use console.
  
    27 │ 		},
    28 │ 		onError: (error) => {
  > 29 │ 			console.error("Error registering user", error);
       │ 			^^^^^^^^^^^^^
    30 │ 			toast.error("Error registering user");
    31 │ 		},
  
  i The use of console is often reserved for debugging.
  
  i Unsafe fix: Remove console.
  
     27  27 │   		},
     28  28 │   		onError: (error) => {
     29     │ - → → → console.error("Error·registering·user",·error);
     30  29 │   			toast.error("Error registering user");
     31  30 │   		},
  

apps/web/src/app/(auth)/welcome/page.tsx:45:5 lint/suspicious/noConsole  FIXABLE  ━━━━━━━━━━━━━━━━━━

  × Don't use console.
  
    43 │ 				});
    44 │ 			} else {
  > 45 │ 				console.error("Missing required user information");
       │ 				^^^^^^^^^^^^^
    46 │ 				// You might want to handle this case, perhaps by redirecting to a profile completion page
    47 │ 			}
  
  i The use of console is often reserved for debugging.
  
  i Unsafe fix: Remove console.
  
     43  43 │   				});
     44  44 │   			} else {
     45     │ - → → → → console.error("Missing·required·user·information");
     46  45 │   				// You might want to handle this case, perhaps by redirecting to a profile completion page
     47  46 │   			}
  

apps/web/src/app/(site)/AppLayoutWrapper.tsx lint/style/useFilenamingConvention ━━━━━━━━━━━━━━━━━━━━

  × The filename should be in camelCase or kebab-case or snake_case or equal to the name of an export.
  
  i The filename could be renamed to one of the following names:
    app-layout-wrapper.tsx
    appLayoutWrapper.tsx
    app_layout_wrapper.tsx
  

apps/web/src/app/(site)/[workspace]/(main)/WorkspaceLayoutWrapper.tsx:18:17 lint/performance/useTopLevelRegex ━━━━━━━━━━

  × This regex literal is not defined in the top level scope. This can lead to performance issues if this function is called frequently.
  
    17 │ 	const isValidViewPath = (value: string) => {
  > 18 │ 		const regex = /\/views\/.+$/;
       │ 		              ^^^^^^^^^^^^^^
    19 │ 		return regex.test(value);
    20 │ 	};
  
  i Move the regex literal outside of this scope, and place it at the top level of this module, as a constant.
  

apps/web/src/app/(site)/[workspace]/(main)/WorkspaceNotFoundPage/index.tsx:29:16 lint/style/useConsistentCurlyBraces  FIXABLE  ━━━━━━━━━━

  × Should not have curly braces around expression.
  
    27 │ 					type="button"
    28 │ 					onClick={() => setMenuOpen(!menuOpen)}
  > 29 │ 					className={
       │ 					          ^
  > 30 │ 						"h-20 w-1/7 cursor-pointer rounded border border-blueGlow bg-blueGlowLight px-5 text-2xl shadow-lg duration-200 hover:shadow-glow focus:shadow-xs focus:outline-hidden active:shadow-3xl dark:bg-blueButton"
  > 31 │ 					}
       │ 					^
    32 │ 				>
    33 │ 					Select Another Workspace
  
  i JSX attribute value does not need to be wrapped in curly braces.
  
  i Unsafe fix: Remove curly braces around the expression.
  
    27 27 │   					type="button"
    28 28 │   					onClick={() => setMenuOpen(!menuOpen)}
    29    │ - → → → → → className={
       29 │ + → → → → → className=
    30 30 │   						"h-20 w-1/7 cursor-pointer rounded border border-blueGlow bg-blueGlowLight px-5 text-2xl shadow-lg duration-200 hover:shadow-glow focus:shadow-xs focus:outline-hidden active:shadow-3xl dark:bg-blueButton"
    31    │ - → → → → → }
    32 31 │   				>
    33 32 │   					Select Another Workspace
  

apps/web/src/app/(site)/[workspace]/(main)/task/[taskIdentifier]/[taskName]/BlockedByTasks.tsx:48:18 lint/style/useConsistentCurlyBraces  FIXABLE  ━━━━━━━━━━

  × Should not have curly braces around expression.
  
    46 │ 						<li
    47 │ 							key={task.id}
  > 48 │ 							className={"transition-all duration-200 ease-in-out"}
       │ 							          ^^^^^^^^^^^^^^^^^^^^^^^^^^^^^^^^^^^^^^^^^^^
    49 │ 						>
    50 │ 							<ContextMenu>
  
  i JSX attribute value does not need to be wrapped in curly braces.
  
  i Unsafe fix: Remove curly braces around the expression.
  
    48 │ → → → → → → → className={"transition-all·duration-200·ease-in-out"}
       │                         -                                         -

apps/web/src/app/(site)/[workspace]/(main)/task/[taskIdentifier]/[taskName]/Subtasks.tsx:90:14 lint/nursery/noShadow ━━━━━━━━━━

  × This variable shadows another variable with the same name in the outer scope.
  
    88 │ 											index={index}
    89 │ 										>
  > 90 │ 											{(provided, snapshot) => (
       │ 											  ^^^^^^^^
    91 │ 												<li
    92 │ 													ref={provided.innerRef}
  
  i This is the shadowed variable, which is now inaccessible in the inner scope.
  
    74 │ 				<DragDropContext onDragEnd={(result) => onDragEnd(result)}>
    75 │ 					<Droppable droppableId="subtasks">
  > 76 │ 						{(provided) => (
       │ 						  ^^^^^^^^
    77 │ 							<ul
    78 │ 								{...provided.droppableProps}
  
  i Consider renaming this variable. It's easy to confuse the origin of variables if they share the same name.
  

apps/web/src/app/(site)/[workspace]/(main)/task/[taskIdentifier]/[taskName]/page.tsx:42:4 lint/suspicious/noConsole  FIXABLE  ━━━━━━━━━━

  × Don't use console.
  
    40 │ 		},
    41 │ 		onError: (error) => {
  > 42 │ 			console.error(error);
       │ 			^^^^^^^^^^^^^
    43 │ 			toast.error("Error updating task", {
    44 │ 				description: parseError(error),
  
  i The use of console is often reserved for debugging.
  
  i Unsafe fix: Remove console.
  
    40 40 │   		},
    41 41 │   		onError: (error) => {
    42    │ - → → → console.error(error);
    43 42 │   			toast.error("Error updating task", {
    44 43 │   				description: parseError(error),
  

apps/web/src/app/(site)/[workspace]/(main)/team/[identifier]/all/page.tsx:32:5 lint/style/useExplicitLengthCheck  FIXABLE  ━━━━━━━━━━

  × Use .length > 0 when checking .length is not zero.
  
    30 │ 			{view === "grid" &&
    31 │ 				!getGridOptions().showEmptyGroups &&
  > 32 │ 				getHiddenColumns().length >= 1 && (
       │ 				^^^^^^^^^^^^^^^^^^^^^^^^^^^^^^
    33 │ 					<div className="ml-auto">
    34 │ 						<HiddenColumns
  
  i Unsafe fix: Replace .length with .length > 0
  
    30 30 │   			{view === "grid" &&
    31 31 │   				!getGridOptions().showEmptyGroups &&
    32    │ - → → → → getHiddenColumns().length·>=·1·&&·(
       32 │ + → → → → getHiddenColumns().length·>·0&&·(
    33 33 │   					<div className="ml-auto">
    34 34 │   						<HiddenColumns
  

apps/web/src/app/(site)/[workspace]/(main)/team/[identifier]/sprints/[sprintId]/page.tsx:206:13 lint/nursery/noShadow ━━━━━━━━━━

  × This variable shadows another variable with the same name in the outer scope.
  
    204 │ 				.then((res: Response) => res.json());
    205 │ 		},
  > 206 │ 		onError: (error) => {
        │ 		          ^^^^^
    207 │ 			toast.error("Failed to end the sprint.", {
    208 │ 				description: parseError(error, "Unknown error"),
  
  i This is the shadowed variable, which is now inaccessible in the inner scope.
  
    56 │ 	const { sprintId } = useParams();
    57 │ 	const router = useRouter();
  > 58 │ 	const { sprints, team, organization, loading, error, sprintTasks } =
       │ 	                                              ^^^^^
    59 │ 		useSprints(parseParams(sprintId));
    60 │ 	const { tasks, setTasks } = useTaskStore((state) => state);
  
  i Consider renaming this variable. It's easy to confuse the origin of variables if they share the same name.
  

apps/web/src/app/(site)/[workspace]/(main)/team/[identifier]/sprints/[sprintId]/page.tsx:217:33 lint/suspicious/useAwait ━━━━━━━━━━

  × This async function lacks an await expression.
  
    215 │ 	});
    216 │ 
  > 217 │ 	const handleEndSprintConfirm = async () => {
        │ 	                               ^^^^^^^^^^^^^
  > 218 │ 		if (!(sprint && team)) return;
         ...
  > 224 │ 		}
  > 225 │ 	};
        │ 	^
    226 │ 
    227 │ 	const handleButtonClick = (nextSprint: boolean) => {
  
  i Remove this async modifier, or add an await expression in the function.
  
    215 │ 	});
    216 │ 
  > 217 │ 	const handleEndSprintConfirm = async () => {
        │ 	                               ^^^^^^^^^^^^^
  > 218 │ 		if (!(sprint && team)) return;
         ...
  > 224 │ 		}
  > 225 │ 	};
        │ 	^
    226 │ 
    227 │ 	const handleButtonClick = (nextSprint: boolean) => {
  
  i Async functions without await expressions may not need to be declared async.
  

apps/web/src/app/(site)/[workspace]/(main)/team/[identifier]/sprints/[sprintId]/page.tsx:184:13 lint/nursery/noShadow ━━━━━━━━━━

  × This variable shadows another variable with the same name in the outer scope.
  
    182 │ 				.then((res: Response) => res.json());
    183 │ 		},
  > 184 │ 		onError: (error) => {
        │ 		          ^^^^^
    185 │ 			toast.error("Failed to assign tasks to sprint", {
    186 │ 				description: parseError(error, "Unknown error"),
  
  i This is the shadowed variable, which is now inaccessible in the inner scope.
  
    56 │ 	const { sprintId } = useParams();
    57 │ 	const router = useRouter();
  > 58 │ 	const { sprints, team, organization, loading, error, sprintTasks } =
       │ 	                                              ^^^^^
    59 │ 		useSprints(parseParams(sprintId));
    60 │ 	const { tasks, setTasks } = useTaskStore((state) => state);
  
  i Consider renaming this variable. It's easy to confuse the origin of variables if they share the same name.
  

apps/web/src/app/(site)/[workspace]/(main)/team/[identifier]/sprints/[sprintId]/retrospective/page.tsx:62:21 lint/style/noProcessEnv ━━━━━━━━━━

  × Don't use process.env.
  
    61 │ 	useEffect(() => {
  > 62 │ 		const socketUrl = process.env.NEXT_PUBLIC_SERVER || "http://localhost:5173";
       │ 		                  ^^^^^^^^^^^
    63 │ 
    64 │ 		const newSocket = io(socketUrl, {
  
  i Use a centralized configuration file instead for better maintainability and deployment consistency.
  

apps/web/src/app/(site)/[workspace]/(main)/team/[identifier]/sprints/[sprintId]/retrospective/page.tsx:76:4 lint/suspicious/noConsole  FIXABLE  ━━━━━━━━━━

  × Don't use console.
  
    75 │ 		newSocket.on("connect_error", (error) => {
  > 76 │ 			console.error("Socket.IO connection error:", error);
       │ 			^^^^^^^^^^^^^
    77 │ 			toast.error("Connection error", {
    78 │ 				description:
  
  i The use of console is often reserved for debugging.
  
  i Unsafe fix: Remove console.
  
     74  74 │   
     75  75 │   		newSocket.on("connect_error", (error) => {
     76     │ - → → → console.error("Socket.IO·connection·error:",·error);
     77  76 │   			toast.error("Connection error", {
     78  77 │   				description:
  

apps/web/src/app/(site)/[workspace]/(main)/team/[identifier]/sprints/[sprintId]/retrospective/page.tsx:84:4 lint/suspicious/noConsole  FIXABLE  ━━━━━━━━━━

  × Don't use console.
  
    83 │ 		newSocket.on("disconnect", (reason) => {
  > 84 │ 			console.log("Disconnected from Socket.IO server:", reason);
       │ 			^^^^^^^^^^^
    85 │ 		});
    86 │ 
  
  i The use of console is often reserved for debugging.
  
  i Unsafe fix: Remove console.
  
     82  82 │   
     83  83 │   		newSocket.on("disconnect", (reason) => {
     84     │ - → → → console.log("Disconnected·from·Socket.IO·server:",·reason);
     85  84 │   		});
     86  85 │   
  

apps/web/src/app/(site)/[workspace]/(main)/team/[identifier]/sprints/[sprintId]/retrospective/page.tsx:199:5 lint/suspicious/noConsole  FIXABLE  ━━━━━━━━━━

  × Don't use console.
  
    197 │ 				toast.success("Item moved successfully");
    198 │ 			} catch (error) {
  > 199 │ 				console.error("Error moving item:", error);
        │ 				^^^^^^^^^^^^^
    200 │ 				toast.error("Failed to move item");
    201 │ 			}
  
  i The use of console is often reserved for debugging.
  
  i Unsafe fix: Remove console.
  
    197 197 │   				toast.success("Item moved successfully");
    198 198 │   			} catch (error) {
    199     │ - → → → → console.error("Error·moving·item:",·error);
    200 199 │   				toast.error("Failed to move item");
    201 200 │   			}
  

apps/web/src/app/(site)/[workspace]/(main)/team/[identifier]/sprints/current/page.tsx:54:6 lint/style/useExplicitLengthCheck  FIXABLE  ━━━━━━━━━━

  × Use .length > 0 when checking .length is not zero.
  
    52 │ 				{view === "grid" &&
    53 │ 					!getGridOptions().showEmptyGroups &&
  > 54 │ 					getHiddenColumns().length >= 1 && (
       │ 					^^^^^^^^^^^^^^^^^^^^^^^^^^^^^^
    55 │ 						<div className="ml-auto">
    56 │ 							<HiddenColumns
  
  i Unsafe fix: Replace .length with .length > 0
  
    52 52 │   				{view === "grid" &&
    53 53 │   					!getGridOptions().showEmptyGroups &&
    54    │ - → → → → → getHiddenColumns().length·>=·1·&&·(
       54 │ + → → → → → getHiddenColumns().length·>·0&&·(
    55 55 │   						<div className="ml-auto">
    56 56 │   							<HiddenColumns
  

apps/web/src/app/(site)/[workspace]/(main)/team/[identifier]/sprints/page.tsx:83:37 lint/nursery/noShadow ━━━━━━━━━━

  × This variable shadows another variable with the same name in the outer scope.
  
    81 │ 	useEffect(() => {
    82 │ 		if (sprints.length > 0) {
  > 83 │ 			const upcoming = sprints.filter((sprint) => sprint.status === "PLANNED");
       │ 			                                 ^^^^^^
    84 │ 			const completed = sprints.filter(
    85 │ 				(sprint) => sprint.status === "COMPLETED",
  
  i This is the shadowed variable, which is now inaccessible in the inner scope.
  
    53 │ } from "recharts";
    54 │ export default function SprintDashboard() {
  > 55 │ 	const { sprints, sprint, team: currentTeam } = useSprints();
       │ 	                 ^^^^^^
    56 │ 	const { tasks, setTasks } = useTaskStore((state) => state);
    57 │ 	const [upcomingSprints, setUpcomingSprints] = useState<Sprint[]>([]);
  
  i Consider renaming this variable. It's easy to confuse the origin of variables if they share the same name.
  

apps/web/src/app/(site)/[workspace]/(main)/team/[identifier]/sprints/page.tsx:85:6 lint/nursery/noShadow ━━━━━━━━━━

  × This variable shadows another variable with the same name in the outer scope.
  
    83 │ 			const upcoming = sprints.filter((sprint) => sprint.status === "PLANNED");
    84 │ 			const completed = sprints.filter(
  > 85 │ 				(sprint) => sprint.status === "COMPLETED",
       │ 				 ^^^^^^
    86 │ 			);
    87 │ 
  
  i This is the shadowed variable, which is now inaccessible in the inner scope.
  
    53 │ } from "recharts";
    54 │ export default function SprintDashboard() {
  > 55 │ 	const { sprints, sprint, team: currentTeam } = useSprints();
       │ 	                 ^^^^^^
    56 │ 	const { tasks, setTasks } = useTaskStore((state) => state);
    57 │ 	const [upcomingSprints, setUpcomingSprints] = useState<Sprint[]>([]);
  
  i Consider renaming this variable. It's easy to confuse the origin of variables if they share the same name.
  

apps/web/src/app/(site)/[workspace]/(main)/team/[identifier]/sprints/page.tsx:99:4 lint/nursery/noShadow ━━━━━━━━━━

  × This variable shadows another variable with the same name in the outer scope.
  
     98 │ 	const calculateProgress = useCallback(
   > 99 │ 		(sprint: Sprint) => {
        │ 		 ^^^^^^
    100 │ 			const sprintTasks = tasks.filter((task) => task.sprintId === sprint.id);
    101 │ 			const completedTasks = sprintTasks.filter(
  
  i This is the shadowed variable, which is now inaccessible in the inner scope.
  
    53 │ } from "recharts";
    54 │ export default function SprintDashboard() {
  > 55 │ 	const { sprints, sprint, team: currentTeam } = useSprints();
       │ 	                 ^^^^^^
    56 │ 	const { tasks, setTasks } = useTaskStore((state) => state);
    57 │ 	const [upcomingSprints, setUpcomingSprints] = useState<Sprint[]>([]);
  
  i Consider renaming this variable. It's easy to confuse the origin of variables if they share the same name.
  

apps/web/src/app/(site)/[workspace]/(main)/team/[identifier]/sprints/page.tsx:174:61 lint/nursery/noShadow ━━━━━━━━━━

  × This variable shadows another variable with the same name in the outer scope.
  
    172 │ 	const getVelocity = useCallback(() => {
    173 │ 		if (completedSprints.length === 0) return 0;
  > 174 │ 		const totalCompletedTasks = completedSprints.reduce((sum, sprint) => {
        │ 		                                                          ^^^^^^
    175 │ 			return (
    176 │ 				sum +
  
  i This is the shadowed variable, which is now inaccessible in the inner scope.
  
    53 │ } from "recharts";
    54 │ export default function SprintDashboard() {
  > 55 │ 	const { sprints, sprint, team: currentTeam } = useSprints();
       │ 	                 ^^^^^^
    56 │ 	const { tasks, setTasks } = useTaskStore((state) => state);
    57 │ 	const [upcomingSprints, setUpcomingSprints] = useState<Sprint[]>([]);
  
  i Consider renaming this variable. It's easy to confuse the origin of variables if they share the same name.
  

apps/web/src/app/(site)/[workspace]/(main)/team/[identifier]/views/[filterId]/page.tsx:85:6 lint/style/useExplicitLengthCheck  FIXABLE  ━━━━━━━━━━

  × Use .length > 0 when checking .length is not zero.
  
    83 │ 				{view === "grid" &&
    84 │ 					!getGridOptions().showEmptyGroups &&
  > 85 │ 					getHiddenColumns().length >= 1 && (
       │ 					^^^^^^^^^^^^^^^^^^^^^^^^^^^^^^
    86 │ 						<div className="ml-auto">
    87 │ 							<HiddenColumns
  
  i Unsafe fix: Replace .length with .length > 0
  
     83  83 │   				{view === "grid" &&
     84  84 │   					!getGridOptions().showEmptyGroups &&
     85     │ - → → → → → getHiddenColumns().length·>=·1·&&·(
         85 │ + → → → → → getHiddenColumns().length·>·0&&·(
     86  86 │   						<div className="ml-auto">
     87  87 │   							<HiddenColumns
  

apps/web/src/app/(site)/[workspace]/(settings)/settings/(account)/connections/page.tsx:81:5 lint/nursery/noShadow ━━━━━━━━━━

  × This variable shadows another variable with the same name in the outer scope.
  
    79 │ 	const getAccountDetails = (provider: "google" | "github"): string => {
    80 │ 		const account = user.externalAccounts.find(
  > 81 │ 			(account) => account.provider === provider,
       │ 			 ^^^^^^^
    82 │ 		);
    83 │ 		let returnValue: string | undefined = "";
  
  i This is the shadowed variable, which is now inaccessible in the inner scope.
  
    79 │ 	const getAccountDetails = (provider: "google" | "github"): string => {
  > 80 │ 		const account = user.externalAccounts.find(
       │ 		      ^^^^^^^
    81 │ 			(account) => account.provider === provider,
    82 │ 		);
  
  i Consider renaming this variable. It's easy to confuse the origin of variables if they share the same name.
  

apps/web/src/app/(site)/[workspace]/(settings)/settings/(account)/profile/page.tsx:23:8 lint/performance/noNamespaceImport ━━━━━━━━━━

  × Avoid namespace imports, it can prevent efficient tree shaking and increase bundle size.
  
    21 │ import { useEffect, useState } from "react";
    22 │ import { useForm } from "react-hook-form";
  > 23 │ import * as z from "zod";
       │        ^^^^^^^^^^^^^^^^^
    24 │ 
    25 │ const formSchema = z.object({
  
  i Use named imports instead.
  

apps/web/src/app/(site)/[workspace]/(settings)/settings/(team)/new-team/page.tsx:33:8 lint/performance/noNamespaceImport ━━━━━━━━━━

  × Avoid namespace imports, it can prevent efficient tree shaking and increase bundle size.
  
    31 │ import { useEffect } from "react";
    32 │ import { useForm } from "react-hook-form";
  > 33 │ import * as z from "zod";
       │        ^^^^^^^^^^^^^^^^^
    34 │ 
    35 │ const formSchema = z.object({
  
  i Use named imports instead.
  

apps/web/src/app/(site)/[workspace]/(settings)/settings/(team)/new-team/page.tsx:165:20 lint/performance/useTopLevelRegex ━━━━━━━━━━

  × This regex literal is not defined in the top level scope. This can lead to performance issues if this function is called frequently.
  
    163 │ 														onChange={(e) => {
    164 │ 															const value = e.target.value.toUpperCase();
  > 165 │ 															if (/^[A-Z0-9]*$/.test(value)) {
        │ 															    ^^^^^^^^^^^^^
    166 │ 																field.onChange(value);
    167 │ 															}
  
  i Move the regex literal outside of this scope, and place it at the top level of this module, as a constant.
  

apps/web/src/app/(site)/[workspace]/(settings)/settings/(team)/new-team/page.tsx:77:12 lint/nursery/noShadow ━━━━━━━━━━

  × This variable shadows another variable with the same name in the outer scope.
  
    75 │ 					identifier: values.teamIdentifier.toUpperCase(),
    76 │ 				})
  > 77 │ 				.then((res) => res.json());
       │ 				       ^^^
    78 │ 
    79 │ 			if (!res) throw new Error("Failed to create team");
  
  i This is the shadowed variable, which is now inaccessible in the inner scope.
  
    70 │ 				throw new Error("Workspace not found");
    71 │ 			}
  > 72 │ 			const res = await client.team.createTeam
       │ 			      ^^^
    73 │ 				.$post({
    74 │ 					name: values.teamName.trim(),
  
  i Consider renaming this variable. It's easy to confuse the origin of variables if they share the same name.
  

apps/web/src/app/(site)/[workspace]/(settings)/settings/(team)/teams/[identifier]/overview/page.tsx:42:8 lint/performance/noNamespaceImport ━━━━━━━━━━

  × Avoid namespace imports, it can prevent efficient tree shaking and increase bundle size.
  
    40 │ import { useEffect, useState } from "react";
    41 │ import { useForm } from "react-hook-form";
  > 42 │ import * as z from "zod";
       │        ^^^^^^^^^^^^^^^^^
    43 │ import SquaredLoader from "@/components/Loaders/SquaredLoader";
    44 │ import { useTeams } from "@/hooks/useTeams";
  
  i Use named imports instead.
  

apps/web/src/app/(site)/[workspace]/(settings)/settings/(team)/teams/[identifier]/overview/page.tsx:102:3 lint/style/useDefaultSwitchClause ━━━━━━━━━━

  × Expected a default switch clause.
  
    101 │ 	useEffect(() => {
  > 102 │ 		switch (team?.effort) {
        │ 		^^^^^^^^^^^^^^^^^^^^^^^
  > 103 │ 			case "LINEAR":
         ...
  > 111 │ 				break;
  > 112 │ 		}
        │ 		^
    113 │ 	}, []);
    114 │ 
  
  i The lack of a default clause can be a possible omission.
  
  i Consider adding a default clause.
  

apps/web/src/app/(site)/[workspace]/(settings)/settings/(team)/teams/[identifier]/sprints/page.tsx:278:20 lint/style/useConsistentCurlyBraces  FIXABLE  ━━━━━━━━━━

  × Should not have curly braces around expression.
  
    276 │ 									<PopoverTrigger asChild={true}>
    277 │ 										<Button
  > 278 │ 											variant={"secondary"}
        │ 											        ^^^^^^^^^^^^^
    279 │ 											className={cn(
    280 │ 												"w-60 justify-start pr-3 text-left font-normal",
  
  i JSX attribute value does not need to be wrapped in curly braces.
  
  i Unsafe fix: Remove curly braces around the expression.
  
    278 │ → → → → → → → → → → → variant={"secondary"}
        │                               -           -

apps/web/src/app/(site)/[workspace]/(settings)/settings/(team)/teams/[identifier]/sprints/page.tsx:107:14 lint/suspicious/useAwait ━━━━━━━━━━

  × This async function lacks an await expression.
  
    105 │ 			return updatedTeam;
    106 │ 		},
  > 107 │ 		onSuccess: async (updatedTeam) => {
        │ 		           ^^^^^^^^^^^^^^^^^^^^^^^^
  > 108 │ 			if (!updatedTeam) return;
         ...
  > 112 │ 			refetchSprints();
  > 113 │ 		},
        │ 		^
    114 │ 		onError: (error) => {
    115 │ 			toast.error("Error updating team sprints", {
  
  i Remove this async modifier, or add an await expression in the function.
  
    105 │ 			return updatedTeam;
    106 │ 		},
  > 107 │ 		onSuccess: async (updatedTeam) => {
        │ 		           ^^^^^^^^^^^^^^^^^^^^^^^^
  > 108 │ 			if (!updatedTeam) return;
         ...
  > 112 │ 			refetchSprints();
  > 113 │ 		},
        │ 		^
    114 │ 		onError: (error) => {
    115 │ 			toast.error("Error updating team sprints", {
  
  i Async functions without await expressions may not need to be declared async.
  

apps/web/src/app/(site)/[workspace]/(settings)/settings/(team)/teams/[identifier]/sprints/page.tsx:129:14 lint/suspicious/useAwait ━━━━━━━━━━

  × This async function lacks an await expression.
  
    127 │ 				.then((res) => res.json());
    128 │ 		},
  > 129 │ 		onSuccess: async () => {
        │ 		           ^^^^^^^^^^^^^
  > 130 │ 			toast.success("Active tasks added to sprint", {
  > 131 │ 				description:
  > 132 │ 					"The tasks have been successfully added to the current sprint.",
  > 133 │ 			});
  > 134 │ 		},
        │ 		^
    135 │ 		onError: (error) => {
    136 │ 			toast.error("Error adding active tasks to sprint", {
  
  i Remove this async modifier, or add an await expression in the function.
  
    127 │ 				.then((res) => res.json());
    128 │ 		},
  > 129 │ 		onSuccess: async () => {
        │ 		           ^^^^^^^^^^^^^
  > 130 │ 			toast.success("Active tasks added to sprint", {
  > 131 │ 				description:
  > 132 │ 					"The tasks have been successfully added to the current sprint.",
  > 133 │ 			});
  > 134 │ 		},
        │ 		^
    135 │ 		onError: (error) => {
    136 │ 			toast.error("Error adding active tasks to sprint", {
  
  i Async functions without await expressions may not need to be declared async.
  

apps/web/src/app/(site)/[workspace]/(settings)/settings/(workspace)/integrations/github/page.tsx:46:6 lint/style/noProcessEnv ━━━━━━━━━━

  × Don't use process.env.
  
    45 │ 	const callbackUrl = encodeURIComponent(
  > 46 │ 		`${process.env.NEXT_PUBLIC_URL}/api/callback/github`,
       │ 		   ^^^^^^^^^^^
    47 │ 	);
    48 │ 
  
  i Use a centralized configuration file instead for better maintainability and deployment consistency.
  

apps/web/src/app/(site)/[workspace]/(settings)/settings/(workspace)/integrations/github/page.tsx:103:29 lint/suspicious/noConsole  FIXABLE  ━━━━━━━━━━

  × Don't use console.
  
    101 │ 											<DropdownMenuItem
    102 │ 												disabled={clerkHasNoPermission}
  > 103 │ 												onSelect={() => console.log("Configure")}
        │ 												                ^^^^^^^^^^^
    104 │ 											>
    105 │ 												Configure
  
  i The use of console is often reserved for debugging.
  
  i Unsafe fix: Remove console.
  
    101 101 │   											<DropdownMenuItem
    102 102 │   												disabled={clerkHasNoPermission}
    103     │ - → → → → → → → → → → → → onSelect={()·=>·console.log("Configure")}
        103 │ + → → → → → → → → → → → → onSelect={()·=>·{}}
    104 104 │   											>
    105 105 │   												Configure
  

apps/web/src/app/(site)/[workspace]/(settings)/settings/(workspace)/integrations/github/page.tsx:109:29 lint/suspicious/noConsole  FIXABLE  ━━━━━━━━━━

  × Don't use console.
  
    107 │ 											<DropdownMenuItem
    108 │ 												disabled={clerkHasNoPermission}
  > 109 │ 												onSelect={() => console.log("Disconnect")}
        │ 												                ^^^^^^^^^^^
    110 │ 											>
    111 │ 												Disconnect
  
  i The use of console is often reserved for debugging.
  
  i Unsafe fix: Remove console.
  
    107 107 │   											<DropdownMenuItem
    108 108 │   												disabled={clerkHasNoPermission}
    109     │ - → → → → → → → → → → → → onSelect={()·=>·console.log("Disconnect")}
        109 │ + → → → → → → → → → → → → onSelect={()·=>·{}}
    110 110 │   											>
    111 111 │   												Disconnect
  

apps/web/src/app/(site)/[workspace]/(settings)/settings/(workspace)/page.tsx:46:8 lint/performance/noNamespaceImport ━━━━━━━━━━

  × Avoid namespace imports, it can prevent efficient tree shaking and increase bundle size.
  
    44 │ import { useEffect, useState } from "react";
    45 │ import { useForm } from "react-hook-form";
  > 46 │ import * as z from "zod";
       │        ^^^^^^^^^^^^^^^^^
    47 │ 
    48 │ const formSchema = z.object({
  
  i Use named imports instead.
  

apps/web/src/app/(site)/[workspace]/(settings)/settings/(workspace)/page.tsx:328:38 lint/performance/useTopLevelRegex ━━━━━━━━━━

  × This regex literal is not defined in the top level scope. This can lead to performance issues if this function is called frequently.
  
    326 │ 																				key={page}
    327 │ 																				value={page}
  > 328 │ 																			>{`${page.replace(/^./, (char) => char.toUpperCase())} Tasks`}</SelectItem>
        │ 																			                  ^^^^
    329 │ 																		);
    330 │ 																	})}
  
  i Move the regex literal outside of this scope, and place it at the top level of this module, as a constant.
  

apps/web/src/app/(site)/[workspace]/(settings)/settings/(workspace)/page.tsx:341:40 lint/performance/useTopLevelRegex ━━━━━━━━━━

  × This regex literal is not defined in the top level scope. This can lead to performance issues if this function is called frequently.
  
    339 │ 													<div className="w-[180px] rounded-md border border-input px-3 py-2">
    340 │ 														<p>
  > 341 │ 															{defaultSelect?.replace(/^./, (char) =>
        │ 															                        ^^^^
    342 │ 																char.toUpperCase(),
    343 │ 															)}{" "}
  
  i Move the regex literal outside of this scope, and place it at the top level of this module, as a constant.
  

apps/web/src/app/(site)/create/page.tsx:99:23 lint/suspicious/useAwait ━━━━━━━━━━━━━━━━━━━━━━━━━━━━━

  × This async function lacks an await expression.
  
     97 │ 	};
     98 │ 
   > 99 │ 	const handleSubmit = async (e: React.FormEvent<HTMLFormElement>) => {
        │ 	                     ^^^^^^^^^^^^^^^^^^^^^^^^^^^^^^^^^^^^^^^^^^^^^^^^
  > 100 │ 		e.preventDefault();
         ...
  > 129 │ 		createWorkspaceMutation.mutate(newWorkspaceInput);
  > 130 │ 	};
        │ 	^
    131 │ 
    132 │ 	if (isWorkspacesLoading || !isLoaded) {
  
  i Remove this async modifier, or add an await expression in the function.
  
     97 │ 	};
     98 │ 
   > 99 │ 	const handleSubmit = async (e: React.FormEvent<HTMLFormElement>) => {
        │ 	                     ^^^^^^^^^^^^^^^^^^^^^^^^^^^^^^^^^^^^^^^^^^^^^^^^
  > 100 │ 		e.preventDefault();
         ...
  > 129 │ 		createWorkspaceMutation.mutate(newWorkspaceInput);
  > 130 │ 	};
        │ 	^
    131 │ 
    132 │ 	if (isWorkspacesLoading || !isLoaded) {
  
  i Async functions without await expressions may not need to be declared async.
  

apps/web/src/app/(site)/create/page.tsx:43:13 lint/nursery/noShadow ━━━━━━━━━━━━━━━━━━━━━━━━━━━━━━━━

  × This variable shadows another variable with the same name in the outer scope.
  
    41 │ 				const res = await client.workspace.getTakenUrls
    42 │ 					.$get()
  > 43 │ 					.then((res) => res.json());
       │ 					       ^^^
    44 │ 				return res;
    45 │ 			},
  
  i This is the shadowed variable, which is now inaccessible in the inner scope.
  
    39 │ 			queryKey: ["workspaces", user?.id],
    40 │ 			queryFn: async () => {
  > 41 │ 				const res = await client.workspace.getTakenUrls
       │ 				      ^^^
    42 │ 					.$get()
    43 │ 					.then((res) => res.json());
  
  i Consider renaming this variable. It's easy to confuse the origin of variables if they share the same name.
  

apps/web/src/app/(site)/inbox/page.tsx:40:20 lint/nursery/noShadow ━━━━━━━━━━━━━━━━━━━━━━━━━━━━━━━━━

  × This variable shadows another variable with the same name in the outer scope.
  
    38 │ 		queryFn: async () => {
    39 │ 			if (!organization) throw new Error("No workspace found");
  > 40 │ 			const [avatars, notifications] = await Promise.all([
       │ 			                ^^^^^^^^^^^^^
    41 │ 				client.user.getWorkspaceAvatars.$get().then((res) => res.json()),
    42 │ 				client.notification.getNotifications.$get().then((res) => res.json()),
  
  i This is the shadowed variable, which is now inaccessible in the inner scope.
  
    25 │ export default function InboxPage() {
  > 26 │ 	const { notifications, setNotifications } = useEventStore((state) => state);
       │ 	        ^^^^^^^^^^^^^
    27 │ 	const { organization } = useOrganization();
    28 │ 	const [filterType, setFilterType] = useState<NotificationFilter>("INBOX");
  
  i Consider renaming this variable. It's easy to confuse the origin of variables if they share the same name.
  

apps/web/src/components/DisplaySettings/index.tsx:66:23 lint/style/useNamingConvention ━━━━━━━━━━━━━

  × This type parameter name should be in PascalCase.
  
    64 │ 	useEffect(() => {
    65 │ 		if (groupTasksBy === taskOrder.orderBy) {
  > 66 │ 			const orderMap: { [key in "Priority" | "Status" | "Assignee"]: string } =
       │ 			                   ^^^
    67 │ 				{
    68 │ 					Priority: "Status",
  

apps/web/src/components/DisplaySettings/index.tsx:68:6 lint/style/useNamingConvention ━━━━━━━━━━━━━━

  × This object property name should be in camelCase.
  
    66 │ 			const orderMap: { [key in "Priority" | "Status" | "Assignee"]: string } =
    67 │ 				{
  > 68 │ 					Priority: "Status",
       │ 					^^^^^^^^
    69 │ 					Status: "Priority",
    70 │ 					Assignee: "Status",
  

apps/web/src/components/DisplaySettings/index.tsx:69:6 lint/style/useNamingConvention ━━━━━━━━━━━━━━

  × This object property name should be in camelCase.
  
    67 │ 				{
    68 │ 					Priority: "Status",
  > 69 │ 					Status: "Priority",
       │ 					^^^^^^
    70 │ 					Assignee: "Status",
    71 │ 				};
  

apps/web/src/components/DisplaySettings/index.tsx:70:6 lint/style/useNamingConvention ━━━━━━━━━━━━━━

  × This object property name should be in camelCase.
  
    68 │ 					Priority: "Status",
    69 │ 					Status: "Priority",
  > 70 │ 					Assignee: "Status",
       │ 					^^^^^^^^
    71 │ 				};
    72 │ 			setDisplayOptions({
  

apps/web/src/components/DisplaySettings/index.tsx:85:6 lint/style/noNestedTernary ━━━━━━━━━━━━━━━━━━

  × Do not nest ternary expressions.
  
    83 │ 	const tooltipContent = (): string => {
    84 │ 		return ["Title", "Status", "Assignee"].includes(taskOrder.orderBy)
  > 85 │ 			? taskOrder.orderAscending
       │ 			  ^^^^^^^^^^^^^^^^^^^^^^^^
  > 86 │ 				? "A-Z"
  > 87 │ 				: "Z-A"
       │ 				^^^^^^^
    88 │ 			: ["Priority", "Effort"].includes(taskOrder.orderBy)
    89 │ 				? taskOrder.orderAscending
  
  i Nesting ternary expressions can make code more difficult to understand.
  
  i Convert nested ternary expression into if-else statements or separate the conditions to make the logic easier to understand.
  

apps/web/src/components/DisplaySettings/index.tsx:89:7 lint/style/noNestedTernary ━━━━━━━━━━━━━━━━━━

  × Do not nest ternary expressions.
  
    87 │ 				: "Z-A"
    88 │ 			: ["Priority", "Effort"].includes(taskOrder.orderBy)
  > 89 │ 				? taskOrder.orderAscending
       │ 				  ^^^^^^^^^^^^^^^^^^^^^^^^
  > 90 │ 					? "Ascending"
  > 91 │ 					: "Descending"
       │ 					^^^^^^^^^^^^^^
    92 │ 				: ["Due Date", "Updated", "Created"].includes(taskOrder.orderBy)
    93 │ 					? taskOrder.orderAscending
  
  i Nesting ternary expressions can make code more difficult to understand.
  
  i Convert nested ternary expression into if-else statements or separate the conditions to make the logic easier to understand.
  

apps/web/src/components/DisplaySettings/index.tsx:93:8 lint/style/noNestedTernary ━━━━━━━━━━━━━━━━━━

  × Do not nest ternary expressions.
  
    91 │ 					: "Descending"
    92 │ 				: ["Due Date", "Updated", "Created"].includes(taskOrder.orderBy)
  > 93 │ 					? taskOrder.orderAscending
       │ 					  ^^^^^^^^^^^^^^^^^^^^^^^^
  > 94 │ 						? "Oldest first"
  > 95 │ 						: "Newest first"
       │ 						^^^^^^^^^^^^^^^^
    96 │ 					: "";
    97 │ 	};
  
  i Nesting ternary expressions can make code more difficult to understand.
  
  i Convert nested ternary expression into if-else statements or separate the conditions to make the logic easier to understand.
  

apps/web/src/components/DisplaySettings/index.tsx:102:13 lint/performance/useTopLevelRegex ━━━━━━━━━━

  × This regex literal is not defined in the top level scope. This can lead to performance issues if this function is called frequently.
  
    100 │ 		return str
    101 │ 			.replace(/([A-Z])/g, " $1")
  > 102 │ 			.replace(/^./, (char) => char.toUpperCase());
        │ 			         ^^^^
    103 │ 	};
    104 │ 
  
  i Move the regex literal outside of this scope, and place it at the top level of this module, as a constant.
  

apps/web/src/components/FilterDropdowns/AssigneeFilter.tsx lint/style/useFilenamingConvention ━━━━━━━━━━

  × The filename should be in camelCase or kebab-case or snake_case or equal to the name of an export.
  
  i The filename could be renamed to one of the following names:
    assignee-filter.tsx
    assigneeFilter.tsx
    assignee_filter.tsx
  

apps/web/src/components/FilterDropdowns/DueDateFilter.tsx lint/style/useFilenamingConvention ━━━━━━━━━━

  × The filename should be in camelCase or kebab-case or snake_case or equal to the name of an export.
  
  i The filename could be renamed to one of the following names:
    due-date-filter.tsx
    dueDateFilter.tsx
    due_date_filter.tsx
  

apps/web/src/components/FilterDropdowns/EffortFilter.tsx lint/style/useFilenamingConvention ━━━━━━━━━━

  × The filename should be in camelCase or kebab-case or snake_case or equal to the name of an export.
  
  i The filename could be renamed to one of the following names:
    effort-filter.tsx
    effortFilter.tsx
    effort_filter.tsx
  

apps/web/src/components/FilterDropdowns/LabelFilter.tsx lint/style/useFilenamingConvention ━━━━━━━━━━

  × The filename should be in camelCase or kebab-case or snake_case or equal to the name of an export.
  
  i The filename could be renamed to one of the following names:
    label-filter.tsx
    labelFilter.tsx
    label_filter.tsx
  

apps/web/src/components/FilterDropdowns/PriorityFilter.tsx lint/style/useFilenamingConvention ━━━━━━━━━━

  × The filename should be in camelCase or kebab-case or snake_case or equal to the name of an export.
  
  i The filename could be renamed to one of the following names:
    priority-filter.tsx
    priorityFilter.tsx
    priority_filter.tsx
  

apps/web/src/components/FilterDropdowns/SaveFilterForm.tsx:33:8 lint/performance/noNamespaceImport ━━━━━━━━━━

  × Avoid namespace imports, it can prevent efficient tree shaking and increase bundle size.
  
    31 │ import { useEffect, useState } from "react";
    32 │ import { useForm } from "react-hook-form";
  > 33 │ import * as z from "zod";
       │        ^^^^^^^^^^^^^^^^^
    34 │ 
    35 │ const formSchema = z.object({
  
  i Use named imports instead.
  

apps/web/src/components/FilterDropdowns/StatusFilter.tsx lint/style/useFilenamingConvention ━━━━━━━━━━

  × The filename should be in camelCase or kebab-case or snake_case or equal to the name of an export.
  
  i The filename could be renamed to one of the following names:
    status-filter.tsx
    statusFilter.tsx
    status_filter.tsx
  

apps/web/src/components/FilterDropdowns/index.tsx:41:31 lint/style/useConsistentCurlyBraces  FIXABLE  ━━━━━━━━━━

  × Should not have curly braces around expression.
  
    39 │ 		id: 2,
    40 │ 		name: "Priority",
  > 41 │ 		svg: <PriorityIcon priority={"urgent"} />,
       │ 		                            ^^^^^^^^^^
    42 │ 		group: "Priority",
    43 │ 		menuContent: (filterOption) => (
  
  i JSX attribute value does not need to be wrapped in curly braces.
  
  i Unsafe fix: Remove curly braces around the expression.
  
    41 │ → → svg:·<PriorityIcon·priority={"urgent"}·/>,
       │                                 -        -    

apps/web/src/components/Inbox/InboxDataTable.tsx:400:8 lint/style/useExplicitLengthCheck  FIXABLE  ━━━━━━━━━━

  × Use .length > 0 when checking .length is not zero.
  
    398 │ 					</TableHeader>
    399 │ 					<TableBody>
  > 400 │ 						{table.getRowModel().rows?.length ? (
        │ 						 ^^^^^^^^^^^^^^^^^^^^^^^^^^^^^^^^
    401 │ 							table.getRowModel().rows.map((row) => (
    402 │ 								<TableRow
  
  i Unsafe fix: Replace .length with .length > 0
  
    400 │ → → → → → → {table.getRowModel().rows?.length·>·0?·(
        │                                               +++   

apps/web/src/components/Inbox/columns.tsx:76:16 lint/suspicious/useAwait ━━━━━━━━━━━━━━━━━━━━━━━━━━━

  × This async function lacks an await expression.
  
    74 │ 					});
    75 │ 				},
  > 76 │ 				onSuccess: async () => {
       │ 				           ^^^^^^^^^^^^^
  > 77 │ 					router.push(
  > 78 │ 						`/${workspaceUrl}/task/${taskIdentifier}/${formatUrl(taskName)}`,
  > 79 │ 					);
  > 80 │ 				},
       │ 				^
    81 │ 			});
    82 │ 
  
  i Remove this async modifier, or add an await expression in the function.
  
    74 │ 					});
    75 │ 				},
  > 76 │ 				onSuccess: async () => {
       │ 				           ^^^^^^^^^^^^^
  > 77 │ 					router.push(
  > 78 │ 						`/${workspaceUrl}/task/${taskIdentifier}/${formatUrl(taskName)}`,
  > 79 │ 					);
  > 80 │ 				},
       │ 				^
    81 │ 			});
    82 │ 
  
  i Async functions without await expressions may not need to be declared async.
  

apps/web/src/components/Inbox/columns.tsx:28:19 lint/style/useNamingConvention ━━━━━━━━━━━━━━━━━━━━━

  × This property name should be in camelCase.
  
    27 │ export const columns: ColumnDef<
  > 28 │ 	Notification & { Task: Task; Workspace: Workspace }
       │ 	                 ^^^^
    29 │ >[] = [
    30 │ 	{
  

apps/web/src/components/Inbox/columns.tsx:28:31 lint/style/useNamingConvention ━━━━━━━━━━━━━━━━━━━━━

  × This property name should be in camelCase.
  
    27 │ export const columns: ColumnDef<
  > 28 │ 	Notification & { Task: Task; Workspace: Workspace }
       │ 	                             ^^^^^^^^^
    29 │ >[] = [
    30 │ 	{
  

apps/web/src/components/Inbox/index.ts:2:8 lint/performance/noReExportAll ━━━━━━━━━━━━━━━━━━━━━━━━━━

  × Do not use export all ( export * from ... ).
  
    1 │ export * from "./InboxDataTable";
  > 2 │ export * from "./InboxSidebar";
      │        ^^^^^^^^^^^^^^^^^^^^^^^^
    3 │ export { MobileInboxSwitcher } from "./MobileInboxSwitcher";
    4 │ 
  
  i Use named export instead.
  

apps/web/src/components/Inbox/index.ts:1:8 lint/performance/noReExportAll ━━━━━━━━━━━━━━━━━━━━━━━━━━

  × Do not use export all ( export * from ... ).
  
  > 1 │ export * from "./InboxDataTable";
      │        ^^^^^^^^^^^^^^^^^^^^^^^^^^
    2 │ export * from "./InboxSidebar";
    3 │ export { MobileInboxSwitcher } from "./MobileInboxSwitcher";
  
  i Use named export instead.
  

apps/web/src/components/Modals/InviteModal.tsx:174:16 lint/style/noProcessEnv ━━━━━━━━━━━━━━━━━━━━━━

  × Don't use process.env.
  
    172 │ 								<p>
    173 │ 									{link
  > 174 │ 										? `${process.env.NEXT_PUBLIC_URL}/${organization?.slug}/join?token=${link}`
        │ 										     ^^^^^^^^^^^
    175 │ 										: "Create Invite Link"}
    176 │ 								</p>
  
  i Use a centralized configuration file instead for better maintainability and deployment consistency.
  

apps/web/src/components/Modals/InviteModal.tsx:83:18 lint/style/noProcessEnv ━━━━━━━━━━━━━━━━━━━━━━━

  × Don't use process.env.
  
    82 │ 	const handleCopy = async () => {
  > 83 │ 		const url = `${process.env.NEXT_PUBLIC_URL}/${organization?.name}/join?token=${link}`;
       │ 		               ^^^^^^^^^^^
    84 │ 		try {
    85 │ 			await window.navigator.clipboard.writeText(url);
  
  i Use a centralized configuration file instead for better maintainability and deployment consistency.
  

apps/web/src/components/Modals/LabelModal.tsx:131:28 lint/suspicious/useAwait ━━━━━━━━━━━━━━━━━━━━━━

  × This async function lacks an await expression.
  
    129 │ 	});
    130 │ 
  > 131 │ 	const handleLabelSubmit = async (values: z.infer<typeof formSchema>) => {
        │ 	                          ^^^^^^^^^^^^^^^^^^^^^^^^^^^^^^^^^^^^^^^^^^^^^^^
  > 132 │ 		if (labelData.name) {
         ...
  > 136 │ 		}
  > 137 │ 	};
        │ 	^
    138 │ 
    139 │ 	return (
  
  i Remove this async modifier, or add an await expression in the function.
  
    129 │ 	});
    130 │ 
  > 131 │ 	const handleLabelSubmit = async (values: z.infer<typeof formSchema>) => {
        │ 	                          ^^^^^^^^^^^^^^^^^^^^^^^^^^^^^^^^^^^^^^^^^^^^^^^
  > 132 │ 		if (labelData.name) {
         ...
  > 136 │ 		}
  > 137 │ 	};
        │ 	^
    138 │ 
    139 │ 	return (
  
  i Async functions without await expressions may not need to be declared async.
  

apps/web/src/components/Modals/LabelModal.tsx:89:14 lint/suspicious/useAwait ━━━━━━━━━━━━━━━━━━━━━━━

  × This async function lacks an await expression.
  
    87 │ 			return res.json();
    88 │ 		},
  > 89 │ 		onSuccess: async (_, variables) => {
       │ 		           ^^^^^^^^^^^^^^^^^^^^^^^^^
  > 90 │ 			toast.success("Label updated successfully", {
        ...
  > 96 │ 			handleResetForm();
  > 97 │ 		},
       │ 		^
    98 │ 		onError: (error) => {
    99 │ 			toast.error("Error updating label", {
  
  i Remove this async modifier, or add an await expression in the function.
  
    87 │ 			return res.json();
    88 │ 		},
  > 89 │ 		onSuccess: async (_, variables) => {
       │ 		           ^^^^^^^^^^^^^^^^^^^^^^^^^
  > 90 │ 			toast.success("Label updated successfully", {
        ...
  > 96 │ 			handleResetForm();
  > 97 │ 		},
       │ 		^
    98 │ 		onError: (error) => {
    99 │ 			toast.error("Error updating label", {
  
  i Async functions without await expressions may not need to be declared async.
  

apps/web/src/components/Modals/LabelModal.tsx:114:14 lint/suspicious/useAwait ━━━━━━━━━━━━━━━━━━━━━━

  × This async function lacks an await expression.
  
    112 │ 			return res.json();
    113 │ 		},
  > 114 │ 		onSuccess: async (_, variables) => {
        │ 		           ^^^^^^^^^^^^^^^^^^^^^^^^^
  > 115 │ 			toast.success("Label created successfully", {
         ...
  > 121 │ 			handleResetForm();
  > 122 │ 		},
        │ 		^
    123 │ 		onError: (error) => {
    124 │ 			toast.error("Error creating label", {
  
  i Remove this async modifier, or add an await expression in the function.
  
    112 │ 			return res.json();
    113 │ 		},
  > 114 │ 		onSuccess: async (_, variables) => {
        │ 		           ^^^^^^^^^^^^^^^^^^^^^^^^^
  > 115 │ 			toast.success("Label created successfully", {
         ...
  > 121 │ 			handleResetForm();
  > 122 │ 		},
        │ 		^
    123 │ 		onError: (error) => {
    124 │ 			toast.error("Error creating label", {
  
  i Async functions without await expressions may not need to be declared async.
  

apps/web/src/components/Modals/NewTask/DateDropdownButton.tsx:14:8 lint/performance/noNamespaceImport ━━━━━━━━━━

  × Avoid namespace imports, it can prevent efficient tree shaking and increase bundle size.
  
    12 │ } from "@squaredmade/ui/popover";
    13 │ import { format } from "date-fns";
  > 14 │ import * as React from "react";
       │        ^^^^^^^^^^^^^^^^^^^^^^^
    15 │ import { useEffect } from "react";
    16 │ 
  
  i Use named imports instead.
  

apps/web/src/components/Modals/NewTask/DateDropdownButton.tsx:30:14 lint/style/useConsistentCurlyBraces  FIXABLE  ━━━━━━━━━━

  × Should not have curly braces around expression.
  
    28 │ 			<PopoverTrigger asChild={true}>
    29 │ 				<Button
  > 30 │ 					variant={"outline"}
       │ 					        ^^^^^^^^^^^
    31 │ 					className={cn(
    32 │ 						"w-full justify-center text-left font-normal",
  
  i JSX attribute value does not need to be wrapped in curly braces.
  
  i Unsafe fix: Remove curly braces around the expression.
  
    30 │ → → → → → variant={"outline"}
       │                   -         -

apps/web/src/components/Modals/NewTask/EffortDropdownButton.tsx:36:30 lint/nursery/noShadow ━━━━━━━━━━

  × This variable shadows another variable with the same name in the outer scope.
  
    34 │ 		Number.parseInt(str.substring(0, 2).trim(), 10);
    35 │ 
  > 36 │ 	const handleSelectEffort = (effortEstimate: number) => {
       │ 	                            ^^^^^^^^^^^^^^
    37 │ 		setNewTaskData({ ...newTaskData, effortEstimate });
    38 │ 	};
  
  i This is the shadowed variable, which is now inaccessible in the inner scope.
  
    15 │ export const EffortDropdownButton = () => {
    16 │ 	const { newTaskData, setNewTaskData } = useModalStore((state) => state);
  > 17 │ 	const effortEstimate = newTaskData.effortEstimate;
       │ 	      ^^^^^^^^^^^^^^
    18 │ 	const { team } = useTeamStore((state) => state);
    19 │ 
  
  i Consider renaming this variable. It's easy to confuse the origin of variables if they share the same name.
  

apps/web/src/components/Modals/NewTask/EffortDropdownButton.tsx:40:25 lint/nursery/noShadow ━━━━━━━━━━

  × This variable shadows another variable with the same name in the outer scope.
  
    38 │ 	};
    39 │ 
  > 40 │ 	const buttonContent = (effortEstimate: number | null | undefined) => (
       │ 	                       ^^^^^^^^^^^^^^
    41 │ 		<>
    42 │ 			<span className="mr-2 inline-block h-4 w-4 cursor-pointer">
  
  i This is the shadowed variable, which is now inaccessible in the inner scope.
  
    15 │ export const EffortDropdownButton = () => {
    16 │ 	const { newTaskData, setNewTaskData } = useModalStore((state) => state);
  > 17 │ 	const effortEstimate = newTaskData.effortEstimate;
       │ 	      ^^^^^^^^^^^^^^
    18 │ 	const { team } = useTeamStore((state) => state);
    19 │ 
  
  i Consider renaming this variable. It's easy to confuse the origin of variables if they share the same name.
  

apps/web/src/components/Modals/NewTask/NewTaskCollapsible.tsx:100:12 lint/nursery/noShadow ━━━━━━━━━━

  × This variable shadows another variable with the same name in the outer scope.
  
     98 │ 			const res = await client.task.createTask
     99 │ 				.$post(newTask)
  > 100 │ 				.then((res) => res.json());
        │ 				       ^^^
    101 │ 			res.task.order = subtasks.length + 1;
    102 │ 			createTask(res.task);
  
  i This is the shadowed variable, which is now inaccessible in the inner scope.
  
     96 │ 			};
     97 │ 
   > 98 │ 			const res = await client.task.createTask
        │ 			      ^^^
     99 │ 				.$post(newTask)
    100 │ 				.then((res) => res.json());
  
  i Consider renaming this variable. It's easy to confuse the origin of variables if they share the same name.
  

apps/web/src/components/Modals/NewTask/PriorityDropdownButton.tsx:38:10 lint/style/useConsistentCurlyBraces  FIXABLE  ━━━━━━━━━━

  × Should not have curly braces around expression.
  
    36 │ 			<DropdownMenuContent
    37 │ 				sideOffset={4}
  > 38 │ 				side={"left"}
       │ 				     ^^^^^^^^
    39 │ 				align="start"
    40 │ 				className="w-[150px]"
  
  i JSX attribute value does not need to be wrapped in curly braces.
  
  i Unsafe fix: Remove curly braces around the expression.
  
    38 │ → → → → side={"left"}
       │              -      -

apps/web/src/components/Modals/NewTask/SprintDropdownButton.tsx:50:21 lint/style/useConsistentCurlyBraces  FIXABLE  ━━━━━━━━━━

  × Should not have curly braces around expression.
  
    48 │ 		<DropdownMenu>
    49 │ 			<DropdownMenuTrigger asChild={true}>
  > 50 │ 				<Button variant={"outline"} className={cn("w-full max-w-full")}>
       │ 				                ^^^^^^^^^^^
    51 │ 					<span className="cursor-pointer">
    52 │ 						<Activity className="mr-2 size-4 text-muted-foreground" />
  
  i JSX attribute value does not need to be wrapped in curly braces.
  
  i Unsafe fix: Remove curly braces around the expression.
  
    50 │ → → → → <Button·variant={"outline"}·className={cn("w-full·max-w-full")}>
       │                         -         -                                     

apps/web/src/components/Modals/NewTask/TeamSelector.tsx:25:17 lint/nursery/noShadow ━━━━━━━━━━━━━━━━

  × This variable shadows another variable with the same name in the outer scope.
  
    23 │ 			</DropdownMenuTrigger>
    24 │ 			<DropdownMenuContent>
  > 25 │ 				{teams.map((team) => (
       │ 				            ^^^^
    26 │ 					<DropdownMenuItem
    27 │ 						key={team.id}
  
  i This is the shadowed variable, which is now inaccessible in the inner scope.
  
    13 │ export default function TeamSelector() {
  > 14 │ 	const { team, setTeam, teams } = useTeamStore((state) => state);
       │ 	        ^^^^
    15 │ 
    16 │ 	return (
  
  i Consider renaming this variable. It's easy to confuse the origin of variables if they share the same name.
  

apps/web/src/components/Modals/NewTask/index.tsx:49:8 lint/performance/noReExportAll ━━━━━━━━━━━━━━━

  × Do not use export all ( export * from ... ).
  
    47 │ import { StatusDropdownButton } from "./StatusDropdownButton";
    48 │ import TeamSelector from "./TeamSelector";
  > 49 │ export * from "./NewTaskButton";
       │        ^^^^^^^^^^^^^^^^^^^^^^^^^
    50 │ export * from "./NewTaskCollapsible";
    51 │ 
  
  i Use named export instead.
  

apps/web/src/components/Modals/NewTask/index.tsx:50:8 lint/performance/noReExportAll ━━━━━━━━━━━━━━━

  × Do not use export all ( export * from ... ).
  
    48 │ import TeamSelector from "./TeamSelector";
    49 │ export * from "./NewTaskButton";
  > 50 │ export * from "./NewTaskCollapsible";
       │        ^^^^^^^^^^^^^^^^^^^^^^^^^^^^^^
    51 │ 
    52 │ const formSchema = z.object({
  
  i Use named export instead.
  

apps/web/src/components/Modals/SwitchWorkspaceModal.tsx lint/style/useFilenamingConvention ━━━━━━━━━━

  × The filename should be in camelCase or kebab-case or snake_case or equal to the name of an export.
  
  i The filename could be renamed to one of the following names:
    switch-workspace-modal.tsx
    switchWorkspaceModal.tsx
    switch_workspace_modal.tsx
  

apps/web/src/components/Modals/TaskSelectorModal.tsx lint/style/useFilenamingConvention ━━━━━━━━━━━━

  × The filename should be in camelCase or kebab-case or snake_case or equal to the name of an export.
  
  i The filename could be renamed to one of the following names:
    task-selector-modal.tsx
    taskSelectorModal.tsx
    task_selector_modal.tsx
  

apps/web/src/components/Modals/index.ts:1:8 lint/performance/noReExportAll ━━━━━━━━━━━━━━━━━━━━━━━━━

  × Do not use export all ( export * from ... ).
  
  > 1 │ export * from "./RenameModal";
      │        ^^^^^^^^^^^^^^^^^^^^^^^
    2 │ export * from "./WorkspaceInviteModal";
    3 │ export * from "./NewTask";
  
  i Use named export instead.
  

apps/web/src/components/Modals/index.ts:2:8 lint/performance/noReExportAll ━━━━━━━━━━━━━━━━━━━━━━━━━

  × Do not use export all ( export * from ... ).
  
    1 │ export * from "./RenameModal";
  > 2 │ export * from "./WorkspaceInviteModal";
      │        ^^^^^^^^^^^^^^^^^^^^^^^^^^^^^^^^
    3 │ export * from "./NewTask";
    4 │ export * from "./SwitchWorkspaceModal";
  
  i Use named export instead.
  

apps/web/src/components/Modals/index.ts:3:8 lint/performance/noReExportAll ━━━━━━━━━━━━━━━━━━━━━━━━━

  × Do not use export all ( export * from ... ).
  
    1 │ export * from "./RenameModal";
    2 │ export * from "./WorkspaceInviteModal";
  > 3 │ export * from "./NewTask";
      │        ^^^^^^^^^^^^^^^^^^^
    4 │ export * from "./SwitchWorkspaceModal";
    5 │ export * from "./TaskSelectorModal";
  
  i Use named export instead.
  

apps/web/src/components/Modals/index.ts:4:8 lint/performance/noReExportAll ━━━━━━━━━━━━━━━━━━━━━━━━━

  × Do not use export all ( export * from ... ).
  
    2 │ export * from "./WorkspaceInviteModal";
    3 │ export * from "./NewTask";
  > 4 │ export * from "./SwitchWorkspaceModal";
      │        ^^^^^^^^^^^^^^^^^^^^^^^^^^^^^^^^
    5 │ export * from "./TaskSelectorModal";
    6 │ export * from "./InviteModal";
  
  i Use named export instead.
  

apps/web/src/components/Modals/index.ts:5:8 lint/performance/noReExportAll ━━━━━━━━━━━━━━━━━━━━━━━━━

  × Do not use export all ( export * from ... ).
  
    3 │ export * from "./NewTask";
    4 │ export * from "./SwitchWorkspaceModal";
  > 5 │ export * from "./TaskSelectorModal";
      │        ^^^^^^^^^^^^^^^^^^^^^^^^^^^^^
    6 │ export * from "./InviteModal";
    7 │ export * from "./LabelModal";
  
  i Use named export instead.
  

apps/web/src/components/Modals/index.ts:6:8 lint/performance/noReExportAll ━━━━━━━━━━━━━━━━━━━━━━━━━

  × Do not use export all ( export * from ... ).
  
    4 │ export * from "./SwitchWorkspaceModal";
    5 │ export * from "./TaskSelectorModal";
  > 6 │ export * from "./InviteModal";
      │        ^^^^^^^^^^^^^^^^^^^^^^^
    7 │ export * from "./LabelModal";
    8 │ 
  
  i Use named export instead.
  

apps/web/src/components/Modals/index.ts:7:8 lint/performance/noReExportAll ━━━━━━━━━━━━━━━━━━━━━━━━━

  × Do not use export all ( export * from ... ).
  
    5 │ export * from "./TaskSelectorModal";
    6 │ export * from "./InviteModal";
  > 7 │ export * from "./LabelModal";
      │        ^^^^^^^^^^^^^^^^^^^^^^
    8 │ 
  
  i Use named export instead.
  

apps/web/src/components/SearchCommand/actions.tsx:435:4 lint/style/useNamingConvention ━━━━━━━━━━━━━

  × This object property name should be in camelCase.
  
    433 │ 				},
    434 │ 			},
  > 435 │ 			Search: {
        │ 			^^^^^^
    436 │ 				searchWorkspace: {
    437 │ 					icon: <Search className="mr-2 h-4 w-4" />,
  

apps/web/src/components/SearchCommand/actions.tsx:423:4 lint/style/useNamingConvention ━━━━━━━━━━━━━

  × This object property name should be in camelCase.
  
    421 │ 				},
    422 │ 			},
  > 423 │ 			Miscellaneous: {
        │ 			^^^^^^^^^^^^^
    424 │ 				openNavSidebar: {
    425 │ 					icon: <PanelLeft className="mr-2 h-4 w-4" />,
  

apps/web/src/components/SearchCommand/actions.tsx:194:22 lint/suspicious/noEmptyBlockStatements ━━━━━━━━━━

  × Unexpected empty block.
  
    192 │ 					icon: <ArrowRight className="mr-2 h-4 w-4" />,
    193 │ 					text: "Go to my tasks",
  > 194 │ 					function: () => {},
        │ 					                ^^
    195 │ 					shortcut: ["G", "then", "M"],
    196 │ 					/* This is for the future functionality */
  
  i Empty blocks are usually the result of an incomplete refactoring. Remove the empty block or add a comment inside it if it is intentional.
  

apps/web/src/components/SearchCommand/actions.tsx:84:4 lint/style/useNamingConvention ━━━━━━━━━━━━━━

  × This object property name should be in camelCase.
  
    82 │ 	getSchema(): SearchbarStructure {
    83 │ 		return {
  > 84 │ 			Task: {
       │ 			^^^^
    85 │ 				createNewTask: {
    86 │ 					icon: <Plus className="mr-2 h-4 w-4" />,
  

apps/web/src/components/SearchCommand/actions.tsx:120:4 lint/style/useNamingConvention ━━━━━━━━━━━━━

  × This object property name should be in camelCase.
  
    118 │ 				},
    119 │ 			},
  > 120 │ 			View: {
        │ 			^^^^
    121 │ 				createNewView: {
    122 │ 					icon: <Layers3 className="mr-2 size-4" />,
  

apps/web/src/components/SearchCommand/actions.tsx:131:8 lint/suspicious/noConsole  FIXABLE  ━━━━━━━━━━

  × Don't use console.
  
    129 │ 							);
    130 │ 						} else {
  > 131 │ 							console.error("Current workspace or team is null");
        │ 							^^^^^^^^^^^^^
    132 │ 						}
    133 │ 					},
  
  i The use of console is often reserved for debugging.
  
  i Unsafe fix: Remove console.
  
    129 129 │   							);
    130 130 │   						} else {
    131     │ - → → → → → → → console.error("Current·workspace·or·team·is·null");
    132 131 │   						}
    133 132 │   					},
  

apps/web/src/components/SearchCommand/actions.tsx:137:4 lint/style/useNamingConvention ━━━━━━━━━━━━━

  × This object property name should be in camelCase.
  
    135 │ 				},
    136 │ 			},
  > 137 │ 			Templates: {
        │ 			^^^^^^^^^
    138 │ 				createNewTaskTemplate: {
    139 │ 					icon: <Copy className="mr-2 size-4" />,
  

apps/web/src/components/SearchCommand/actions.tsx:163:4 lint/style/useNamingConvention ━━━━━━━━━━━━━

  × This object property name should be in camelCase.
  
    161 │ 				},
    162 │ 			},
  > 163 │ 			Navigation: {
        │ 			^^^^^^^^^^
    164 │ 				openTask: {
    165 │ 					icon: <Circle className="mr-2 size-4" />,
  

apps/web/src/components/SearchCommand/actions.tsx:182:4 lint/style/useNamingConvention ━━━━━━━━━━━━━

  × This object property name should be in camelCase.
  
    180 │ 			},
    181 │ 			separator1: "separator",
  > 182 │ 			Ungrouped1: {
        │ 			^^^^^^^^^^
    183 │ 				"Go to inbox": {
    184 │ 					icon: <ArrowRight className="mr-2 h-4 w-4" />,
  

apps/web/src/components/SearchCommand/actions.tsx:207:8 lint/suspicious/noConsole  FIXABLE  ━━━━━━━━━━

  × Don't use console.
  
    205 │ 							);
    206 │ 						} else {
  > 207 │ 							console.error("Current workspace or team is null");
        │ 							^^^^^^^^^^^^^
    208 │ 						}
    209 │ 					},
  
  i The use of console is often reserved for debugging.
  
  i Unsafe fix: Remove console.
  
    205 205 │   							);
    206 206 │   						} else {
    207     │ - → → → → → → → console.error("Current·workspace·or·team·is·null");
    208 207 │   						}
    209 208 │   					},
  

apps/web/src/components/SearchCommand/actions.tsx:221:8 lint/suspicious/noConsole  FIXABLE  ━━━━━━━━━━

  × Don't use console.
  
    219 │ 							);
    220 │ 						} else {
  > 221 │ 							console.error("Current workspace or team is null");
        │ 							^^^^^^^^^^^^^
    222 │ 						}
    223 │ 					},
  
  i The use of console is often reserved for debugging.
  
  i Unsafe fix: Remove console.
  
    219 219 │   							);
    220 220 │   						} else {
    221     │ - → → → → → → → console.error("Current·workspace·or·team·is·null");
    222 221 │   						}
    223 222 │   					},
  

apps/web/src/components/SearchCommand/actions.tsx:235:8 lint/suspicious/noConsole  FIXABLE  ━━━━━━━━━━

  × Don't use console.
  
    233 │ 							);
    234 │ 						} else {
  > 235 │ 							console.error("Current workspace or team is null");
        │ 							^^^^^^^^^^^^^
    236 │ 						}
    237 │ 					},
  
  i The use of console is often reserved for debugging.
  
  i Unsafe fix: Remove console.
  
    233 233 │   							);
    234 234 │   						} else {
    235     │ - → → → → → → → console.error("Current·workspace·or·team·is·null");
    236 235 │   						}
    237 236 │   					},
  

apps/web/src/components/SearchCommand/actions.tsx:258:8 lint/suspicious/noConsole  FIXABLE  ━━━━━━━━━━

  × Don't use console.
  
    256 │ 							);
    257 │ 						} else {
  > 258 │ 							console.error("Current workspace or team is null");
        │ 							^^^^^^^^^^^^^
    259 │ 						}
    260 │ 					},
  
  i The use of console is often reserved for debugging.
  
  i Unsafe fix: Remove console.
  
    256 256 │   							);
    257 257 │   						} else {
    258     │ - → → → → → → → console.error("Current·workspace·or·team·is·null");
    259 258 │   						}
    260 259 │   					},
  

apps/web/src/components/SearchCommand/actions.tsx:265:4 lint/style/useNamingConvention ━━━━━━━━━━━━━

  × This object property name should be in camelCase.
  
    263 │ 			},
    264 │ 			separator2: "separator",
  > 265 │ 			Ungrouped2: {
        │ 			^^^^^^^^^^
    266 │ 				"Go to archive": {
    267 │ 					icon: <ArrowRight className="mr-2 h-4 w-4" />,
  

apps/web/src/components/SearchCommand/actions.tsx:273:8 lint/suspicious/noConsole  FIXABLE  ━━━━━━━━━━

  × Don't use console.
  
    271 │ 							this.router.push(`/${this.organization?.slug}/archive/tasks`);
    272 │ 						} else {
  > 273 │ 							console.error("Current workspace or team is null");
        │ 							^^^^^^^^^^^^^
    274 │ 						}
    275 │ 					},
  
  i The use of console is often reserved for debugging.
  
  i Unsafe fix: Remove console.
  
    271 271 │   							this.router.push(`/${this.organization?.slug}/archive/tasks`);
    272 272 │   						} else {
    273     │ - → → → → → → → console.error("Current·workspace·or·team·is·null");
    274 273 │   						}
    275 274 │   					},
  

apps/web/src/components/SearchCommand/actions.tsx:287:8 lint/suspicious/noConsole  FIXABLE  ━━━━━━━━━━

  × Don't use console.
  
    285 │ 							);
    286 │ 						} else {
  > 287 │ 							console.error("Current workspace or team is null");
        │ 							^^^^^^^^^^^^^
    288 │ 						}
    289 │ 					},
  
  i The use of console is often reserved for debugging.
  
  i Unsafe fix: Remove console.
  
    285 285 │   							);
    286 286 │   						} else {
    287     │ - → → → → → → → console.error("Current·workspace·or·team·is·null");
    288 287 │   						}
    289 288 │   					},
  

apps/web/src/components/SearchCommand/actions.tsx:318:4 lint/style/useNamingConvention ━━━━━━━━━━━━━

  × This object property name should be in camelCase.
  
    316 │ 			},
    317 │ 			separator3: "separator",
  > 318 │ 			Ungrouped3: {
        │ 			^^^^^^^^^^
    319 │ 				"Copy current page URL": {
    320 │ 					icon: <ClipboardCopy className="mr-2 h-4 w-4" />,
  

apps/web/src/components/SearchCommand/actions.tsx:323:22 lint/style/noProcessEnv ━━━━━━━━━━━━━━━━━━━

  × Don't use process.env.
  
    321 │ 					text: "Copy current page URL",
    322 │ 					function: async () => {
  > 323 │ 						const url = `${process.env.NEXT_PUBLIC_URL}${this.pathname}`;
        │ 						               ^^^^^^^^^^^
    324 │ 						await window.navigator.clipboard.writeText(url);
    325 │ 						this.showToast("URL copied to clipboard");
  
  i Use a centralized configuration file instead for better maintainability and deployment consistency.
  

apps/web/src/components/SearchCommand/actions.tsx:339:4 lint/style/useNamingConvention ━━━━━━━━━━━━━

  × This object property name should be in camelCase.
  
    337 │ 			},
    338 │ 			separator4: "separator",
  > 339 │ 			Teams: {
        │ 			^^^^^
    340 │ 				createNewTeam: {
    341 │ 					icon: <ArrowRight className="mr-2 h-4 w-4" />,
  

apps/web/src/components/SearchCommand/actions.tsx:349:4 lint/style/useNamingConvention ━━━━━━━━━━━━━

  × This object property name should be in camelCase.
  
    347 │ 				},
    348 │ 			},
  > 349 │ 			Settings: {
        │ 			^^^^^^^^
    350 │ 				workspaceSettings: {
    351 │ 					icon: <Settings className="mr-2 h-4 w-4" />,
  

apps/web/src/components/SearchCommand/actions.tsx:375:8 lint/suspicious/noConsole  FIXABLE  ━━━━━━━━━━

  × Don't use console.
  
    373 │ 							);
    374 │ 						} else {
  > 375 │ 							console.error("Current workspace or team is null null");
        │ 							^^^^^^^^^^^^^
    376 │ 						}
    377 │ 					},
  
  i The use of console is often reserved for debugging.
  
  i Unsafe fix: Remove console.
  
    373 373 │   							);
    374 374 │   						} else {
    375     │ - → → → → → → → console.error("Current·workspace·or·team·is·null·null");
    376 375 │   						}
    377 376 │   					},
  

apps/web/src/components/SearchCommand/actions.tsx:391:4 lint/style/useNamingConvention ━━━━━━━━━━━━━

  × This object property name should be in camelCase.
  
    389 │ 				},
    390 │ 			},
  > 391 │ 			Account: {
        │ 			^^^^^^^
    392 │ 				logOut: {
    393 │ 					icon: <LogOut className="mr-2 h-4 w-4" />,
  

apps/web/src/components/SearchCommand/actions.tsx:102:4 lint/style/useNamingConvention ━━━━━━━━━━━━━

  × This object property name should be in camelCase.
  
    100 │ 				},
    101 │ 			},
  > 102 │ 			Project: {
        │ 			^^^^^^^
    103 │ 				createNewProject: {
    104 │ 					icon: <Box className="mr-2 size-4" />,
  

apps/web/src/components/SearchCommand/index.tsx:4:23 lint/correctness/noUndeclaredDependencies ━━━━━━━━━━

  × Dependency @radix-ui/react-id isn't specified in apps/web/package.json.
  
    3 │ import { useOrganization } from "@clerk/nextjs";
  > 4 │ import { useId } from "@radix-ui/react-id";
      │                       ^^^^^^^^^^^^^^^^^^^^
    5 │ import { DialogTitle } from "@squaredmade/ui/dialog";
    6 │ import { toast } from "@squaredmade/ui/toast";
  
  i This could lead to errors.
  
  i Add the dependency in your manifest.
  

apps/web/src/components/Settings/Labels/DeleteLabelButton.tsx:26:4 lint/suspicious/noConsole  FIXABLE  ━━━━━━━━━━

  × Don't use console.
  
    24 │ 		},
    25 │ 		onError: (error) => {
  > 26 │ 			console.error(error);
       │ 			^^^^^^^^^^^^^
    27 │ 			toast.error("Label could not be deleted", {
    28 │ 				description: "An unknown error occurred",
  
  i The use of console is often reserved for debugging.
  
  i Unsafe fix: Remove console.
  
    24 24 │   		},
    25 25 │   		onError: (error) => {
    26    │ - → → → console.error(error);
    27 26 │   			toast.error("Label could not be deleted", {
    28 27 │   				description: "An unknown error occurred",
  

apps/web/src/components/Settings/Labels/DeleteLabelButton.tsx:33:28 lint/suspicious/useAwait ━━━━━━━━━━

  × This async function lacks an await expression.
  
    31 │ 	});
    32 │ 
  > 33 │ 	const handleDeleteClick = async () => {
       │ 	                          ^^^^^^^^^^^^^
  > 34 │ 		deleteLabelMutation.mutate();
  > 35 │ 	};
       │ 	^
    36 │ 
    37 │ 	return (
  
  i Remove this async modifier, or add an await expression in the function.
  
    31 │ 	});
    32 │ 
  > 33 │ 	const handleDeleteClick = async () => {
       │ 	                          ^^^^^^^^^^^^^
  > 34 │ 		deleteLabelMutation.mutate();
  > 35 │ 	};
       │ 	^
    36 │ 
    37 │ 	return (
  
  i Async functions without await expressions may not need to be declared async.
  

apps/web/src/components/Settings/Labels/data-table.tsx:80:8 lint/style/useExplicitLengthCheck  FIXABLE  ━━━━━━━━━━

  × Use .length > 0 when checking .length is not zero.
  
    78 │ 				<Table>
    79 │ 					<TableBody className="divide-y divide-border">
  > 80 │ 						{table.getRowModel().rows?.length ? (
       │ 						 ^^^^^^^^^^^^^^^^^^^^^^^^^^^^^^^^
    81 │ 							table.getRowModel().rows.map((row) => (
    82 │ 								<TableRow
  
  i Unsafe fix: Replace .length with .length > 0
  
    80 │ → → → → → → {table.getRowModel().rows?.length·>·0?·(
       │                                               +++   

apps/web/src/components/Settings/Members/MembersPage.tsx:21:5 lint/nursery/noShadow ━━━━━━━━━━━━━━━━

  × This variable shadows another variable with the same name in the outer scope.
  
    19 │ 	const users = memberships?.data
    20 │ 		?.map(
  > 21 │ 			(membership) =>
       │ 			 ^^^^^^^^^^
    22 │ 				membership.publicUserData && {
    23 │ 					...membership.publicUserData,
  
  i This is the shadowed variable, which is now inaccessible in the inner scope.
  
    11 │ 	team?: Team | null;
    12 │ }) {
  > 13 │ 	const { membership, memberships } = useOrganization({
       │ 	        ^^^^^^^^^^
    14 │ 		memberships: {
    15 │ 			infinite: true,
  
  i Consider renaming this variable. It's easy to confuse the origin of variables if they share the same name.
  

apps/web/src/components/Settings/Members/data-table.tsx:124:27 lint/style/useConsistentCurlyBraces  FIXABLE  ━━━━━━━━━━

  × Should not have curly braces around expression.
  
    122 │ 					/>
    123 │ 					<div className="flex items-center justify-center gap-2">
  > 124 │ 						<Protect permission={"org:sys_memberships:manage"}>
        │ 						                    ^^^^^^^^^^^^^^^^^^^^^^^^^^^^^^
    125 │ 							<Button onClick={handleWorkspaceInvite}>Invite People</Button>
    126 │ 						</Protect>
  
  i JSX attribute value does not need to be wrapped in curly braces.
  
  i Unsafe fix: Remove curly braces around the expression.
  
    124 │ → → → → → → <Protect·permission={"org:sys_memberships:manage"}>
        │                                 -                            - 

apps/web/src/components/Settings/Members/data-table.tsx:131:8 lint/style/useExplicitLengthCheck  FIXABLE  ━━━━━━━━━━

  × Use .length > 0 when checking .length is not zero.
  
    129 │ 				<Table>
    130 │ 					<TableBody className="divide-y divide-border">
  > 131 │ 						{table.getRowModel().rows?.length ? (
        │ 						 ^^^^^^^^^^^^^^^^^^^^^^^^^^^^^^^^
    132 │ 							table.getRowModel().rows.map((row) => (
    133 │ 								<TableRow
  
  i Unsafe fix: Replace .length with .length > 0
  
    131 │ → → → → → → {table.getRowModel().rows?.length·>·0?·(
        │                                               +++   

apps/web/src/components/Settings/Members/data-table.tsx:165:23 lint/style/useConsistentCurlyBraces  FIXABLE  ━━━━━━━━━━

  × Should not have curly braces around expression.
  
    163 │ 					</p>
    164 │ 					<Protect permission="org:sys_memberships:manage">
  > 165 │ 						<Button variant={"outline"} disabled={!membersCsv}>
        │ 						                ^^^^^^^^^^^
    166 │ 							{membersCsv && (
    167 │ 								<CSVLink data={membersCsv}>Export Members to CSV</CSVLink>
  
  i JSX attribute value does not need to be wrapped in curly braces.
  
  i Unsafe fix: Remove curly braces around the expression.
  
    165 │ → → → → → → <Button·variant={"outline"}·disabled={!membersCsv}>
        │                             -         -                        

apps/web/src/components/Sidebar/NavBarTeams.tsx:34:26 lint/suspicious/useAwait ━━━━━━━━━━━━━━━━━━━━━

  × This async function lacks an await expression.
  
    32 │ 	};
    33 │ 
  > 34 │ 	const getTeamOnSelect = async () => {
       │ 	                        ^^^^^^^^^^^^^
  > 35 │ 		const team = teams.find((team) => team.identifier === teamIdentifier);
  > 36 │ 		if (team) {
  > 37 │ 			setTeam(team);
  > 38 │ 		}
  > 39 │ 	};
       │ 	^
    40 │ 
    41 │ 	const currentTeam = teams.find((team) => team.identifier === teamIdentifier);
  
  i Remove this async modifier, or add an await expression in the function.
  
    32 │ 	};
    33 │ 
  > 34 │ 	const getTeamOnSelect = async () => {
       │ 	                        ^^^^^^^^^^^^^
  > 35 │ 		const team = teams.find((team) => team.identifier === teamIdentifier);
  > 36 │ 		if (team) {
  > 37 │ 			setTeam(team);
  > 38 │ 		}
  > 39 │ 	};
       │ 	^
    40 │ 
    41 │ 	const currentTeam = teams.find((team) => team.identifier === teamIdentifier);
  
  i Async functions without await expressions may not need to be declared async.
  

apps/web/src/components/Sidebar/NavBarTeams.tsx:35:28 lint/nursery/noShadow ━━━━━━━━━━━━━━━━━━━━━━━━

  × This variable shadows another variable with the same name in the outer scope.
  
    34 │ 	const getTeamOnSelect = async () => {
  > 35 │ 		const team = teams.find((team) => team.identifier === teamIdentifier);
       │ 		                         ^^^^
    36 │ 		if (team) {
    37 │ 			setTeam(team);
  
  i This is the shadowed variable, which is now inaccessible in the inner scope.
  
    34 │ 	const getTeamOnSelect = async () => {
  > 35 │ 		const team = teams.find((team) => team.identifier === teamIdentifier);
       │ 		      ^^^^
    36 │ 		if (team) {
    37 │ 			setTeam(team);
  
  i Consider renaming this variable. It's easy to confuse the origin of variables if they share the same name.
  

apps/web/src/components/Sidebar/WorkspaceDropdown.tsx:53:24 lint/style/useExplicitLengthCheck  FIXABLE  ━━━━━━━━━━

  × Use .length > 0 when checking .length is not zero.
  
    52 │ 	useEffect(() => {
  > 53 │ 		if (!organization && userMemberships.data?.length) {
       │ 		                     ^^^^^^^^^^^^^^^^^^^^^^^^^^^^
    54 │ 			updateActiveWorkspace(userMemberships.data[0].organization);
    55 │ 		}
  
  i Unsafe fix: Replace .length with .length > 0
  
    53 │ → → if·(!organization·&&·userMemberships.data?.length·>·0)·{
       │                                                      ++++   

apps/web/src/components/Sidebar/WorkspaceDropdown.tsx:78:19 lint/style/useConsistentCurlyBraces  FIXABLE  ━━━━━━━━━━

  × Should not have curly braces around expression.
  
    76 │ 						<>
    77 │ 							<span
  > 78 │ 								className={"truncate transition-all duration-300 ease-in-out"}
       │ 								          ^^^^^^^^^^^^^^^^^^^^^^^^^^^^^^^^^^^^^^^^^^^^^^^^^^^^
    79 │ 							>
    80 │ 								{organization?.name}
  
  i JSX attribute value does not need to be wrapped in curly braces.
  
  i Unsafe fix: Remove curly braces around the expression.
  
    78 │ → → → → → → → → className={"truncate·transition-all·duration-300·ease-in-out"}
       │                           -                                                  -

apps/web/src/components/Sidebar/WorkspaceDropdown.tsx:83:19 lint/style/useConsistentCurlyBraces  FIXABLE  ━━━━━━━━━━

  × Should not have curly braces around expression.
  
    81 │ 							</span>
    82 │ 							<ChevronDown
  > 83 │ 								className={
       │ 								          ^
  > 84 │ 									"ml-auto h-4 w-4 shrink-0 opacity-50 transition-all duration-300 ease-in-out"
  > 85 │ 								}
       │ 								^
    86 │ 							/>
    87 │ 						</>
  
  i JSX attribute value does not need to be wrapped in curly braces.
  
  i Unsafe fix: Remove curly braces around the expression.
  
     81  81 │   							</span>
     82  82 │   							<ChevronDown
     83     │ - → → → → → → → → className={
         83 │ + → → → → → → → → className=
     84  84 │   									"ml-auto h-4 w-4 shrink-0 opacity-50 transition-all duration-300 ease-in-out"
     85     │ - → → → → → → → → }
     86  85 │   							/>
     87  86 │   						</>
  

apps/web/src/components/Sidebar/WorkspaceDropdown.tsx:30:43 lint/nursery/noShadow ━━━━━━━━━━━━━━━━━━

  × This variable shadows another variable with the same name in the outer scope.
  
    28 │ 	});
    29 │ 	const { state } = useSidebar();
  > 30 │ 	const { setShowInvite } = useModalStore((state) => state);
       │ 	                                         ^^^^^
    31 │ 	const { switchWorkspace } = useWorkspaces();
    32 │ 
  
  i This is the shadowed variable, which is now inaccessible in the inner scope.
  
    27 │ 		userMemberships: true,
    28 │ 	});
  > 29 │ 	const { state } = useSidebar();
       │ 	        ^^^^^
    30 │ 	const { setShowInvite } = useModalStore((state) => state);
    31 │ 	const { switchWorkspace } = useWorkspaces();
  
  i Consider renaming this variable. It's easy to confuse the origin of variables if they share the same name.
  

apps/web/src/components/Sidebar/index.tsx:43:44 lint/nursery/noShadow ━━━━━━━━━━━━━━━━━━━━━━━━━━━━━━

  × This variable shadows another variable with the same name in the outer scope.
  
    41 │ 	const { setTeams, team } = useTeamStore((state) => state);
    42 │ 	const { user } = useUser();
  > 43 │ 	const { setShowCommand } = useModalStore((state) => state);
       │ 	                                          ^^^^^
    44 │ 	const router = useRouter();
    45 │ 	const { resolvedTheme: theme, setTheme } = useTheme();
  
  i This is the shadowed variable, which is now inaccessible in the inner scope.
  
    44 │ 	const router = useRouter();
    45 │ 	const { resolvedTheme: theme, setTheme } = useTheme();
  > 46 │ 	const { state } = useSidebar();
       │ 	        ^^^^^
    47 │ 	const { signOut } = useClerk();
    48 │ 	const { organization } = useOrganization();
  
  i Consider renaming this variable. It's easy to confuse the origin of variables if they share the same name.
  

apps/web/src/components/Sidebar/index.tsx:166:31 lint/style/useConsistentCurlyBraces  FIXABLE  ━━━━━━━━━━

  × Should not have curly braces around expression.
  
    164 │ 	return (
    165 │ 		<TooltipProvider delayDuration={0}>
  > 166 │ 			<SidebarProvider className={"relative"}>
        │ 			                           ^^^^^^^^^^^^
    167 │ 				<SidebarContent />
    168 │ 				<ToggleSidebarButton />
  
  i JSX attribute value does not need to be wrapped in curly braces.
  
  i Unsafe fix: Remove curly braces around the expression.
  
    166 │ → → → <SidebarProvider·className={"relative"}>
        │                                  -          - 

apps/web/src/components/Sidebar/index.tsx:41:43 lint/nursery/noShadow ━━━━━━━━━━━━━━━━━━━━━━━━━━━━━━

  × This variable shadows another variable with the same name in the outer scope.
  
    40 │ function SidebarContent() {
  > 41 │ 	const { setTeams, team } = useTeamStore((state) => state);
       │ 	                                         ^^^^^
    42 │ 	const { user } = useUser();
    43 │ 	const { setShowCommand } = useModalStore((state) => state);
  
  i This is the shadowed variable, which is now inaccessible in the inner scope.
  
    44 │ 	const router = useRouter();
    45 │ 	const { resolvedTheme: theme, setTheme } = useTheme();
  > 46 │ 	const { state } = useSidebar();
       │ 	        ^^^^^
    47 │ 	const { signOut } = useClerk();
    48 │ 	const { organization } = useOrganization();
  
  i Consider renaming this variable. It's easy to confuse the origin of variables if they share the same name.
  

apps/web/src/components/Sidebar/index.tsx:53:10 lint/nursery/noShadow ━━━━━━━━━━━━━━━━━━━━━━━━━━━━━━

  × This variable shadows another variable with the same name in the outer scope.
  
    51 │ 		queryKey: ["notification", user?.id],
    52 │ 		queryFn: async () => {
  > 53 │ 			const notifications = await client.event.getNotifications
       │ 			      ^^^^^^^^^^^^^
    54 │ 				.$get()
    55 │ 				.then((res) => res.json());
  
  i This is the shadowed variable, which is now inaccessible in the inner scope.
  
    48 │ 	const { organization } = useOrganization();
    49 │ 
  > 50 │ 	const { data: notifications = [] } = useQuery({
       │ 	              ^^^^^^^^^^^^^
    51 │ 		queryKey: ["notification", user?.id],
    52 │ 		queryFn: async () => {
  
  i Consider renaming this variable. It's easy to confuse the origin of variables if they share the same name.
  

apps/web/src/components/Sidebar/index.tsx:64:10 lint/nursery/noShadow ━━━━━━━━━━━━━━━━━━━━━━━━━━━━━━

  × This variable shadows another variable with the same name in the outer scope.
  
    62 │ 		queryFn: async () => {
    63 │ 			if (!organization) return [];
  > 64 │ 			const teams = await client.team.getUserTeams
       │ 			      ^^^^^
    65 │ 				.$get()
    66 │ 				.then((res) => res.json());
  
  i This is the shadowed variable, which is now inaccessible in the inner scope.
  
    58 │ 	});
    59 │ 
  > 60 │ 	const { data: teams = [] } = useQuery({
       │ 	              ^^^^^
    61 │ 		queryKey: ["team", user?.id, organization?.id],
    62 │ 		queryFn: async () => {
  
  i Consider renaming this variable. It's easy to confuse the origin of variables if they share the same name.
  

apps/web/src/components/Sidebar/index.tsx:79:4 lint/suspicious/noConsole  FIXABLE  ━━━━━━━━━━━━━━━━━

  × Don't use console.
  
    77 │ 			toast.success("Logged out successfully.");
    78 │ 		} catch (error) {
  > 79 │ 			console.error("Logout failed", error);
       │ 			^^^^^^^^^^^^^
    80 │ 			toast.error("Failed to log out");
    81 │ 		}
  
  i The use of console is often reserved for debugging.
  
  i Unsafe fix: Remove console.
  
     77  77 │   			toast.success("Logged out successfully.");
     78  78 │   		} catch (error) {
     79     │ - → → → console.error("Logout·failed",·error);
     80  79 │   			toast.error("Failed to log out");
     81  80 │   		}
  

apps/web/src/components/Sprints/AssignTasksDialog.tsx:394:17 lint/style/useExplicitLengthCheck  FIXABLE  ━━━━━━━━━━

  × Use .length === 0 when checking .length is zero.
  
    392 │ 							);
    393 │ 						}}
  > 394 │ 						disabled={selectedTasks.length < 1}
        │ 						          ^^^^^^^^^^^^^^^^^^^^^^^^
    395 │ 					>
    396 │ 						Assign {selectedTasks.length} Selected Task
  
  i Unsafe fix: Replace .length with .length === 0
  
    392 392 │   							);
    393 393 │   						}}
    394     │ - → → → → → → disabled={selectedTasks.length·<·1}
        394 │ + → → → → → → disabled={selectedTasks.length·===·0}
    395 395 │   					>
    396 396 │   						Assign {selectedTasks.length} Selected Task
  

apps/web/src/components/Sprints/SprintCard.tsx:41:9 lint/nursery/noShadow ━━━━━━━━━━━━━━━━━━━━━━━━━━

  × This variable shadows another variable with the same name in the outer scope.
  
    39 │ 	const calculateProgress = (sprint: Sprint) => {
    40 │ 		const sprintTasks = tasks.filter((task) => task.sprintId === sprint.id);
  > 41 │ 		const completedTasks = sprintTasks.filter((task) => task.status === "done");
       │ 		      ^^^^^^^^^^^^^^
    42 │ 
    43 │ 		if (sprintTasks.length === 0) return 0; // Avoid division by zero
  
  i This is the shadowed variable, which is now inaccessible in the inner scope.
  
    25 │ }: SprintCardProps) => {
    26 │ 	const sprintTasks = tasks.filter((task) => task.sprintId === sprint.id);
  > 27 │ 	const completedTasks = sprintTasks.filter(
       │ 	      ^^^^^^^^^^^^^^
    28 │ 		(task) => task.status === "done" || task.status === "canceled",
    29 │ 	);
  
  i Consider renaming this variable. It's easy to confuse the origin of variables if they share the same name.
  

apps/web/src/components/Sprints/SprintCard.tsx:39:29 lint/nursery/noShadow ━━━━━━━━━━━━━━━━━━━━━━━━━

  × This variable shadows another variable with the same name in the outer scope.
  
    37 │ 	const plannedTasks = sprintTasks.length;
    38 │ 
  > 39 │ 	const calculateProgress = (sprint: Sprint) => {
       │ 	                           ^^^^^^
    40 │ 		const sprintTasks = tasks.filter((task) => task.sprintId === sprint.id);
    41 │ 		const completedTasks = sprintTasks.filter((task) => task.status === "done");
  
  i This is the shadowed variable, which is now inaccessible in the inner scope.
  
    21 │ export const SprintCard = ({
  > 22 │ 	sprint,
       │ 	^^^^^^
    23 │ 	tasks,
    24 │ 	isActive = false,
  
  i Consider renaming this variable. It's easy to confuse the origin of variables if they share the same name.
  

apps/web/src/components/Sprints/SprintCard.tsx:40:9 lint/nursery/noShadow ━━━━━━━━━━━━━━━━━━━━━━━━━━

  × This variable shadows another variable with the same name in the outer scope.
  
    39 │ 	const calculateProgress = (sprint: Sprint) => {
  > 40 │ 		const sprintTasks = tasks.filter((task) => task.sprintId === sprint.id);
       │ 		      ^^^^^^^^^^^
    41 │ 		const completedTasks = sprintTasks.filter((task) => task.status === "done");
    42 │ 
  
  i This is the shadowed variable, which is now inaccessible in the inner scope.
  
    24 │ 	isActive = false,
    25 │ }: SprintCardProps) => {
  > 26 │ 	const sprintTasks = tasks.filter((task) => task.sprintId === sprint.id);
       │ 	      ^^^^^^^^^^^
    27 │ 	const completedTasks = sprintTasks.filter(
    28 │ 		(task) => task.status === "done" || task.status === "canceled",
  
  i Consider renaming this variable. It's easy to confuse the origin of variables if they share the same name.
  

apps/web/src/components/Sprints/index.ts:6:8 lint/performance/noReExportAll ━━━━━━━━━━━━━━━━━━━━━━━━

  × Do not use export all ( export * from ... ).
  
    4 │ export * from "./SprintError";
    5 │ export * from "./SprintNotFound";
  > 6 │ export * from "./Retrospective/AddRetroItemModal";
      │        ^^^^^^^^^^^^^^^^^^^^^^^^^^^^^^^^^^^^^^^^^^^
    7 │ export * from "./Retrospective/RetroColumn";
    8 │ 
  
  i Use named export instead.
  

apps/web/src/components/Sprints/index.ts:1:8 lint/performance/noReExportAll ━━━━━━━━━━━━━━━━━━━━━━━━

  × Do not use export all ( export * from ... ).
  
  > 1 │ export * from "./AssignTasksDialog";
      │        ^^^^^^^^^^^^^^^^^^^^^^^^^^^^^
    2 │ export * from "./SprintTabs";
    3 │ export * from "./SprintLoading";
  
  i Use named export instead.
  

apps/web/src/components/Sprints/index.ts:2:8 lint/performance/noReExportAll ━━━━━━━━━━━━━━━━━━━━━━━━

  × Do not use export all ( export * from ... ).
  
    1 │ export * from "./AssignTasksDialog";
  > 2 │ export * from "./SprintTabs";
      │        ^^^^^^^^^^^^^^^^^^^^^^
    3 │ export * from "./SprintLoading";
    4 │ export * from "./SprintError";
  
  i Use named export instead.
  

apps/web/src/components/Sprints/index.ts:3:8 lint/performance/noReExportAll ━━━━━━━━━━━━━━━━━━━━━━━━

  × Do not use export all ( export * from ... ).
  
    1 │ export * from "./AssignTasksDialog";
    2 │ export * from "./SprintTabs";
  > 3 │ export * from "./SprintLoading";
      │        ^^^^^^^^^^^^^^^^^^^^^^^^^
    4 │ export * from "./SprintError";
    5 │ export * from "./SprintNotFound";
  
  i Use named export instead.
  

apps/web/src/components/Sprints/index.ts:4:8 lint/performance/noReExportAll ━━━━━━━━━━━━━━━━━━━━━━━━

  × Do not use export all ( export * from ... ).
  
    2 │ export * from "./SprintTabs";
    3 │ export * from "./SprintLoading";
  > 4 │ export * from "./SprintError";
      │        ^^^^^^^^^^^^^^^^^^^^^^^
    5 │ export * from "./SprintNotFound";
    6 │ export * from "./Retrospective/AddRetroItemModal";
  
  i Use named export instead.
  

apps/web/src/components/Sprints/index.ts:5:8 lint/performance/noReExportAll ━━━━━━━━━━━━━━━━━━━━━━━━

  × Do not use export all ( export * from ... ).
  
    3 │ export * from "./SprintLoading";
    4 │ export * from "./SprintError";
  > 5 │ export * from "./SprintNotFound";
      │        ^^^^^^^^^^^^^^^^^^^^^^^^^^
    6 │ export * from "./Retrospective/AddRetroItemModal";
    7 │ export * from "./Retrospective/RetroColumn";
  
  i Use named export instead.
  

apps/web/src/components/Sprints/index.ts:7:8 lint/performance/noReExportAll ━━━━━━━━━━━━━━━━━━━━━━━━

  × Do not use export all ( export * from ... ).
  
    5 │ export * from "./SprintNotFound";
    6 │ export * from "./Retrospective/AddRetroItemModal";
  > 7 │ export * from "./Retrospective/RetroColumn";
      │        ^^^^^^^^^^^^^^^^^^^^^^^^^^^^^^^^^^^^^
    8 │ 
  
  i Use named export instead.
  

apps/web/src/components/Svg.tsx lint/style/useFilenamingConvention ━━━━━━━━━━━━━━━━━━━━━━━━━━━━━━━━━

  × The filename should be in camelCase or kebab-case or snake_case or equal to the name of an export.
  
  i The filename could be renamed to one of the following names:
    svg.tsx
  

apps/web/src/components/TaskPage/CommentCard.tsx:115:25 lint/suspicious/useAwait ━━━━━━━━━━━━━━━━━━━

  × This async function lacks an await expression.
  
    114 │ 	useEffect(() => {
  > 115 │ 		const handleGetUser = async () => {
        │ 		                      ^^^^^^^^^^^^^
  > 116 │ 			try {
         ...
  > 132 │ 			}
  > 133 │ 		};
        │ 		^
    134 │ 		const jSXCommentData = async () => {
    135 │ 			try {
  
  i Remove this async modifier, or add an await expression in the function.
  
    114 │ 	useEffect(() => {
  > 115 │ 		const handleGetUser = async () => {
        │ 		                      ^^^^^^^^^^^^^
  > 116 │ 			try {
         ...
  > 132 │ 			}
  > 133 │ 		};
        │ 		^
    134 │ 		const jSXCommentData = async () => {
    135 │ 			try {
  
  i Async functions without await expressions may not need to be declared async.
  

apps/web/src/components/TaskPage/CommentCard.tsx:45:4 lint/nursery/noShadow ━━━━━━━━━━━━━━━━━━━━━━━━

  × This variable shadows another variable with the same name in the outer scope.
  
    44 │ 	const users = memberships?.data?.map(
  > 45 │ 		(membership) => membership.publicUserData,
       │ 		 ^^^^^^^^^^
    46 │ 	);
    47 │ 
  
  i This is the shadowed variable, which is now inaccessible in the inner scope.
  
    35 │ 	// Keep here as per rest of the code below line 37
    36 │ 	// const commentData: Descendant[] = JSON.parse(comment.comment);
  > 37 │ 	const { membership, memberships } = useOrganization({
       │ 	        ^^^^^^^^^^
    38 │ 		memberships: {
    39 │ 			infinite: true,
  
  i Consider renaming this variable. It's easy to confuse the origin of variables if they share the same name.
  

apps/web/src/components/TaskPage/CommentCard.tsx:105:29 lint/nursery/noShadow ━━━━━━━━━━━━━━━━━━━━━━

  × This variable shadows another variable with the same name in the outer scope.
  
    103 │ 	// };
    104 │ 
  > 105 │ 	const hasUserAvatarData = (user: UserAvatar | unknown) => {
        │ 	                           ^^^^
    106 │ 		return (
    107 │ 			user &&
  
  i This is the shadowed variable, which is now inaccessible in the inner scope.
  
    29 │ 	const [avatarUrl, setAvatarUrl] = useState("");
    30 │ 	const [showConfirmDelete, setShowConfirmDelete] = useState(false);
  > 31 │ 	const { user } = useUsers();
       │ 	        ^^^^
    32 │ 	const [commentData, setCommentData] = useState<
    33 │ 		MDXRemoteSerializeResult | React.ReactElement
  
  i Consider renaming this variable. It's easy to confuse the origin of variables if they share the same name.
  

apps/web/src/components/TaskPage/CommentCard.tsx:118:11 lint/nursery/noShadow ━━━━━━━━━━━━━━━━━━━━━━

  × This variable shadows another variable with the same name in the outer scope.
  
    116 │ 			try {
    117 │ 				if (!users) return;
  > 118 │ 				const user = users.find((u) => u?.userId === comment.authorId);
        │ 				      ^^^^
    119 │ 				// Needs user !== null despite using hasUserAvatar here for some reason to pass checks
    120 │ 				if (hasUserAvatarData(user) && user !== null) {
  
  i This is the shadowed variable, which is now inaccessible in the inner scope.
  
    29 │ 	const [avatarUrl, setAvatarUrl] = useState("");
    30 │ 	const [showConfirmDelete, setShowConfirmDelete] = useState(false);
  > 31 │ 	const { user } = useUsers();
       │ 	        ^^^^
    32 │ 	const [commentData, setCommentData] = useState<
    33 │ 		MDXRemoteSerializeResult | React.ReactElement
  
  i Consider renaming this variable. It's easy to confuse the origin of variables if they share the same name.
  

apps/web/src/components/TaskPage/DeleteCommentAlertDialog.tsx:33:22 lint/nursery/noShadow ━━━━━━━━━━

  × This variable shadows another variable with the same name in the outer scope.
  
    31 │ 	const { mutate: deleteCommentFromTask } = useMutation({
    32 │ 		mutationKey: ["comment", "deleteComment"],
  > 33 │ 		mutationFn: async (commentId: string) => {
       │ 		                   ^^^^^^^^^
    34 │ 			if (!commentId) {
    35 │ 				throw new Error("Comment ID is required");
  
  i This is the shadowed variable, which is now inaccessible in the inner scope.
  
    20 │ export const DeleteCommentAlertDialog = ({
  > 21 │ 	commentId,
       │ 	^^^^^^^^^
    22 │ 	showConfirmDelete,
    23 │ 	setShowConfirmDelete,
  
  i Consider renaming this variable. It's easy to confuse the origin of variables if they share the same name.
  

apps/web/src/components/TaskPage/EventTabs.tsx:67:5 lint/nursery/noAwaitInLoop ━━━━━━━━━━━━━━━━━━━━━

  × Avoid using await inside loops.
  
    65 │ 					workspaceId: workspace.externalId,
    66 │ 				};
  > 67 │ 				await client.notification.createMention.$post(mentionEvent);
       │ 				^^^^^^^^^^^^^^^^^^^^^^^^^^^^^^^^^^^^^^^^^^^^^^^^^^^^^^^^^^^
    68 │ 			}
    69 │ 		},
  
  i Using await inside loops might cause performance issues or unintended sequential execution, consider use Promise.all() instead.
  

apps/web/src/components/TaskPage/EventTabs.tsx:104:17 lint/suspicious/noConsole  FIXABLE  ━━━━━━━━━━

  × Don't use console.
  
    102 │ 				});
    103 │ 			} else {
  > 104 │ 				if (!users) console.error("No users found", users);
        │ 				            ^^^^^^^^^^^^^
    105 │ 				if (!workspace) console.error("No workspace found", workspace);
    106 │ 				toast.error("Mentions could not be processed", {
  
  i The use of console is often reserved for debugging.
  
  i Unsafe fix: Remove console.
  
    104 │ → → → → if·(!users)·console.error("No·users·found",·users);
        │                     ---------------------------------------

apps/web/src/components/TaskPage/EventTabs.tsx:105:21 lint/suspicious/noConsole  FIXABLE  ━━━━━━━━━━

  × Don't use console.
  
    103 │ 			} else {
    104 │ 				if (!users) console.error("No users found", users);
  > 105 │ 				if (!workspace) console.error("No workspace found", workspace);
        │ 				                ^^^^^^^^^^^^^
    106 │ 				toast.error("Mentions could not be processed", {
    107 │ 					description:
  
  i The use of console is often reserved for debugging.
  
  i Unsafe fix: Remove console.
  
    105 │ → → → → if·(!workspace)·console.error("No·workspace·found",·workspace);
        │                         -----------------------------------------------

apps/web/src/components/TaskPage/TaskDesignationsContainer/BlockedByCombobox.tsx:56:16 lint/style/useConsistentCurlyBraces  FIXABLE  ━━━━━━━━━━

  × Should not have curly braces around expression.
  
    54 │ 			open={open}
    55 │ 			setOpen={setOpen}
  > 56 │ 			triggerText={"Add / Remove"}
       │ 			            ^^^^^^^^^^^^^^^^
    57 │ 			emptyText="No tasks found."
    58 │ 			listItems={tasks?.filter((t: Task) => t.id !== taskId) ?? []}
  
  i JSX attribute value does not need to be wrapped in curly braces.
  
  i Unsafe fix: Remove curly braces around the expression.
  
    56 │ → → → triggerText={"Add·/·Remove"}
       │                   -              -

apps/web/src/components/TaskPage/TaskDesignationsContainer/BlockedByCombobox.tsx:48:38 lint/nursery/noShadow ━━━━━━━━━━

  × This variable shadows another variable with the same name in the outer scope.
  
    46 │ 	});
    47 │ 
  > 48 │ 	const handleUpdateBlockedByTasks = (taskId: string) => {
       │ 	                                    ^^^^^^
    49 │ 		mutateUpdateBlockedByTasks(taskId);
    50 │ 	};
  
  i This is the shadowed variable, which is now inaccessible in the inner scope.
  
    18 │ 	const queryClient = useQueryClient();
    19 │ 
  > 20 │ 	const taskId = currentTask?.id;
       │ 	      ^^^^^^
    21 │ 
    22 │ 	const { mutate: mutateUpdateBlockedByTasks } = useMutation({
  
  i Consider renaming this variable. It's easy to confuse the origin of variables if they share the same name.
  

apps/web/src/components/TaskPage/TaskDesignationsContainer/EffortEstimateDropdown.tsx:111:47 lint/nursery/noShadow ━━━━━━━━━━

  × This variable shadows another variable with the same name in the outer scope.
  
    109 │ 			</DropdownMenuTrigger>
    110 │ 			<DropdownMenuContent>
  > 111 │ 				{effortEstimateOptions(team?.effort).map((effortEstimate) => {
        │ 				                                          ^^^^^^^^^^^^^^
    112 │ 					const estimateNumber = extractNumber(effortEstimate.text);
    113 │ 					return (
  
  i This is the shadowed variable, which is now inaccessible in the inner scope.
  
    89 │ 	};
    90 │ 
  > 91 │ 	const effortEstimate = sidebarEffortEstimate();
       │ 	      ^^^^^^^^^^^^^^
    92 │ 
    93 │ 	return (
  
  i Consider renaming this variable. It's easy to confuse the origin of variables if they share the same name.
  

apps/web/src/components/TaskPage/TaskDesignationsContainer/EffortModal.tsx:48:13 lint/style/noNestedTernary ━━━━━━━━━━

  × Do not nest ternary expressions.
  
    46 │ 									{estimateNumber > 3
    47 │ 										? high()
  > 48 │ 										: estimateNumber > 2
       │ 										  ^^^^^^^^^^^^^^^^^^
  > 49 │ 											? medium()
  > 50 │ 											: low()}
       │ 											^^^^^^^
    51 │ 								</span>
    52 │ 								<span className="text-foreground">{effortEstimate.text}</span>
  
  i Nesting ternary expressions can make code more difficult to understand.
  
  i Convert nested ternary expression into if-else statements or separate the conditions to make the logic easier to understand.
  

apps/web/src/components/TaskPage/TaskDesignationsContainer/ParentTaskCombobox.tsx:23:12 lint/suspicious/useAwait ━━━━━━━━━━

  × This async function lacks an await expression.
  
    21 │ 	const { data: parentTask } = useQuery({
    22 │ 		queryKey: ["task", "parentTask", currentTask?.parentId],
  > 23 │ 		queryFn: async () => {
       │ 		         ^^^^^^^^^^^^^
  > 24 │ 			if (!currentTask?.parentId) return null;
  > 25 │ 			return tasks.find((t) => t.id === currentTask?.parentId);
  > 26 │ 		},
       │ 		^
    27 │ 		enabled: !!currentTask?.parentId,
    28 │ 	});
  
  i Remove this async modifier, or add an await expression in the function.
  
    21 │ 	const { data: parentTask } = useQuery({
    22 │ 		queryKey: ["task", "parentTask", currentTask?.parentId],
  > 23 │ 		queryFn: async () => {
       │ 		         ^^^^^^^^^^^^^
  > 24 │ 			if (!currentTask?.parentId) return null;
  > 25 │ 			return tasks.find((t) => t.id === currentTask?.parentId);
  > 26 │ 		},
       │ 		^
    27 │ 		enabled: !!currentTask?.parentId,
    28 │ 	});
  
  i Async functions without await expressions may not need to be declared async.
  

apps/web/src/components/TaskPage/TaskDesignationsContainer/StatusDropdown.tsx:42:12 lint/nursery/noShadow ━━━━━━━━━━

  × This variable shadows another variable with the same name in the outer scope.
  
    40 │ 					status: newStatus,
    41 │ 				})
  > 42 │ 				.then((res) => res.json());
       │ 				       ^^^
    43 │ 			setCurrentTask({ ...currentTask, status: newStatus });
    44 │ 			updateTask({ ...currentTask, status: newStatus });
  
  i This is the shadowed variable, which is now inaccessible in the inner scope.
  
    35 │ 		mutationFn: async (newStatus: Status) => {
    36 │ 			if (!(currentTask && taskId)) throw new Error("Task not found");
  > 37 │ 			const res = await client.task.updateStatus
       │ 			      ^^^
    38 │ 				.$post({
    39 │ 					taskId,
  
  i Consider renaming this variable. It's easy to confuse the origin of variables if they share the same name.
  

apps/web/src/components/TaskPage/TaskDesignationsContainer/StatusDropdown.tsx:46:57 lint/nursery/noShadow ━━━━━━━━━━

  × This variable shadows another variable with the same name in the outer scope.
  
    44 │ 			updateTask({ ...currentTask, status: newStatus });
    45 │ 			setEvents(
  > 46 │ 				await client.event.getEvents.$get({ taskId }).then((res) => res.json()),
       │ 				                                                    ^^^
    47 │ 			);
    48 │ 			return res;
  
  i This is the shadowed variable, which is now inaccessible in the inner scope.
  
    35 │ 		mutationFn: async (newStatus: Status) => {
    36 │ 			if (!(currentTask && taskId)) throw new Error("Task not found");
  > 37 │ 			const res = await client.task.updateStatus
       │ 			      ^^^
    38 │ 				.$post({
    39 │ 					taskId,
  
  i Consider renaming this variable. It's easy to confuse the origin of variables if they share the same name.
  

apps/web/src/components/TaskPage/TaskDesignationsContainer/StatusDropdown.tsx:78:8 lint/style/useExplicitLengthCheck  FIXABLE  ━━━━━━━━━━

  × Use .length > 0 when checking .length is not zero.
  
    76 │ 						value={status}
    77 │ 						disabled={
  > 78 │ 							!!currentTaskBlockedBy.length &&
       │ 							^^^^^^^^^^^^^^^^^^^^^^^^^^^^^
    79 │ 							(status === "done" ||
    80 │ 								status === "inReview" ||
  
  i Unsafe fix: Replace .length with .length > 0
  
    75 75 │   						key={status}
    76 76 │   						value={status}
    77    │ - → → → → → → disabled={
    78    │ - → → → → → → → !!currentTaskBlockedBy.length·&&
       77 │ + → → → → → → disabled={currentTaskBlockedBy.length·>·0&&
    79 78 │   							(status === "done" ||
    80 79 │   								status === "inReview" ||
  

apps/web/src/components/TaskPage/TaskPageForm.tsx:84:23 lint/suspicious/useAwait ━━━━━━━━━━━━━━━━━━━

  × This async function lacks an await expression.
  
     82 │ 	};
     83 │ 
   > 84 │ 	const handleSubmit = async (e: FormEvent) => {
        │ 	                     ^^^^^^^^^^^^^^^^^^^^^^^^^
   > 85 │ 		e.preventDefault();
         ...
  > 105 │ 		}
  > 106 │ 	};
        │ 	^
    107 │ 
    108 │ 	return (
  
  i Remove this async modifier, or add an await expression in the function.
  
     82 │ 	};
     83 │ 
   > 84 │ 	const handleSubmit = async (e: FormEvent) => {
        │ 	                     ^^^^^^^^^^^^^^^^^^^^^^^^^
   > 85 │ 		e.preventDefault();
         ...
  > 105 │ 		}
  > 106 │ 	};
        │ 	^
    107 │ 
    108 │ 	return (
  
  i Async functions without await expressions may not need to be declared async.
  

apps/web/src/components/TaskPage/TaskSidebarTopRow.tsx:23:21 lint/style/noProcessEnv ━━━━━━━━━━━━━━━

  × Don't use process.env.
  
    21 │ 	const title = task?.title ?? "";
    22 │ 
  > 23 │ 	const TaskUrl = `${process.env.NEXT_PUBLIC_URL}/${organization?.slug}/task/${identifier}/${formatUrl(title)}`;
       │ 	                   ^^^^^^^^^^^
    24 │ 	const gitBranchName = `${sanitizeBranchName(title.toLowerCase())}-${String(identifier).toLowerCase()}`;
    25 │ 
  
  i Use a centralized configuration file instead for better maintainability and deployment consistency.
  

apps/web/src/components/TaskPage/index.ts:5:8 lint/performance/noReExportAll ━━━━━━━━━━━━━━━━━━━━━━━

  × Do not use export all ( export * from ... ).
  
    3 │ export * from "./EventTabs";
    4 │ export * from "./TaskBreadcrumbs";
  > 5 │ export * from "./TaskPageForm";
      │        ^^^^^^^^^^^^^^^^^^^^^^^^
    6 │ export * from "./TaskSidebarTopRow";
    7 │ 
  
  i Use named export instead.
  

apps/web/src/components/TaskPage/index.ts:4:8 lint/performance/noReExportAll ━━━━━━━━━━━━━━━━━━━━━━━

  × Do not use export all ( export * from ... ).
  
    2 │ export * from "./CreatedByInformation";
    3 │ export * from "./EventTabs";
  > 4 │ export * from "./TaskBreadcrumbs";
      │        ^^^^^^^^^^^^^^^^^^^^^^^^^^^
    5 │ export * from "./TaskPageForm";
    6 │ export * from "./TaskSidebarTopRow";
  
  i Use named export instead.
  

apps/web/src/components/TaskPage/index.ts:1:8 lint/performance/noReExportAll ━━━━━━━━━━━━━━━━━━━━━━━

  × Do not use export all ( export * from ... ).
  
  > 1 │ export * from "./TaskDesignationsContainer";
      │        ^^^^^^^^^^^^^^^^^^^^^^^^^^^^^^^^^^^^^
    2 │ export * from "./CreatedByInformation";
    3 │ export * from "./EventTabs";
  
  i Use named export instead.
  

apps/web/src/components/TaskPage/index.ts:6:8 lint/performance/noReExportAll ━━━━━━━━━━━━━━━━━━━━━━━

  × Do not use export all ( export * from ... ).
  
    4 │ export * from "./TaskBreadcrumbs";
    5 │ export * from "./TaskPageForm";
  > 6 │ export * from "./TaskSidebarTopRow";
      │        ^^^^^^^^^^^^^^^^^^^^^^^^^^^^^
    7 │ 
  
  i Use named export instead.
  

apps/web/src/components/TaskPage/index.ts:2:8 lint/performance/noReExportAll ━━━━━━━━━━━━━━━━━━━━━━━

  × Do not use export all ( export * from ... ).
  
    1 │ export * from "./TaskDesignationsContainer";
  > 2 │ export * from "./CreatedByInformation";
      │        ^^^^^^^^^^^^^^^^^^^^^^^^^^^^^^^^
    3 │ export * from "./EventTabs";
    4 │ export * from "./TaskBreadcrumbs";
  
  i Use named export instead.
  

apps/web/src/components/TaskPage/index.ts:3:8 lint/performance/noReExportAll ━━━━━━━━━━━━━━━━━━━━━━━

  × Do not use export all ( export * from ... ).
  
    1 │ export * from "./TaskDesignationsContainer";
    2 │ export * from "./CreatedByInformation";
  > 3 │ export * from "./EventTabs";
      │        ^^^^^^^^^^^^^^^^^^^^^
    4 │ export * from "./TaskBreadcrumbs";
    5 │ export * from "./TaskPageForm";
  
  i Use named export instead.
  

apps/web/src/components/TextEditor/format.ts:91:35 lint/performance/useTopLevelRegex ━━━━━━━━━━━━━━━

  × This regex literal is not defined in the top level scope. This can lead to performance issues if this function is called frequently.
  
    89 │ 		// Check for mention hover components
    90 │ 		if (part.startsWith("<MentionHover") && part.endsWith("/>")) {
  > 91 │ 			const mentionData = part.match(/mentionedUser=\{\{(.+?)\}\}/);
       │ 			                               ^^^^^^^^^^^^^^^^^^^^^^^^^^^^^
    92 │ 			if (!mentionData) continue;
    93 │ 			const cleaned = mentionData[1]
  
  i Move the regex literal outside of this scope, and place it at the top level of this module, as a constant.
  

apps/web/src/components/TextEditor/format.ts:110:33 lint/performance/useTopLevelRegex ━━━━━━━━━━━━━━

  × This regex literal is not defined in the top level scope. This can lead to performance issues if this function is called frequently.
  
    108 │ 		// Check for links in the format [text](url)
    109 │ 		if (part.startsWith("[") && part.includes("](")) {
  > 110 │ 			const linkMatch = part.match(/\[([^\]]+)\]\(([^)\s]+(?:\)[^)\s]+)*)\)/);
        │ 			                             ^^^^^^^^^^^^^^^^^^^^^^^^^^^^^^^^^^^^^^^^^
    111 │ 			if (!linkMatch) continue;
    112 │ 
  
  i Move the regex literal outside of this scope, and place it at the top level of this module, as a constant.
  

apps/web/src/components/TextEditor/format.ts:100:12 lint/nursery/noConstantBinaryExpression ━━━━━━━━━━

  × This logical expression can be simplified.
  
     98 │ 				const mentionUser = JSON.parse(`{${cleaned}}`) as PublicUserData;
     99 │ 				result.push({
  > 100 │ 					text: `@${mentionUser.firstName}` || "Error loading name",
        │ 					      ^^^^^^^^^^^^^^^^^^^^^^^^^^^^^^^^^^^^^^^^^^^^^^^^^^^
    101 │ 					mentionConfirm: mentionUser,
    102 │ 				});
  
  i This operand always evaluates to the same truthiness.
  
     98 │ 				const mentionUser = JSON.parse(`{${cleaned}}`) as PublicUserData;
     99 │ 				result.push({
  > 100 │ 					text: `@${mentionUser.firstName}` || "Error loading name",
        │ 					      ^^^^^^^^^^^^^^^^^^^^^^^^^^^
    101 │ 					mentionConfirm: mentionUser,
    102 │ 				});
  

apps/web/src/components/TextEditor/format.ts:105:5 lint/suspicious/noConsole  FIXABLE  ━━━━━━━━━━━━━

  × Don't use console.
  
    103 │ 				continue;
    104 │ 			} catch (e) {
  > 105 │ 				console.error("Failed to parse mention data:", e);
        │ 				^^^^^^^^^^^^^
    106 │ 			}
    107 │ 		}
  
  i The use of console is often reserved for debugging.
  
  i Unsafe fix: Remove console.
  
    103 103 │   				continue;
    104 104 │   			} catch (e) {
    105     │ - → → → → console.error("Failed·to·parse·mention·data:",·e);
    106 105 │   			}
    107 106 │   		}
  

apps/web/src/components/TextEditor/format.ts:121:5 lint/suspicious/noConsole  FIXABLE  ━━━━━━━━━━━━━

  × Don't use console.
  
    119 │ 				continue;
    120 │ 			} catch (e) {
  > 121 │ 				console.error("Failed to parse link data:", e);
        │ 				^^^^^^^^^^^^^
    122 │ 			}
    123 │ 		}
  
  i The use of console is often reserved for debugging.
  
  i Unsafe fix: Remove console.
  
    119 119 │   				continue;
    120 120 │   			} catch (e) {
    121     │ - → → → → console.error("Failed·to·parse·link·data:",·e);
    122 121 │   			}
    123 122 │   		}
  

apps/web/src/components/TextEditor/index.tsx:181:3 lint/style/useDefaultSwitchClause ━━━━━━━━━━━━━━━

  × Expected a default switch clause.
  
    180 │ 	const getActiveLeaf = (markType: MarkTypes) => {
  > 181 │ 		switch (markType) {
        │ 		^^^^^^^^^^^^^^^^^^^
  > 182 │ 			case "bold":
         ...
  > 197 │ 				return "isLinkActive";
  > 198 │ 		}
        │ 		^
    199 │ 	};
    200 │ 
  
  i The lack of a default clause can be a possible omission.
  
  i Consider adding a default clause.
  

apps/web/src/components/TextEditor/index.tsx:241:3 lint/style/useDefaultSwitchClause ━━━━━━━━━━━━━━━

  × Expected a default switch clause.
  
    239 │ 		}
    240 │ 
  > 241 │ 		switch (e.key) {
        │ 		^^^^^^^^^^^^^^^^
  > 242 │ 			// Element Blocks
         ...
  > 318 │ 			}
  > 319 │ 		}
        │ 		^
    320 │ 	};
    321 │ 
  
  i The lack of a default clause can be a possible omission.
  
  i Consider adding a default clause.
  

apps/web/src/components/TextEditor/index.tsx:389:16 lint/style/useConsistentCurlyBraces  FIXABLE  ━━━━━━━━━━

  × Should not have curly braces around expression.
  
    387 │ 			<div className="markdown-content" onKeyUp={handleCharKeyUp}>
    388 │ 				<div
  > 389 │ 					className={
        │ 					          ^
  > 390 │ 						"min-h-[160px] w-full rounded-lg border border-input bg-transparent text-sm ring-offset-background placeholder:text-muted-foreground focus-visible:outline-hidden focus-visible:ring-2 focus-visible:ring-ring focus-visible:ring-offset-2 disabled:cursor-not-allowed disabled:opacity-50"
  > 391 │ 					}
        │ 					^
    392 │ 				>
    393 │ 					{hasToolbar && (
  
  i JSX attribute value does not need to be wrapped in curly braces.
  
  i Unsafe fix: Remove curly braces around the expression.
  
    387 387 │   			<div className="markdown-content" onKeyUp={handleCharKeyUp}>
    388 388 │   				<div
    389     │ - → → → → → className={
        389 │ + → → → → → className=
    390 390 │   						"min-h-[160px] w-full rounded-lg border border-input bg-transparent text-sm ring-offset-background placeholder:text-muted-foreground focus-visible:outline-hidden focus-visible:ring-2 focus-visible:ring-ring focus-visible:ring-offset-2 disabled:cursor-not-allowed disabled:opacity-50"
    391     │ - → → → → → }
    392 391 │   				>
    393 392 │   					{hasToolbar && (
  

apps/web/src/components/TextEditor/index.tsx:448:8 lint/performance/noReExportAll ━━━━━━━━━━━━━━━━━━

  × Do not use export all ( export * from ... ).
  
    446 │ export default TextEditor;
    447 │ 
  > 448 │ export * from "./interfaces";
        │        ^^^^^^^^^^^^^^^^^^^^^^
    449 │ export { CodeLeaf, HeaderElement, Leaf, TextEditorToolBar };
    450 │ 
  
  i Use named export instead.
  

apps/web/src/components/TextEditor/index.tsx:140:29 lint/nursery/noShadow ━━━━━━━━━━━━━━━━━━━━━━━━━━

  × This variable shadows another variable with the same name in the outer scope.
  
    138 │ 	// Helper Functions
    139 │ 
  > 140 │ 	const checkIfSlateEmpty = (editor: BaseEditor & ReactEditor) => {
        │ 	                           ^^^^^^
    141 │ 		const editorContent = editor.children.reduce(
    142 │ 			(accRow: string, nextRow: Descendant) => {
  
  i This is the shadowed variable, which is now inaccessible in the inner scope.
  
    67 │ 	const { setShowLinkForm } = useModalStore((state) => state);
    68 │ 	// Initialize Slate text editor
  > 69 │ 	const [editor] = useState(() => withReact(createEditor()));
       │ 	       ^^^^^^
    70 │ 
    71 │ 	const [toggleMentions, setToggleMentions] = useState(false);
  
  i Consider renaming this variable. It's easy to confuse the origin of variables if they share the same name.
  

apps/web/src/components/TextEditor/index.tsx:40:3 lint/style/useNamingConvention ━━━━━━━━━━━━━━━━━━━

  × This property name should be in camelCase.
  
    38 │ declare module "slate" {
    39 │ 	interface CustomTypes {
  > 40 │ 		Editor: BaseEditor & ReactEditor;
       │ 		^^^^^^
    41 │ 		Element: CustomElement;
    42 │ 		Text: CustomText;
  

apps/web/src/components/TextEditor/index.tsx:41:3 lint/style/useNamingConvention ━━━━━━━━━━━━━━━━━━━

  × This property name should be in camelCase.
  
    39 │ 	interface CustomTypes {
    40 │ 		Editor: BaseEditor & ReactEditor;
  > 41 │ 		Element: CustomElement;
       │ 		^^^^^^^
    42 │ 		Text: CustomText;
    43 │ 	}
  

apps/web/src/components/TextEditor/index.tsx:42:3 lint/style/useNamingConvention ━━━━━━━━━━━━━━━━━━━

  × This property name should be in camelCase.
  
    40 │ 		Editor: BaseEditor & ReactEditor;
    41 │ 		Element: CustomElement;
  > 42 │ 		Text: CustomText;
       │ 		^^^^
    43 │ 	}
    44 │ }
  

apps/web/src/components/ViewAllTasks/GroupColumn/Group.tsx:202:33 lint/nursery/noShadow ━━━━━━━━━━━━

  × This variable shadows another variable with the same name in the outer scope.
  
    200 │ 		if (!sprintId) {
    201 │ 			return sortedItems.map((sortedTask, index) => {
  > 202 │ 				const item = allItems.find((item) => {
        │ 				                            ^^^^
    203 │ 					return item?.task?.id === sortedTask.id;
    204 │ 				});
  
  i This is the shadowed variable, which is now inaccessible in the inner scope.
  
    200 │ 		if (!sprintId) {
    201 │ 			return sortedItems.map((sortedTask, index) => {
  > 202 │ 				const item = allItems.find((item) => {
        │ 				      ^^^^
    203 │ 					return item?.task?.id === sortedTask.id;
    204 │ 				});
  
  i Consider renaming this variable. It's easy to confuse the origin of variables if they share the same name.
  

apps/web/src/components/ViewAllTasks/GroupColumn/Group.tsx:114:56 lint/nursery/noShadow ━━━━━━━━━━━━

  × This variable shadows another variable with the same name in the outer scope.
  
    112 │ 	);
    113 │ 
  > 114 │ 	const renderSubtasks = (parentTask: Task | undefined, subtasks: Task[]) => (
        │ 	                                                      ^^^^^^^^
    115 │ 		<div
    116 │ 			key={parentTask?.id}
  
  i This is the shadowed variable, which is now inaccessible in the inner scope.
  
    145 │ 	// Separate parent tasks and subtasks
    146 │ 	const parentTasks = tasks.filter((task) => !task.parentId);
  > 147 │ 	const subtasks = tasks.filter((task) => task.parentId);
        │ 	      ^^^^^^^^
    148 │ 
    149 │ 	const renderableItems = parentTasks.map((task) => {
  
  i Consider renaming this variable. It's easy to confuse the origin of variables if they share the same name.
  

apps/web/src/components/ViewAllTasks/GroupColumn/Group.tsx:210:32 lint/nursery/noShadow ━━━━━━━━━━━━

  × This variable shadows another variable with the same name in the outer scope.
  
    208 │ 		// else render items with matching sprintId
    209 │ 		return sortedItems.map((sortedTask, index) => {
  > 210 │ 			const item = allItems.find((item) => {
        │ 			                            ^^^^
    211 │ 				return (
    212 │ 					item?.task?.id === sortedTask.id && item?.task.sprintId === sprintId
  
  i This is the shadowed variable, which is now inaccessible in the inner scope.
  
    208 │ 		// else render items with matching sprintId
    209 │ 		return sortedItems.map((sortedTask, index) => {
  > 210 │ 			const item = allItems.find((item) => {
        │ 			      ^^^^
    211 │ 				return (
    212 │ 					item?.task?.id === sortedTask.id && item?.task.sprintId === sprintId
  
  i Consider renaming this variable. It's easy to confuse the origin of variables if they share the same name.
  

apps/web/src/components/ViewAllTasks/GroupColumn/Group.tsx:221:31 lint/nursery/noShadow ━━━━━━━━━━━━

  × This variable shadows another variable with the same name in the outer scope.
  
    219 │ 	// Render the sorted items
    220 │ 	return sortedItems.map((sortedTask, index) => {
  > 221 │ 		const item = allItems.find((item) => {
        │ 		                            ^^^^
    222 │ 			return item?.task?.id === sortedTask.id;
    223 │ 		});
  
  i This is the shadowed variable, which is now inaccessible in the inner scope.
  
    219 │ 	// Render the sorted items
    220 │ 	return sortedItems.map((sortedTask, index) => {
  > 221 │ 		const item = allItems.find((item) => {
        │ 		      ^^^^
    222 │ 			return item?.task?.id === sortedTask.id;
    223 │ 		});
  
  i Consider renaming this variable. It's easy to confuse the origin of variables if they share the same name.
  

apps/web/src/components/ViewAllTasks/GroupColumn/Group.tsx:59:14 lint/style/useConsistentCurlyBraces  FIXABLE  ━━━━━━━━━━

  × Should not have curly braces around expression.
  
    57 │ 				task={task}
    58 │ 				index={index}
  > 59 │ 				location={"dashboard"}
       │ 				         ^^^^^^^^^^^^^
    60 │ 				isDisabled={!!allBlockedTaskIds.find((id) => id === task.id)}
    61 │ 			/>
  
  i JSX attribute value does not need to be wrapped in curly braces.
  
  i Unsafe fix: Remove curly braces around the expression.
  
    59 │ → → → → location={"dashboard"}
       │                  -           -

apps/web/src/components/ViewAllTasks/GroupColumn/Group.tsx:77:14 lint/style/useConsistentCurlyBraces  FIXABLE  ━━━━━━━━━━

  × Should not have curly braces around expression.
  
    75 │ 				task={task}
    76 │ 				index={index}
  > 77 │ 				location={"dashboard"}
       │ 				         ^^^^^^^^^^^^^
    78 │ 				isDisabled={!!allBlockedTaskIds.find((id) => id === task.id)}
    79 │ 			/>
  
  i JSX attribute value does not need to be wrapped in curly braces.
  
  i Unsafe fix: Remove curly braces around the expression.
  
    77 │ → → → → location={"dashboard"}
       │                  -           -

apps/web/src/components/ViewAllTasks/GroupColumn/Group.tsx:99:20 lint/style/useConsistentCurlyBraces  FIXABLE  ━━━━━━━━━━

  × Should not have curly braces around expression.
  
     97 │ 										task={subtask}
     98 │ 										index={subIndex}
   > 99 │ 										location={"dashboard"}
        │ 										         ^^^^^^^^^^^^^
    100 │ 										isSubtask={true}
    101 │ 										isDisabled={
  
  i JSX attribute value does not need to be wrapped in curly braces.
  
  i Unsafe fix: Remove curly braces around the expression.
  
    99 │ → → → → → → → → → → location={"dashboard"}
       │                              -           -

apps/web/src/components/ViewAllTasks/GroupColumn/Group.tsx:132:16 lint/style/useConsistentCurlyBraces  FIXABLE  ━━━━━━━━━━

  × Should not have curly braces around expression.
  
    130 │ 						task={subtask}
    131 │ 						index={index}
  > 132 │ 						location={"dashboard"}
        │ 						         ^^^^^^^^^^^^^
    133 │ 						isSubtask={true}
    134 │ 						isDisabled={!!allBlockedTaskIds.find((id) => id === subtask.id)}
  
  i JSX attribute value does not need to be wrapped in curly braces.
  
  i Unsafe fix: Remove curly braces around the expression.
  
    132 │ → → → → → → location={"dashboard"}
        │                      -           -

apps/web/src/components/ViewAllTasks/GroupColumn/Group.tsx:68:3 lint/nursery/noShadow ━━━━━━━━━━━━━━

  × This variable shadows another variable with the same name in the outer scope.
  
    66 │ 		task: Task,
    67 │ 		index: number,
  > 68 │ 		subtasks: Task[],
       │ 		^^^^^^^^
    69 │ 	) => (
    70 │ 		<div
  
  i This is the shadowed variable, which is now inaccessible in the inner scope.
  
    145 │ 	// Separate parent tasks and subtasks
    146 │ 	const parentTasks = tasks.filter((task) => !task.parentId);
  > 147 │ 	const subtasks = tasks.filter((task) => task.parentId);
        │ 	      ^^^^^^^^
    148 │ 
    149 │ 	const renderableItems = parentTasks.map((task) => {
  
  i Consider renaming this variable. It's easy to confuse the origin of variables if they share the same name.
  

apps/web/src/components/ViewAllTasks/HiddenColumns.tsx:26:3 lint/style/useDefaultSwitchClause ━━━━━━━━━━

  × Expected a default switch clause.
  
    25 │ 	const formatColumnTitle = (title: string) => {
  > 26 │ 		switch (groupTasksBy) {
       │ 		^^^^^^^^^^^^^^^^^^^^^^^
  > 27 │ 			case "Status":
        ...
  > 46 │ 			// 	return title;
  > 47 │ 		}
       │ 		^
    48 │ 	};
    49 │ 
  
  i The lack of a default clause can be a possible omission.
  
  i Consider adding a default clause.
  

apps/web/src/components/ViewAllTasks/HiddenColumns.tsx:68:17 lint/style/noNestedTernary ━━━━━━━━━━━━

  × Do not nest ternary expressions.
  
    66 │ 												{groupTasksBy === "Status" ? (
    67 │ 													<StatusIcon status={column as Status} />
  > 68 │ 												) : groupTasksBy === "Priority" ? (
       │ 												    ^^^^^^^^^^^^^^^^^^^^^^^^^^^^^^^
  > 69 │ 													<PriorityIcon priority={column as Priority} />
  > 70 │ 												) : (
  > 71 │ 													""
  > 72 │ 												)}
       │ 												^
    73 │ 											</div>
    74 │ 											<span>{formatColumnTitle(column)}</span>
  
  i Nesting ternary expressions can make code more difficult to understand.
  
  i Convert nested ternary expression into if-else statements or separate the conditions to make the logic easier to understand.
  

apps/web/src/components/ViewAllTasks/HiddenColumns.tsx:30:30 lint/nursery/noShadow ━━━━━━━━━━━━━━━━━

  × This variable shadows another variable with the same name in the outer scope.
  
    28 │ 				return formatStatus(title as Status);
    29 │ 			case "Assignee": {
  > 30 │ 				const user = users.find((user) => user.externalId === title);
       │ 				                         ^^^^
    31 │ 				return user ? user.name : "Unassigned";
    32 │ 			}
  
  i This is the shadowed variable, which is now inaccessible in the inner scope.
  
    28 │ 				return formatStatus(title as Status);
    29 │ 			case "Assignee": {
  > 30 │ 				const user = users.find((user) => user.externalId === title);
       │ 				      ^^^^
    31 │ 				return user ? user.name : "Unassigned";
    32 │ 			}
  
  i Consider renaming this variable. It's easy to confuse the origin of variables if they share the same name.
  

apps/web/src/components/ViewAllTasks/PageLayout.tsx:54:18 lint/style/noNestedTernary ━━━━━━━━━━━━━━━

  × Do not nest ternary expressions.
  
     52 │ 				<TopNavBar pageTitle={pageTitle} />
     53 │ 			</div>
   > 54 │ 			{authorized ? user && tasks.length === 0 ? (
        │ 			              ^^^^^^^^^^^^^^^^^^^^^^^^^^^^^^
   > 55 │ 				<div className="flex h-full w-full flex-col items-center justify-center gap-4">
         ...
  > 101 │ 				</div>
  > 102 │ 			) : (
        │ 			^
    103 │ 				<div className="flex h-full w-screen flex-col items-center bg-background">
    104 │ 					<div className="flex h-full w-full flex-col items-center justify-center text-foreground">
  
  i Nesting ternary expressions can make code more difficult to understand.
  
  i Convert nested ternary expression into if-else statements or separate the conditions to make the logic easier to understand.
  

apps/web/src/components/ViewAllTasks/PageLayout.tsx:66:8 lint/style/noNestedTernary ━━━━━━━━━━━━━━━━

  × Do not nest ternary expressions.
  
     64 │ 					<NoTasksNewTaskButton />
     65 │ 				</div>
   > 66 │ 			) : currentWorkspace ? (
        │ 			    ^^^^^^^^^^^^^^^^^^^^
   > 67 │ 				<div className="grow overflow-hidden">
         ...
  > 101 │ 				</div>
  > 102 │ 			) : (
        │ 			^
    103 │ 				<div className="flex h-full w-screen flex-col items-center bg-background">
    104 │ 					<div className="flex h-full w-full flex-col items-center justify-center text-foreground">
  
  i Nesting ternary expressions can make code more difficult to understand.
  
  i Convert nested ternary expression into if-else statements or separate the conditions to make the logic easier to understand.
  

apps/web/src/components/ViewAllTasks/PageLayout.tsx lint/style/useFilenamingConvention ━━━━━━━━━━━━━

  × The filename should be in camelCase or kebab-case or snake_case or equal to the name of an export.
  
  i The filename could be renamed to one of the following names:
    page-layout.tsx
    pageLayout.tsx
    page_layout.tsx
  

apps/web/src/components/ViewAllTasks/TaskCard/TaskContextMenu/AssigneeSubContextMenu.tsx:73:13 lint/nursery/noShadow ━━━━━━━━━━

  × This variable shadows another variable with the same name in the outer scope.
  
    71 │ 					{users
    72 │ 						?.sort((a, b) => formatName(a).localeCompare(formatName(b)))
  > 73 │ 						.map((user) => {
       │ 						      ^^^^
    74 │ 							return (
    75 │ 								<ContextMenuItem
  
  i This is the shadowed variable, which is now inaccessible in the inner scope.
  
    19 │ const AssigneeSubContextMenu = ({ task }: ContextMenuProps) => {
  > 20 │ 	const { user, users } = useUsers();
       │ 	        ^^^^
    21 │ 	const { updateTask } = useTaskStore((state) => state);
    22 │ 	const taskId = task.id;
  
  i Consider renaming this variable. It's easy to confuse the origin of variables if they share the same name.
  

apps/web/src/components/ViewAllTasks/TaskCard/TaskContextMenu/index.tsx:46:7 lint/style/noProcessEnv ━━━━━━━━━━

  × Don't use process.env.
  
    44 │ 	const copyTaskUrl = async () => {
    45 │ 		await navigator.clipboard.writeText(
  > 46 │ 			`${process.env.NEXT_PUBLIC_URL}/${organization?.slug}/task/${task.identifier}/${formatUrl(task.title)}`,
       │ 			   ^^^^^^^^^^^
    47 │ 		);
    48 │ 		toast.success("Task link copied to clipboard", {
  
  i Use a centralized configuration file instead for better maintainability and deployment consistency.
  

apps/web/src/components/ViewAllTasks/TaskCard/TaskList.tsx:47:14 lint/style/useConsistentCurlyBraces  FIXABLE  ━━━━━━━━━━

  × Should not have curly braces around expression.
  
    45 │ 	return (
    46 │ 		<Link
  > 47 │ 			className={
       │ 			          ^
  > 48 │ 				"group/main grid w-full grid-cols-24 items-center border-border border-t border-solid bg-card py-2 hover:bg-accent"
  > 49 │ 			}
       │ 			^
    50 │ 			href={`/${currentWorkspaceUrl}/task/${task?.identifier}/${formatUrl(task.title)}`}
    51 │ 		>
  
  i JSX attribute value does not need to be wrapped in curly braces.
  
  i Unsafe fix: Remove curly braces around the expression.
  
     45  45 │   	return (
     46  46 │   		<Link
     47     │ - → → → className={
         47 │ + → → → className=
     48  48 │   				"group/main grid w-full grid-cols-24 items-center border-border border-t border-solid bg-card py-2 hover:bg-accent"
     49     │ - → → → }
     50  49 │   			href={`/${currentWorkspaceUrl}/task/${task?.identifier}/${formatUrl(task.title)}`}
     51  50 │   		>
  

apps/web/src/components/ViewAllTasks/TaskColumnTitle.tsx:51:29 lint/nursery/noShadow ━━━━━━━━━━━━━━━

  × This variable shadows another variable with the same name in the outer scope.
  
    49 │ 	};
    50 │ 
  > 51 │ 	const formatColumnTitle = (title: string) => {
       │ 	                           ^^^^^
    52 │ 		switch (groupTasksBy) {
    53 │ 			case "Status":
  
  i This is the shadowed variable, which is now inaccessible in the inner scope.
  
    27 │ 	isListView,
    28 │ 	showTasks,
  > 29 │ 	title,
       │ 	^^^^^
    30 │ 	numberOfTasks,
    31 │ 	setShowTasks,
  
  i Consider renaming this variable. It's easy to confuse the origin of variables if they share the same name.
  

apps/web/src/components/ViewAllTasks/TaskColumnTitle.tsx:52:3 lint/style/useDefaultSwitchClause ━━━━━━━━━━

  × Expected a default switch clause.
  
    51 │ 	const formatColumnTitle = (title: string) => {
  > 52 │ 		switch (groupTasksBy) {
       │ 		^^^^^^^^^^^^^^^^^^^^^^^
  > 53 │ 			case "Status":
        ...
  > 66 │ 			// }
  > 67 │ 		}
       │ 		^
    68 │ 	};
    69 │ 
  
  i The lack of a default clause can be a possible omission.
  
  i Consider adding a default clause.
  

apps/web/src/components/ViewAllTasks/TaskColumnTitle.tsx:118:11 lint/style/noNestedTernary ━━━━━━━━━━

  × Do not nest ternary expressions.
  
    116 │ 						{groupTasksBy === "Status" ? (
    117 │ 							<StatusIcon status={title as Status} />
  > 118 │ 						) : groupTasksBy === "Priority" ? (
        │ 						    ^^^^^^^^^^^^^^^^^^^^^^^^^^^^^^^
  > 119 │ 							<PriorityIcon priority={title as Priority} />
         ...
  > 130 │ 							<div />
  > 131 │ 						)}
        │ 						^
    132 │ 						<div className="flex items-center gap-2">
    133 │ 							<span>{formatColumnTitle(title)}</span>
  
  i Nesting ternary expressions can make code more difficult to understand.
  
  i Convert nested ternary expression into if-else statements or separate the conditions to make the logic easier to understand.
  

apps/web/src/components/ViewAllTasks/TaskColumnTitle.tsx:120:11 lint/style/noNestedTernary ━━━━━━━━━━

  × Do not nest ternary expressions.
  
    118 │ 						) : groupTasksBy === "Priority" ? (
    119 │ 							<PriorityIcon priority={title as Priority} />
  > 120 │ 						) : groupTasksBy === "Assignee" && assignee ? (
        │ 						    ^^^^^^^^^^^^^^^^^^^^^^^^^^^^^^^^^^^^^^^^^^^
  > 121 │ 							<Avatar className="size-4 text-xxs">
         ...
  > 130 │ 							<div />
  > 131 │ 						)}
        │ 						^
    132 │ 						<div className="flex items-center gap-2">
    133 │ 							<span>{formatColumnTitle(title)}</span>
  
  i Nesting ternary expressions can make code more difficult to understand.
  
  i Convert nested ternary expression into if-else statements or separate the conditions to make the logic easier to understand.
  

apps/web/src/components/ViewAllTasks/TaskColumnTitle.tsx:127:11 lint/style/noNestedTernary ━━━━━━━━━━

  × Do not nest ternary expressions.
  
    125 │ 								</AvatarFallback>
    126 │ 							</Avatar>
  > 127 │ 						) : groupTasksBy === "Label" && label ? (
        │ 						    ^^^^^^^^^^^^^^^^^^^^^^^^^^^^^^^^^^^^^
  > 128 │ 							<LabelColor label={label} />
  > 129 │ 						) : (
  > 130 │ 							<div />
  > 131 │ 						)}
        │ 						^
    132 │ 						<div className="flex items-center gap-2">
    133 │ 							<span>{formatColumnTitle(title)}</span>
  
  i Nesting ternary expressions can make code more difficult to understand.
  
  i Convert nested ternary expression into if-else statements or separate the conditions to make the logic easier to understand.
  

apps/web/src/components/ViewAllTasks/TaskColumnTitle.tsx:150:12 lint/style/noNestedTernary ━━━━━━━━━━

  × Do not nest ternary expressions.
  
    148 │ 							{groupTasksBy === "Status" ? (
    149 │ 								<StatusIcon status={title as Status} />
  > 150 │ 							) : groupTasksBy === "Priority" ? (
        │ 							    ^^^^^^^^^^^^^^^^^^^^^^^^^^^^^^^
  > 151 │ 								<PriorityIcon priority={title as Priority} />
         ...
  > 162 │ 								<div />
  > 163 │ 							)}
        │ 							^
    164 │ 							<div className="flex items-center gap-2">
    165 │ 								<span className="max-w-36 truncate text-sm">
  
  i Nesting ternary expressions can make code more difficult to understand.
  
  i Convert nested ternary expression into if-else statements or separate the conditions to make the logic easier to understand.
  

apps/web/src/components/ViewAllTasks/TaskColumnTitle.tsx:152:12 lint/style/noNestedTernary ━━━━━━━━━━

  × Do not nest ternary expressions.
  
    150 │ 							) : groupTasksBy === "Priority" ? (
    151 │ 								<PriorityIcon priority={title as Priority} />
  > 152 │ 							) : groupTasksBy === "Assignee" && assignee ? (
        │ 							    ^^^^^^^^^^^^^^^^^^^^^^^^^^^^^^^^^^^^^^^^^^^
  > 153 │ 								<Avatar className="size-4 text-xxs">
         ...
  > 162 │ 								<div />
  > 163 │ 							)}
        │ 							^
    164 │ 							<div className="flex items-center gap-2">
    165 │ 								<span className="max-w-36 truncate text-sm">
  
  i Nesting ternary expressions can make code more difficult to understand.
  
  i Convert nested ternary expression into if-else statements or separate the conditions to make the logic easier to understand.
  

apps/web/src/components/ViewAllTasks/TaskColumnTitle.tsx:159:12 lint/style/noNestedTernary ━━━━━━━━━━

  × Do not nest ternary expressions.
  
    157 │ 									</AvatarFallback>
    158 │ 								</Avatar>
  > 159 │ 							) : groupTasksBy === "Label" && label ? (
        │ 							    ^^^^^^^^^^^^^^^^^^^^^^^^^^^^^^^^^^^^^
  > 160 │ 								<LabelColor label={label} />
  > 161 │ 							) : (
  > 162 │ 								<div />
  > 163 │ 							)}
        │ 							^
    164 │ 							<div className="flex items-center gap-2">
    165 │ 								<span className="max-w-36 truncate text-sm">
  
  i Nesting ternary expressions can make code more difficult to understand.
  
  i Convert nested ternary expression into if-else statements or separate the conditions to make the logic easier to understand.
  

apps/web/src/components/WorkspaceImage/WorkspaceImage.interfaces.ts lint/style/useFilenamingConvention ━━━━━━━━━━

  × The filename should be in camelCase or kebab-case or snake_case or equal to the name of an export.
  
  i The filename could be renamed to one of the following names:
    workspace-image.interfaces.ts
    workspaceImage.interfaces.ts
    workspace_image.interfaces.ts
  

apps/web/src/components/ui/breadcrumb.tsx:1:22 lint/correctness/noUndeclaredDependencies ━━━━━━━━━━━

  × Dependency @radix-ui/react-slot isn't specified in apps/web/package.json.
  
  > 1 │ import { Slot } from "@radix-ui/react-slot";
      │                      ^^^^^^^^^^^^^^^^^^^^^^
    2 │ import { ChevronRight } from "@squaredmade/icons";
    3 │ import { cn } from "@squaredmade/ui/cn";
  
  i This could lead to errors.
  
  i Add the dependency in your manifest.
  

apps/web/src/components/ui/chart.tsx:11:3 lint/style/useNamingConvention ━━━━━━━━━━━━━━━━━━━━━━━━━━━

  × This type parameter name should be in PascalCase.
  
    10 │ export type ChartConfig = {
  > 11 │ 	[k in string]: {
       │ 	 ^
    12 │ 		label?: React.ReactNode;
    13 │ 		icon?: React.ComponentType;
  

apps/web/src/components/ui/chart.tsx:4:8 lint/performance/noNamespaceImport ━━━━━━━━━━━━━━━━━━━━━━━━

  × Avoid namespace imports, it can prevent efficient tree shaking and increase bundle size.
  
    3 │ import { cn } from "@squaredmade/ui/cn";
  > 4 │ import * as React from "react";
      │        ^^^^^^^^^^^^^^^^^^^^^^^
    5 │ import * as RechartsPrimitive from "recharts";
    6 │ 
  
  i Use named imports instead.
  

apps/web/src/components/ui/chart.tsx:5:8 lint/performance/noNamespaceImport ━━━━━━━━━━━━━━━━━━━━━━━━

  × Avoid namespace imports, it can prevent efficient tree shaking and increase bundle size.
  
    3 │ import { cn } from "@squaredmade/ui/cn";
    4 │ import * as React from "react";
  > 5 │ import * as RechartsPrimitive from "recharts";
      │        ^^^^^^^^^^^^^^^^^^^^^^^^^^^^^^^^^^^^^^
    6 │ 
    7 │ // Format: { THEME_NAME: CSS_SELECTOR }
  
  i Use named imports instead.
  

apps/web/src/components/ui/chart.tsx:76:6 lint/style/useExplicitLengthCheck  FIXABLE  ━━━━━━━━━━━━━━

  × Use .length === 0 when checking .length is zero.
  
    74 │ 	);
    75 │ 
  > 76 │ 	if (!colorConfig.length) {
       │ 	    ^^^^^^^^^^^^^^^^^^^
    77 │ 		return null;
    78 │ 	}
  
  i Unsafe fix: Replace .length with .length === 0
  
     74  74 │   	);
     75  75 │   
     76     │ - → if·(!colorConfig.length)·{
         76 │ + → if·(colorConfig.length·===·0)·{
     77  77 │   		return null;
     78  78 │   	}
  

apps/web/src/components/ui/chart.tsx:132:20 lint/style/useExplicitLengthCheck  FIXABLE  ━━━━━━━━━━━━

  × Use .length === 0 when checking .length is zero.
  
    131 │ 	const tooltipLabel = React.useMemo(() => {
  > 132 │ 		if (hideLabel || !payload?.length) {
        │ 		                 ^^^^^^^^^^^^^^^^
    133 │ 			return null;
    134 │ 		}
  
  i Unsafe fix: Replace .length with .length === 0
  
    130 130 │   
    131 131 │   	const tooltipLabel = React.useMemo(() => {
    132     │ - → → if·(hideLabel·||·!payload?.length)·{
        132 │ + → → if·(hideLabel·||·payload?.length·===·0)·{
    133 133 │   			return null;
    134 134 │   		}
  

apps/web/src/components/ui/chart.tsx:167:18 lint/style/useExplicitLengthCheck  FIXABLE  ━━━━━━━━━━━━

  × Use .length > 0 when checking .length is not zero.
  
    165 │ 	]);
    166 │ 
  > 167 │ 	if (!(active && payload?.length)) {
        │ 	                ^^^^^^^^^^^^^^^
    168 │ 		return null;
    169 │ 	}
  
  i Unsafe fix: Replace .length with .length > 0
  
    167 │ → if·(!(active·&&·payload?.length·>·0))·{
        │                                  ++++    

apps/web/src/components/ui/chart.tsx:266:6 lint/style/useExplicitLengthCheck  FIXABLE  ━━━━━━━━━━━━━

  × Use .length === 0 when checking .length is zero.
  
    264 │ 	const { config } = useChart();
    265 │ 
  > 266 │ 	if (!payload?.length) {
        │ 	    ^^^^^^^^^^^^^^^^
    267 │ 		return null;
    268 │ 	}
  
  i Unsafe fix: Replace .length with .length === 0
  
    264 264 │   	const { config } = useChart();
    265 265 │   
    266     │ - → if·(!payload?.length)·{
        266 │ + → if·(payload?.length·===·0)·{
    267 267 │   		return null;
    268 268 │   	}
  

apps/web/src/components/ui/chart.tsx:73:7 lint/nursery/noShadow ━━━━━━━━━━━━━━━━━━━━━━━━━━━━━━━━━━━━

  × This variable shadows another variable with the same name in the outer scope.
  
    71 │ const ChartStyle = ({ id, config }: { id: string; config: ChartConfig }) => {
    72 │ 	const colorConfig = Object.entries(config).filter(
  > 73 │ 		([, config]) => config.theme || config.color,
       │ 		    ^^^^^^
    74 │ 	);
    75 │ 
  
  i This is the shadowed variable, which is now inaccessible in the inner scope.
  
    69 │ }
    70 │ 
  > 71 │ const ChartStyle = ({ id, config }: { id: string; config: ChartConfig }) => {
       │                           ^^^^^^
    72 │ 	const colorConfig = Object.entries(config).filter(
    73 │ 		([, config]) => config.theme || config.color,
  
  i Consider renaming this variable. It's easy to confuse the origin of variables if they share the same name.
  

apps/web/src/components/ui/context-menu.tsx:3:8 lint/performance/noNamespaceImport ━━━━━━━━━━━━━━━━━

  × Avoid namespace imports, it can prevent efficient tree shaking and increase bundle size.
  
    1 │ "use client";
    2 │ 
  > 3 │ import * as ContextMenuPrimitive from "@radix-ui/react-context-menu";
      │        ^^^^^^^^^^^^^^^^^^^^^^^^^^^^^^^^^^^^^^^^^^^^^^^^^^^^^^^^^^^^^
    4 │ import { CheckIcon, ChevronRightIcon, CircleIcon } from "lucide-react";
    5 │ import type * as React from "react";
  
  i Use named imports instead.
  

apps/web/src/components/ui/date-picker.tsx:14:8 lint/performance/noNamespaceImport ━━━━━━━━━━━━━━━━━

  × Avoid namespace imports, it can prevent efficient tree shaking and increase bundle size.
  
    12 │ } from "@squaredmade/ui/popover";
    13 │ import { format } from "date-fns";
  > 14 │ import * as React from "react";
       │        ^^^^^^^^^^^^^^^^^^^^^^^
    15 │ 
    16 │ interface DatePickerProps {
  
  i Use named imports instead.
  

apps/web/src/components/ui/hover-card.tsx:3:8 lint/performance/noNamespaceImport ━━━━━━━━━━━━━━━━━━━

  × Avoid namespace imports, it can prevent efficient tree shaking and increase bundle size.
  
    1 │ "use client";
    2 │ 
  > 3 │ import * as HoverCardPrimitive from "@radix-ui/react-hover-card";
      │        ^^^^^^^^^^^^^^^^^^^^^^^^^^^^^^^^^^^^^^^^^^^^^^^^^^^^^^^^^
    4 │ import { cn } from "@squaredmade/ui/cn";
    5 │ import type * as React from "react";
  
  i Use named imports instead.
  

apps/web/src/components/ui/progress.tsx:3:8 lint/performance/noNamespaceImport ━━━━━━━━━━━━━━━━━━━━━

  × Avoid namespace imports, it can prevent efficient tree shaking and increase bundle size.
  
    1 │ "use client";
    2 │ 
  > 3 │ import * as ProgressPrimitive from "@radix-ui/react-progress";
      │        ^^^^^^^^^^^^^^^^^^^^^^^^^^^^^^^^^^^^^^^^^^^^^^^^^^^^^^
    4 │ import type * as React from "react";
    5 │ 
  
  i Use named imports instead.
  

apps/web/src/components/ui/scroll-area.tsx:3:8 lint/performance/noNamespaceImport ━━━━━━━━━━━━━━━━━━

  × Avoid namespace imports, it can prevent efficient tree shaking and increase bundle size.
  
    1 │ "use client";
    2 │ 
  > 3 │ import * as ScrollAreaPrimitive from "@radix-ui/react-scroll-area";
      │        ^^^^^^^^^^^^^^^^^^^^^^^^^^^^^^^^^^^^^^^^^^^^^^^^^^^^^^^^^^^
    4 │ import type * as React from "react";
    5 │ 
  
  i Use named imports instead.
  

apps/web/src/components/ui/sidebar.tsx:1:22 lint/correctness/noUndeclaredDependencies ━━━━━━━━━━━━━━

  × Dependency @radix-ui/react-slot isn't specified in apps/web/package.json.
  
  > 1 │ import { Slot } from "@radix-ui/react-slot";
      │                      ^^^^^^^^^^^^^^^^^^^^^^
    2 │ import { PanelLeft } from "@squaredmade/icons";
    3 │ import { Button } from "@squaredmade/ui/button";
  
  i This could lead to errors.
  
  i Add the dependency in your manifest.
  

apps/web/src/components/ui/sidebar.tsx:93:22 lint/nursery/noShadow ━━━━━━━━━━━━━━━━━━━━━━━━━━━━━━━━━

  × This variable shadows another variable with the same name in the outer scope.
  
    91 │ 		const toggleSidebar = React.useCallback(() => {
    92 │ 			return isMobile
  > 93 │ 				? setOpenMobile((open) => !open)
       │ 				                 ^^^^
    94 │ 				: setOpen((open) => !open);
    95 │ 		}, [isMobile, setOpen, setOpenMobile]);
  
  i This is the shadowed variable, which is now inaccessible in the inner scope.
  
    71 │ 		// We use openProp and setOpenProp for control from outside the component.
    72 │ 		const [_open, _setOpen] = React.useState(defaultOpen);
  > 73 │ 		const open = openProp ?? _open;
       │ 		      ^^^^
    74 │ 		const setOpen = React.useCallback(
    75 │ 			(value: boolean | ((value: boolean) => boolean)) => {
  
  i Consider renaming this variable. It's easy to confuse the origin of variables if they share the same name.
  

apps/web/src/components/ui/sidebar.tsx:94:16 lint/nursery/noShadow ━━━━━━━━━━━━━━━━━━━━━━━━━━━━━━━━━

  × This variable shadows another variable with the same name in the outer scope.
  
    92 │ 			return isMobile
    93 │ 				? setOpenMobile((open) => !open)
  > 94 │ 				: setOpen((open) => !open);
       │ 				           ^^^^
    95 │ 		}, [isMobile, setOpen, setOpenMobile]);
    96 │ 
  
  i This is the shadowed variable, which is now inaccessible in the inner scope.
  
    71 │ 		// We use openProp and setOpenProp for control from outside the component.
    72 │ 		const [_open, _setOpen] = React.useState(defaultOpen);
  > 73 │ 		const open = openProp ?? _open;
       │ 		      ^^^^
    74 │ 		const setOpen = React.useCallback(
    75 │ 			(value: boolean | ((value: boolean) => boolean)) => {
  
  i Consider renaming this variable. It's easy to confuse the origin of variables if they share the same name.
  

apps/web/src/components/ui/sidebar.tsx:16:8 lint/performance/noNamespaceImport ━━━━━━━━━━━━━━━━━━━━━

  × Avoid namespace imports, it can prevent efficient tree shaking and increase bundle size.
  
    14 │ } from "@squaredmade/ui/tooltip";
    15 │ import { cva, type VariantProps } from "class-variance-authority";
  > 16 │ import * as React from "react";
       │        ^^^^^^^^^^^^^^^^^^^^^^^
    17 │ import { useIsMobile } from "@/hooks/useMobile";
    18 │ 
  
  i Use named imports instead.
  

apps/web/src/components/ui/sidebar.tsx:75:24 lint/nursery/noShadow ━━━━━━━━━━━━━━━━━━━━━━━━━━━━━━━━━

  × This variable shadows another variable with the same name in the outer scope.
  
    73 │ 		const open = openProp ?? _open;
    74 │ 		const setOpen = React.useCallback(
  > 75 │ 			(value: boolean | ((value: boolean) => boolean)) => {
       │ 			                    ^^^^^
    76 │ 				const openState = typeof value === "function" ? value(open) : value;
    77 │ 				if (setOpenProp) {
  
  i This is the shadowed variable, which is now inaccessible in the inner scope.
  
    73 │ 		const open = openProp ?? _open;
    74 │ 		const setOpen = React.useCallback(
  > 75 │ 			(value: boolean | ((value: boolean) => boolean)) => {
       │ 			 ^^^^^
    76 │ 				const openState = typeof value === "function" ? value(open) : value;
    77 │ 				if (setOpenProp) {
  
  i Consider renaming this variable. It's easy to confuse the origin of variables if they share the same name.
  

apps/web/src/gen/rpc/event.ts:34:2 lint/style/useNamingConvention ━━━━━━━━━━━━━━━━━━━━━━━━━━━━━━━━━━

  × This property name should be in camelCase.
  
    33 │ export type GetNotificationsResponse = {
  > 34 │ 	Task: {
       │ 	^^^^
    35 │ 		assigneeId: string | null;
    36 │ 		authorId: string;
  

apps/web/src/gen/rpc/event.ts:67:2 lint/style/useNamingConvention ━━━━━━━━━━━━━━━━━━━━━━━━━━━━━━━━━━

  × This property name should be in camelCase.
  
    65 │ 		workspaceId: string;
    66 │ 	};
  > 67 │ 	Workspace: {
       │ 	^^^^^^^^^
    68 │ 		admins: string[];
    69 │ 		avatarUrl: string | null;
  

apps/web/src/gen/rpc/event.ts:179:2 lint/style/useNamingConvention ━━━━━━━━━━━━━━━━━━━━━━━━━━━━━━━━━

  × This property name should be in camelCase.
  
    178 │ export type ToggleNotificationResponse = {
  > 179 │ 	Task: {
        │ 	^^^^
    180 │ 		assigneeId: string | null;
    181 │ 		authorId: string;
  

apps/web/src/gen/rpc/event.ts:212:2 lint/style/useNamingConvention ━━━━━━━━━━━━━━━━━━━━━━━━━━━━━━━━━

  × This property name should be in camelCase.
  
    210 │ 		workspaceId: string;
    211 │ 	};
  > 212 │ 	Workspace: {
        │ 	^^^^^^^^^
    213 │ 		admins: string[];
    214 │ 		avatarUrl: string | null;
  

apps/web/src/hooks/useGroups.ts:304:10 lint/nursery/noShadow ━━━━━━━━━━━━━━━━━━━━━━━━━━━━━━━━━━━━━━━

  × This variable shadows another variable with the same name in the outer scope.
  
    302 │ 		const groupColumnTitles = getGroupColumnTitles(groupTasksBy);
    303 │ 		return groupColumnTitles.filter((group) => {
  > 304 │ 			const tasks = getTasksForGroup(group);
        │ 			      ^^^^^
    305 │ 			if (displayOptions.groupTasksBy === "Status") {
    306 │ 				if (group === Status.archived) return false;
  
  i This is the shadowed variable, which is now inaccessible in the inner scope.
  
    12 │ export function useGroups(filterTasks: (tasks: Task[]) => Task[]) {
  > 13 │ 	const { tasks } = useTaskStore((state) => state);
       │ 	        ^^^^^
    14 │ 	const { workspace } = useWorkspaceStore((state) => state);
    15 │ 	const { users } = useUserStore((state) => state);
  
  i Consider renaming this variable. It's easy to confuse the origin of variables if they share the same name.
  

apps/web/src/hooks/useGroups.ts:162:3 lint/nursery/noShadow ━━━━━━━━━━━━━━━━━━━━━━━━━━━━━━━━━━━━━━━━

  × This variable shadows another variable with the same name in the outer scope.
  
    161 │ 	const filterTasksByPeriod = (
  > 162 │ 		tasks: Task[],
        │ 		^^^^^
    163 │ 		period: CompletedTaskPeriod,
    164 │ 	): Task[] => {
  
  i This is the shadowed variable, which is now inaccessible in the inner scope.
  
    12 │ export function useGroups(filterTasks: (tasks: Task[]) => Task[]) {
  > 13 │ 	const { tasks } = useTaskStore((state) => state);
       │ 	        ^^^^^
    14 │ 	const { workspace } = useWorkspaceStore((state) => state);
    15 │ 	const { users } = useUserStore((state) => state);
  
  i Consider renaming this variable. It's easy to confuse the origin of variables if they share the same name.
  

apps/web/src/hooks/useMobile.tsx:1:8 lint/performance/noNamespaceImport ━━━━━━━━━━━━━━━━━━━━━━━━━━━━

  × Avoid namespace imports, it can prevent efficient tree shaking and increase bundle size.
  
  > 1 │ import * as React from "react";
      │        ^^^^^^^^^^^^^^^^^^^^^^^
    2 │ 
    3 │ const MOBILE_BREAKPOINT = 768;
  
  i Use named imports instead.
  

apps/web/src/hooks/useSprints.ts:41:8 lint/style/useExplicitLengthCheck  FIXABLE  ━━━━━━━━━━━━━━━━━━

  × Use .length === 0 when checking .length is zero.
  
    39 │ 			});
    40 │ 			const sprints = await res.json();
  > 41 │ 			if (!sprints.length) throw new Error("No sprints found");
       │ 			    ^^^^^^^^^^^^^^^
    42 │ 			return sprints;
    43 │ 		},
  
  i Unsafe fix: Replace .length with .length === 0
  
     39  39 │   			});
     40  40 │   			const sprints = await res.json();
     41     │ - → → → if·(!sprints.length)·throw·new·Error("No·sprints·found");
         41 │ + → → → if·(sprints.length·===·0)·throw·new·Error("No·sprints·found");
     42  42 │   			return sprints;
     43  43 │   		},
  

apps/web/src/hooks/useSprints.ts:55:12 lint/suspicious/useAwait ━━━━━━━━━━━━━━━━━━━━━━━━━━━━━━━━━━━━

  × This async function lacks an await expression.
  
    53 │ 	const sprintQuery = useQuery({
    54 │ 		queryKey: ["sprint", sprintsQuery.data, sprintId],
  > 55 │ 		queryFn: async () => {
       │ 		         ^^^^^^^^^^^^^
  > 56 │ 			if (!sprintsQuery.data) return;
        ...
  > 64 │ 			return foundSprint;
  > 65 │ 		},
       │ 		^
    66 │ 		enabled: !!sprintsQuery.data,
    67 │ 	});
  
  i Remove this async modifier, or add an await expression in the function.
  
    53 │ 	const sprintQuery = useQuery({
    54 │ 		queryKey: ["sprint", sprintsQuery.data, sprintId],
  > 55 │ 		queryFn: async () => {
       │ 		         ^^^^^^^^^^^^^
  > 56 │ 			if (!sprintsQuery.data) return;
        ...
  > 64 │ 			return foundSprint;
  > 65 │ 		},
       │ 		^
    66 │ 		enabled: !!sprintsQuery.data,
    67 │ 	});
  
  i Async functions without await expressions may not need to be declared async.
  

apps/web/src/hooks/useTaskPage.ts:57:10 lint/nursery/noShadow ━━━━━━━━━━━━━━━━━━━━━━━━━━━━━━━━━━━━━━

  × This variable shadows another variable with the same name in the outer scope.
  
    55 │ 				parentId: taskQuery.data.id,
    56 │ 			});
  > 57 │ 			const subtasks = await res.json();
       │ 			      ^^^^^^^^
    58 │ 			setSubtasks(subtasks);
    59 │ 			return subtasks;
  
  i This is the shadowed variable, which is now inaccessible in the inner scope.
  
    17 │ 		tasks,
    18 │ 		setCurrentTask,
  > 19 │ 		subtasks,
       │ 		^^^^^^^^
    20 │ 		setSubtasks,
    21 │ 		currentTaskBlockingIds,
  
  i Consider renaming this variable. It's easy to confuse the origin of variables if they share the same name.
  

apps/web/src/hooks/useTeams.ts:23:10 lint/nursery/noShadow ━━━━━━━━━━━━━━━━━━━━━━━━━━━━━━━━━━━━━━━━━

  × This variable shadows another variable with the same name in the outer scope.
  
    21 │ 		queryFn: async () => {
    22 │ 			if (!(organization && teamIdentifier)) return false;
  > 23 │ 			const authorized = await client.user.isUserAuthorized
       │ 			      ^^^^^^^^^^
    24 │ 				.$get({
    25 │ 					teamIdentifier,
  
  i This is the shadowed variable, which is now inaccessible in the inner scope.
  
    17 │ 		parseParams(params.taskIdentifier)?.split("-")[0];
    18 │ 
  > 19 │ 	const { data: authorized = true, isLoading: authLoading } = useQuery({
       │ 	              ^^^^^^^^^^
    20 │ 		queryKey: ["team", "teamAuthorization", teamIdentifier],
    21 │ 		queryFn: async () => {
  
  i Consider renaming this variable. It's easy to confuse the origin of variables if they share the same name.
  

apps/web/src/hooks/useTeams.ts:52:13 lint/nursery/noShadow ━━━━━━━━━━━━━━━━━━━━━━━━━━━━━━━━━━━━━━━━━

  × This variable shadows another variable with the same name in the outer scope.
  
    50 │ 						teamId: currentTeam.id,
    51 │ 					})
  > 52 │ 					.then((res) => res.json());
       │ 					       ^^^
    53 │ 				setUsers(users);
    54 │ 			}
  
  i This is the shadowed variable, which is now inaccessible in the inner scope.
  
    40 │ 		queryFn: async () => {
    41 │ 			if (!organization) return { teams: [], team: null };
  > 42 │ 			const res = await client.team.getUserTeams.$get();
       │ 			      ^^^
    43 │ 			const allTeams = await res.json();
    44 │ 			setTeams(allTeams);
  
  i Consider renaming this variable. It's easy to confuse the origin of variables if they share the same name.
  

apps/web/src/hooks/useUsers.ts:15:13 lint/nursery/noShadow ━━━━━━━━━━━━━━━━━━━━━━━━━━━━━━━━━━━━━━━━━

  × This variable shadows another variable with the same name in the outer scope.
  
    13 │ 		memberships?.data
    14 │ 			?.map((membership) => membership.publicUserData)
  > 15 │ 			.filter((user): user is PublicUserData => Boolean(user)) ?? [];
       │ 			         ^^^^
    16 │ 
    17 │ 	return { user, users, loading: !(userLoaded && orgLoaded ) };
  
  i This is the shadowed variable, which is now inaccessible in the inner scope.
  
    4 │ export function useUsers() {
  > 5 │ 	const { user, isLoaded: userLoaded } = useUser();
      │ 	        ^^^^
    6 │ 	const { memberships, isLoaded: orgLoaded } = useOrganization({
    7 │ 		memberships: {
  
  i Consider renaming this variable. It's easy to confuse the origin of variables if they share the same name.
  

apps/web/src/lib/client.ts:10:6 lint/style/noProcessEnv ━━━━━━━━━━━━━━━━━━━━━━━━━━━━━━━━━━━━━━━━━━━━

  × Don't use process.env.
  
     8 │ 	}
     9 │ 
  > 10 │ 	if (process.env.NODE_ENV === "development") {
       │ 	    ^^^^^^^^^^^
    11 │ 		return "http://localhost:3000/";
    12 │ 	}
  
  i Use a centralized configuration file instead for better maintainability and deployment consistency.
  

apps/web/src/lib/client.ts:15:6 lint/style/noProcessEnv ━━━━━━━━━━━━━━━━━━━━━━━━━━━━━━━━━━━━━━━━━━━━

  × Don't use process.env.
  
    14 │ 	// if deployed to vercel, use vercel url
  > 15 │ 	if (process.env.VERCEL_URL) {
       │ 	    ^^^^^^^^^^^
    16 │ 		return `https://${process.env.VERCEL_URL}`;
    17 │ 	}
  
  i Use a centralized configuration file instead for better maintainability and deployment consistency.
  

apps/web/src/lib/client.ts:16:21 lint/style/noProcessEnv ━━━━━━━━━━━━━━━━━━━━━━━━━━━━━━━━━━━━━━━━━━━

  × Don't use process.env.
  
    14 │ 	// if deployed to vercel, use vercel url
    15 │ 	if (process.env.VERCEL_URL) {
  > 16 │ 		return `https://${process.env.VERCEL_URL}`;
       │ 		                  ^^^^^^^^^^^
    17 │ 	}
    18 │ 
  
  i Use a centralized configuration file instead for better maintainability and deployment consistency.
  

apps/web/src/middleware.ts:5:6 lint/style/noProcessEnv ━━━━━━━━━━━━━━━━━━━━━━━━━━━━━━━━━━━━━━━━━━━━━

  × Don't use process.env.
  
    4 │ const getDeploymentUrl = () => {
  > 5 │ 	if (process.env.VERCEL_TARGET_ENV === "preview") {
      │ 	    ^^^^^^^^^^^
    6 │ 		return `https://${process.env.VERCEL_URL}`;
    7 │ 	}
  
  i Use a centralized configuration file instead for better maintainability and deployment consistency.
  

apps/web/src/middleware.ts:6:21 lint/style/noProcessEnv ━━━━━━━━━━━━━━━━━━━━━━━━━━━━━━━━━━━━━━━━━━━━

  × Don't use process.env.
  
    4 │ const getDeploymentUrl = () => {
    5 │ 	if (process.env.VERCEL_TARGET_ENV === "preview") {
  > 6 │ 		return `https://${process.env.VERCEL_URL}`;
      │ 		                  ^^^^^^^^^^^
    7 │ 	}
    8 │ 	return process.env.NEXT_PUBLIC_URL || "http://localhost:3000";
  
  i Use a centralized configuration file instead for better maintainability and deployment consistency.
  

apps/web/src/middleware.ts:8:9 lint/style/noProcessEnv ━━━━━━━━━━━━━━━━━━━━━━━━━━━━━━━━━━━━━━━━━━━━━

  × Don't use process.env.
  
     6 │ 		return `https://${process.env.VERCEL_URL}`;
     7 │ 	}
   > 8 │ 	return process.env.NEXT_PUBLIC_URL || "http://localhost:3000";
       │ 	       ^^^^^^^^^^^
     9 │ };
    10 │ 
  
  i Use a centralized configuration file instead for better maintainability and deployment consistency.
  

apps/web/src/server/jstack.ts:17:14 lint/style/useNamingConvention ━━━━━━━━━━━━━━━━━━━━━━━━━━━━━━━━━

  × This property name should be in camelCase.
  
    16 │ interface Env {
  > 17 │ 	Bindings: { NEXT_PUBLIC_SERVER: string };
       │ 	            ^^^^^^^^^^^^^^^^^^
    18 │ }
    19 │ 
  

apps/web/src/server/jstack.ts:17:2 lint/style/useNamingConvention ━━━━━━━━━━━━━━━━━━━━━━━━━━━━━━━━━━

  × This property name should be in camelCase.
  
    16 │ interface Env {
  > 17 │ 	Bindings: { NEXT_PUBLIC_SERVER: string };
       │ 	^^^^^^^^
    18 │ }
    19 │ 
  

apps/web/src/store/comments/index.ts:3:8 lint/performance/noReExportAll ━━━━━━━━━━━━━━━━━━━━━━━━━━━━

  × Do not use export all ( export * from ... ).
  
    1 │ import { createStore } from "zustand/vanilla";
    2 │ import type { CommentState, CommentStore } from "./interfaces";
  > 3 │ export * from "./interfaces";
      │        ^^^^^^^^^^^^^^^^^^^^^^
    4 │ export * from "./store";
    5 │ 
  
  i Use named export instead.
  

apps/web/src/store/comments/index.ts:4:8 lint/performance/noReExportAll ━━━━━━━━━━━━━━━━━━━━━━━━━━━━

  × Do not use export all ( export * from ... ).
  
    2 │ import type { CommentState, CommentStore } from "./interfaces";
    3 │ export * from "./interfaces";
  > 4 │ export * from "./store";
      │        ^^^^^^^^^^^^^^^^^
    5 │ 
    6 │ export const createCommentStore = (
  
  i Use named export instead.
  

apps/web/src/store/events/index.ts:4:8 lint/performance/noReExportAll ━━━━━━━━━━━━━━━━━━━━━━━━━━━━━━

  × Do not use export all ( export * from ... ).
  
    2 │ import type { EventState, EventStore } from "./interfaces";
    3 │ 
  > 4 │ export * from "./interfaces";
      │        ^^^^^^^^^^^^^^^^^^^^^^
    5 │ export * from "./store";
    6 │ 
  
  i Use named export instead.
  

apps/web/src/store/events/index.ts:5:8 lint/performance/noReExportAll ━━━━━━━━━━━━━━━━━━━━━━━━━━━━━━

  × Do not use export all ( export * from ... ).
  
    4 │ export * from "./interfaces";
  > 5 │ export * from "./store";
      │        ^^^^^^^^^^^^^^^^^
    6 │ 
    7 │ export const createEventStore = (
  
  i Use named export instead.
  

apps/web/src/store/filters/helpers.ts:89:4 lint/suspicious/noConsole  FIXABLE  ━━━━━━━━━━━━━━━━━━━━━

  × Don't use console.
  
    87 │ 			);
    88 │ 		default:
  > 89 │ 			console.warn(`Unknown operator: ${condition.operator}`);
       │ 			^^^^^^^^^^^^
    90 │ 			return false;
    91 │ 	}
  
  i The use of console is often reserved for debugging.
  
  i Unsafe fix: Remove console.
  
     87  87 │   			);
     88  88 │   		default:
     89     │ - → → → console.warn(`Unknown·operator:·${condition.operator}`);
     90  89 │   			return false;
     91  90 │   	}
  

apps/web/src/store/filters/index.ts:12:8 lint/performance/noReExportAll ━━━━━━━━━━━━━━━━━━━━━━━━━━━━

  × Do not use export all ( export * from ... ).
  
    10 │ 	SavedFilter,
    11 │ } from "./interfaces";
  > 12 │ export * from "./interfaces";
       │        ^^^^^^^^^^^^^^^^^^^^^^
    13 │ export * from "./store";
    14 │ 
  
  i Use named export instead.
  

apps/web/src/store/filters/index.ts:13:8 lint/performance/noReExportAll ━━━━━━━━━━━━━━━━━━━━━━━━━━━━

  × Do not use export all ( export * from ... ).
  
    11 │ } from "./interfaces";
    12 │ export * from "./interfaces";
  > 13 │ export * from "./store";
       │        ^^^^^^^^^^^^^^^^^
    14 │ 
    15 │ export const createFilterStore = (
  
  i Use named export instead.
  

apps/web/src/store/modals/index.ts:3:8 lint/performance/noReExportAll ━━━━━━━━━━━━━━━━━━━━━━━━━━━━━━

  × Do not use export all ( export * from ... ).
  
    1 │ import { createStore } from "zustand/vanilla";
    2 │ import type { ModalState, ModalStore } from "./interfaces";
  > 3 │ export * from "./interfaces";
      │        ^^^^^^^^^^^^^^^^^^^^^^
    4 │ export * from "./store";
    5 │ 
  
  i Use named export instead.
  

apps/web/src/store/modals/index.ts:4:8 lint/performance/noReExportAll ━━━━━━━━━━━━━━━━━━━━━━━━━━━━━━

  × Do not use export all ( export * from ... ).
  
    2 │ import type { ModalState, ModalStore } from "./interfaces";
    3 │ export * from "./interfaces";
  > 4 │ export * from "./store";
      │        ^^^^^^^^^^^^^^^^^
    5 │ 
    6 │ export const createModalStore = (
  
  i Use named export instead.
  

apps/web/src/store/sprints/index.ts:3:8 lint/performance/noReExportAll ━━━━━━━━━━━━━━━━━━━━━━━━━━━━━

  × Do not use export all ( export * from ... ).
  
    1 │ import { createStore } from "zustand/vanilla";
    2 │ import type { SprintState, SprintStore } from "./interfaces";
  > 3 │ export * from "./interfaces";
      │        ^^^^^^^^^^^^^^^^^^^^^^
    4 │ export * from "./store";
    5 │ 
  
  i Use named export instead.
  

apps/web/src/store/sprints/index.ts:4:8 lint/performance/noReExportAll ━━━━━━━━━━━━━━━━━━━━━━━━━━━━━

  × Do not use export all ( export * from ... ).
  
    2 │ import type { SprintState, SprintStore } from "./interfaces";
    3 │ export * from "./interfaces";
  > 4 │ export * from "./store";
      │        ^^^^^^^^^^^^^^^^^
    5 │ 
    6 │ export const createSprintStore = (
  
  i Use named export instead.
  

apps/web/src/store/tasks/index.ts:3:8 lint/performance/noReExportAll ━━━━━━━━━━━━━━━━━━━━━━━━━━━━━━━

  × Do not use export all ( export * from ... ).
  
    1 │ import { createStore } from "zustand/vanilla";
    2 │ import type { TaskState, TaskStore } from "./interfaces";
  > 3 │ export * from "./interfaces";
      │        ^^^^^^^^^^^^^^^^^^^^^^
    4 │ export * from "./store";
    5 │ 
  
  i Use named export instead.
  

apps/web/src/store/tasks/index.ts:4:8 lint/performance/noReExportAll ━━━━━━━━━━━━━━━━━━━━━━━━━━━━━━━

  × Do not use export all ( export * from ... ).
  
    2 │ import type { TaskState, TaskStore } from "./interfaces";
    3 │ export * from "./interfaces";
  > 4 │ export * from "./store";
      │        ^^^^^^^^^^^^^^^^^
    5 │ 
    6 │ export const createTaskStore = (
  
  i Use named export instead.
  

apps/web/src/store/teams/index.ts:5:8 lint/performance/noReExportAll ━━━━━━━━━━━━━━━━━━━━━━━━━━━━━━━

  × Do not use export all ( export * from ... ).
  
    3 │ import type { TeamState, TeamStore } from "./interfaces";
    4 │ export * from "./interfaces";
  > 5 │ export * from "./store";
      │        ^^^^^^^^^^^^^^^^^
    6 │ 
    7 │ export const createTeamStore = (
  
  i Use named export instead.
  

apps/web/src/store/teams/index.ts:4:8 lint/performance/noReExportAll ━━━━━━━━━━━━━━━━━━━━━━━━━━━━━━━

  × Do not use export all ( export * from ... ).
  
    2 │ import { createStore } from "zustand/vanilla";
    3 │ import type { TeamState, TeamStore } from "./interfaces";
  > 4 │ export * from "./interfaces";
      │        ^^^^^^^^^^^^^^^^^^^^^^
    5 │ export * from "./store";
    6 │ 
  
  i Use named export instead.
  

apps/web/src/store/users/index.ts:4:8 lint/performance/noReExportAll ━━━━━━━━━━━━━━━━━━━━━━━━━━━━━━━

  × Do not use export all ( export * from ... ).
  
    2 │ import { createStore } from "zustand/vanilla";
    3 │ import type { UserAvatar, UserState, UserStore } from "./interfaces";
  > 4 │ export * from "./interfaces";
      │        ^^^^^^^^^^^^^^^^^^^^^^
    5 │ export * from "./store";
    6 │ 
  
  i Use named export instead.
  

apps/web/src/store/users/index.ts:5:8 lint/performance/noReExportAll ━━━━━━━━━━━━━━━━━━━━━━━━━━━━━━━

  × Do not use export all ( export * from ... ).
  
    3 │ import type { UserAvatar, UserState, UserStore } from "./interfaces";
    4 │ export * from "./interfaces";
  > 5 │ export * from "./store";
      │        ^^^^^^^^^^^^^^^^^
    6 │ 
    7 │ export const createUserStore = (
  
  i Use named export instead.
  

apps/web/src/store/views/index.ts:12:8 lint/performance/noReExportAll ━━━━━━━━━━━━━━━━━━━━━━━━━━━━━━

  × Do not use export all ( export * from ... ).
  
    10 │ 	type ViewStore,
    11 │ } from "./interfaces";
  > 12 │ export * from "./interfaces";
       │        ^^^^^^^^^^^^^^^^^^^^^^
    13 │ export * from "./store";
    14 │ 
  
  i Use named export instead.
  

apps/web/src/store/views/index.ts:13:8 lint/performance/noReExportAll ━━━━━━━━━━━━━━━━━━━━━━━━━━━━━━

  × Do not use export all ( export * from ... ).
  
    11 │ } from "./interfaces";
    12 │ export * from "./interfaces";
  > 13 │ export * from "./store";
       │        ^^^^^^^^^^^^^^^^^
    14 │ 
    15 │ export const createViewStore = (
  
  i Use named export instead.
  

apps/web/src/store/views/interfaces.ts:40:8 lint/style/noNamespace ━━━━━━━━━━━━━━━━━━━━━━━━━━━━━━━━━

  × TypeScript's namespaces are an outdated way to organize code.
  
    39 │ // Grouping related types
  > 40 │ export namespace ViewOptions {
       │        ^^^^^^^^^^^^^^^^^^^^^^^
  > 41 │ 	export interface Common {
        ...
  > 47 │ 	export interface Grid extends Common {}
  > 48 │ }
       │ ^
    49 │ 
    50 │ export interface DisplayOptions {
  
  i Prefer the ES6 modules (import/export) over namespaces.
  

apps/web/src/store/views/interfaces.ts:32:2 lint/style/useNamingConvention ━━━━━━━━━━━━━━━━━━━━━━━━━

  × This enum member name should be in PascalCase.
  
    31 │ export enum CompletedTaskPeriod {
  > 32 │ 	all = "All",
       │ 	^^^
    33 │ 	pastDay = "Past day",
    34 │ 	pastWeek = "Past week",
  

apps/web/src/store/views/interfaces.ts:33:2 lint/style/useNamingConvention ━━━━━━━━━━━━━━━━━━━━━━━━━

  × This enum member name should be in PascalCase.
  
    31 │ export enum CompletedTaskPeriod {
    32 │ 	all = "All",
  > 33 │ 	pastDay = "Past day",
       │ 	^^^^^^^
    34 │ 	pastWeek = "Past week",
    35 │ 	pastMonth = "Past month",
  

apps/web/src/store/views/interfaces.ts:34:2 lint/style/useNamingConvention ━━━━━━━━━━━━━━━━━━━━━━━━━

  × This enum member name should be in PascalCase.
  
    32 │ 	all = "All",
    33 │ 	pastDay = "Past day",
  > 34 │ 	pastWeek = "Past week",
       │ 	^^^^^^^^
    35 │ 	pastMonth = "Past month",
    36 │ 	none = "None",
  

apps/web/src/store/views/interfaces.ts:35:2 lint/style/useNamingConvention ━━━━━━━━━━━━━━━━━━━━━━━━━

  × This enum member name should be in PascalCase.
  
    33 │ 	pastDay = "Past day",
    34 │ 	pastWeek = "Past week",
  > 35 │ 	pastMonth = "Past month",
       │ 	^^^^^^^^^
    36 │ 	none = "None",
    37 │ }
  

apps/web/src/store/views/interfaces.ts:36:2 lint/style/useNamingConvention ━━━━━━━━━━━━━━━━━━━━━━━━━

  × This enum member name should be in PascalCase.
  
    34 │ 	pastWeek = "Past week",
    35 │ 	pastMonth = "Past month",
  > 36 │ 	none = "None",
       │ 	^^^^
    37 │ }
    38 │ 
  

apps/web/src/store/workspaces/index.ts:3:8 lint/performance/noReExportAll ━━━━━━━━━━━━━━━━━━━━━━━━━━

  × Do not use export all ( export * from ... ).
  
    1 │ import { createStore } from "zustand/vanilla";
    2 │ import type { WorkspaceState, WorkspaceStore } from "./interfaces";
  > 3 │ export * from "./interfaces";
      │        ^^^^^^^^^^^^^^^^^^^^^^
    4 │ export * from "./store";
    5 │ 
  
  i Use named export instead.
  

apps/web/src/store/workspaces/index.ts:4:8 lint/performance/noReExportAll ━━━━━━━━━━━━━━━━━━━━━━━━━━

  × Do not use export all ( export * from ... ).
  
    2 │ import type { WorkspaceState, WorkspaceStore } from "./interfaces";
    3 │ export * from "./interfaces";
  > 4 │ export * from "./store";
      │        ^^^^^^^^^^^^^^^^^
    5 │ 
    6 │ export const createWorkspaceStore = (
  
  i Use named export instead.
  

apps/web/src/types/global.d.ts:11:2 lint/style/noNamespace ━━━━━━━━━━━━━━━━━━━━━━━━━━━━━━━━━━━━━━━━━

  × TypeScript's namespaces are an outdated way to organize code.
  
     9 │ declare global {
    10 │ 	// biome-ignore lint/suspicious/noRedeclare: We are extending the global namespace
  > 11 │ 	namespace jest {
       │ 	^^^^^^^^^^^^^^^^
  > 12 │ 		interface Matchers<R> {
  > 13 │ 			// biome-ignore lint/suspicious/noExplicitAny: Expected could be anything
  > 14 │ 			toEqualWithDatePrecision(expected: any, precision?: number): R;
  > 15 │ 		}
  > 16 │ 	}
       │ 	^
    17 │ 
    18 │ 	interface Window {
  
  i Prefer the ES6 modules (import/export) over namespaces.
  

apps/web/src/utils/formatting.tsx:211:6 lint/style/useExplicitLengthCheck  FIXABLE  ━━━━━━━━━━━━━━━━

  × Use .length > 0 when checking .length is not zero.
  
    209 │ 			return {
    210 │ 				name:
  > 211 │ 					filteredLabels?.length && filteredLabels.length > 1
        │ 					^^^^^^^^^^^^^^^^^^^^^^
    212 │ 						? "Labels"
    213 │ 						: "Label",
  
  i Unsafe fix: Replace .length with .length > 0
  
    211 │ → → → → → filteredLabels?.length·>·0&&·filteredLabels.length·>·1
        │                                  +++                            

apps/web/src/utils/formatting.tsx:153:33 lint/suspicious/useAwait ━━━━━━━━━━━━━━━━━━━━━━━━━━━━━━━━━━

  × This async function lacks an await expression.
  
    151 │ // };
    152 │ 
  > 153 │ export const formatFilterName = async (
        │                                 ^^^^^^^
  > 154 │ 	filter: FilterCondition,
         ...
  > 219 │ 	}
  > 220 │ };
        │ ^
    221 │ 
    222 │ export const verifyUrlFormat = (url: string): string | boolean => {
  
  i Remove this async modifier, or add an await expression in the function.
  
    151 │ // };
    152 │ 
  > 153 │ export const formatFilterName = async (
        │                                 ^^^^^^^
  > 154 │ 	filter: FilterCondition,
         ...
  > 219 │ 	}
  > 220 │ };
        │ ^
    221 │ 
    222 │ export const verifyUrlFormat = (url: string): string | boolean => {
  
  i Async functions without await expressions may not need to be declared async.
  

apps/web/src/utils/formatting.tsx:58:34 lint/performance/useTopLevelRegex ━━━━━━━━━━━━━━━━━━━━━━━━━━

  × This regex literal is not defined in the top level scope. This can lead to performance issues if this function is called frequently.
  
    56 │ 	if (!name || typeof name !== "string") return "";
    57 │ 
  > 58 │ 	const words = name.trim().split(/\s+/);
       │ 	                                ^^^^^
    59 │ 
    60 │ 	const initials = words
  
  i Move the regex literal outside of this scope, and place it at the top level of this module, as a constant.
  

apps/web/src/utils/formatting.tsx:36:10 lint/performance/useTopLevelRegex ━━━━━━━━━━━━━━━━━━━━━━━━━━

  × This regex literal is not defined in the top level scope. This can lead to performance issues if this function is called frequently.
  
    34 │ 		.toLowerCase()
    35 │ 		.replace(/[^a-z0-9\s/]/g, "")
  > 36 │ 		.split(/[\s/]+/)
       │ 		       ^^^^^^^^
    37 │ 		.filter((word) => word && !excludedWords.has(word))
    38 │ 		.slice(0, 8)
  
  i Move the regex literal outside of this scope, and place it at the top level of this module, as a constant.
  

apps/web/src/utils/generate-sitemap.mjs:2:24 lint/correctness/noUndeclaredDependencies ━━━━━━━━━━━━━

  × Dependency globby isn't specified in apps/web/package.json.
  
    1 │ import { writeFileSync } from "node:fs";
  > 2 │ import { globby } from "globby";
      │                        ^^^^^^^^
    3 │ 
    4 │ async function generateSitemap() {
  
  i This could lead to errors.
  
  i Add the dependency in your manifest.
  

apps/www/prismicio-types.d.ts:444:2 lint/style/useNamingConvention ━━━━━━━━━━━━━━━━━━━━━━━━━━━━━━━━━

  × This property name should be in camelCase.
  
    442 │ 	 * - **Documentation**: https://prismic.io/docs/field#image
    443 │ 	 */
  > 444 │ 	feature_image: prismic.ImageField<never>;
        │ 	^^^^^^^^^^^^^
    445 │ }
    446 │ 
  

apps/www/prismicio-types.d.ts:752:2 lint/style/noNamespace ━━━━━━━━━━━━━━━━━━━━━━━━━━━━━━━━━━━━━━━━━

  × TypeScript's namespaces are an outdated way to organize code.
  
    750 │ 	type CreateMigration = () => prismic.Migration<AllDocumentTypes>;
    751 │ 
  > 752 │ 	namespace Content {
        │ 	^^^^^^^^^^^^^^^^^^^
  > 753 │ 		export type {
         ...
  > 792 │ 		};
  > 793 │ 	}
        │ 	^
    794 │ }
    795 │ 
  
  i Prefer the ES6 modules (import/export) over namespaces.
  

apps/www/prismicio-types.d.ts:69:2 lint/style/useNamingConvention ━━━━━━━━━━━━━━━━━━━━━━━━━━━━━━━━━━

  × This property name should be in camelCase.
  
    67 │ 	 * - **Documentation**: https://prismic.io/docs/field#group
    68 │ 	 */
  > 69 │ 	featured_sections: prismic.GroupField<
       │ 	^^^^^^^^^^^^^^^^^
    70 │ 		Simplify<DocsDocumentDataFeaturedSectionsItem>
    71 │ 	>;
  

apps/www/prismicio-types.d.ts:91:2 lint/style/useNamingConvention ━━━━━━━━━━━━━━━━━━━━━━━━━━━━━━━━━━

  × This property name should be in camelCase.
  
    89 │ 	 * - **Documentation**: https://prismic.io/docs/field#key-text
    90 │ 	 */;
  > 91 │ 	meta_title: prismic.KeyTextField;
       │ 	^^^^^^^^^^
    92 │ 
    93 │ 	/**
  

apps/www/prismicio-types.d.ts:102:2 lint/style/useNamingConvention ━━━━━━━━━━━━━━━━━━━━━━━━━━━━━━━━━

  × This property name should be in camelCase.
  
    100 │ 	 * - **Documentation**: https://prismic.io/docs/field#key-text
    101 │ 	 */
  > 102 │ 	meta_description: prismic.KeyTextField;
        │ 	^^^^^^^^^^^^^^^^
    103 │ 
    104 │ 	/**
  

apps/www/prismicio-types.d.ts:113:2 lint/style/useNamingConvention ━━━━━━━━━━━━━━━━━━━━━━━━━━━━━━━━━

  × This property name should be in camelCase.
  
    111 │ 	 * - **Documentation**: https://prismic.io/docs/field#image
    112 │ 	 */
  > 113 │ 	meta_image: prismic.ImageField<never>;
        │ 	^^^^^^^^^^
    114 │ }
    115 │ 
  

apps/www/prismicio-types.d.ts:159:2 lint/style/useNamingConvention ━━━━━━━━━━━━━━━━━━━━━━━━━━━━━━━━━

  × This property name should be in camelCase.
  
    157 │ 	 * - **Documentation**: https://prismic.io/docs/field#link-content-relationship
    158 │ 	 */
  > 159 │ 	parent_page: prismic.ContentRelationshipField<"documentation">;
        │ 	^^^^^^^^^^^
    160 │ 
    161 │ 	/**
  

apps/www/prismicio-types.d.ts:190:2 lint/style/useNamingConvention ━━━━━━━━━━━━━━━━━━━━━━━━━━━━━━━━━

  × This property name should be in camelCase.
  
    188 │ 	 * - **Documentation**: https://prismic.io/docs/field#key-text
    189 │ 	 */;
  > 190 │ 	meta_title: prismic.KeyTextField;
        │ 	^^^^^^^^^^
    191 │ 
    192 │ 	/**
  

apps/www/prismicio-types.d.ts:201:2 lint/style/useNamingConvention ━━━━━━━━━━━━━━━━━━━━━━━━━━━━━━━━━

  × This property name should be in camelCase.
  
    199 │ 	 * - **Documentation**: https://prismic.io/docs/field#key-text
    200 │ 	 */
  > 201 │ 	meta_description: prismic.KeyTextField;
        │ 	^^^^^^^^^^^^^^^^
    202 │ 
    203 │ 	/**
  

apps/www/prismicio-types.d.ts:212:2 lint/style/useNamingConvention ━━━━━━━━━━━━━━━━━━━━━━━━━━━━━━━━━

  × This property name should be in camelCase.
  
    210 │ 	 * - **Documentation**: https://prismic.io/docs/field#image
    211 │ 	 */
  > 212 │ 	meta_image: prismic.ImageField<never>;
        │ 	^^^^^^^^^^
    213 │ }
    214 │ 
  

apps/www/prismicio-types.d.ts:246:2 lint/style/useNamingConvention ━━━━━━━━━━━━━━━━━━━━━━━━━━━━━━━━━

  × This property name should be in camelCase.
  
    244 │ 	 * - **Documentation**: https://prismic.io/docs/field#key-text
    245 │ 	 */
  > 246 │ 	hero_title: prismic.KeyTextField;
        │ 	^^^^^^^^^^
    247 │ 
    248 │ 	/**
  

apps/www/prismicio-types.d.ts:257:2 lint/style/useNamingConvention ━━━━━━━━━━━━━━━━━━━━━━━━━━━━━━━━━

  × This property name should be in camelCase.
  
    255 │ 	 * - **Documentation**: https://prismic.io/docs/field#key-text
    256 │ 	 */
  > 257 │ 	hero_description: prismic.KeyTextField;
        │ 	^^^^^^^^^^^^^^^^
    258 │ 
    259 │ 	/**
  

apps/www/prismicio-types.d.ts:268:2 lint/style/useNamingConvention ━━━━━━━━━━━━━━━━━━━━━━━━━━━━━━━━━

  × This property name should be in camelCase.
  
    266 │ 	 * - **Documentation**: https://prismic.io/docs/field#key-text
    267 │ 	 */
  > 268 │ 	hero_cta: prismic.KeyTextField;
        │ 	^^^^^^^^
    269 │ 
    270 │ 	/**
  

apps/www/prismicio-types.d.ts:288:2 lint/style/useNamingConvention ━━━━━━━━━━━━━━━━━━━━━━━━━━━━━━━━━

  × This property name should be in camelCase.
  
    286 │ 	 * - **Documentation**: https://prismic.io/docs/field#key-text
    287 │ 	 */;
  > 288 │ 	meta_title: prismic.KeyTextField;
        │ 	^^^^^^^^^^
    289 │ 
    290 │ 	/**
  

apps/www/prismicio-types.d.ts:299:2 lint/style/useNamingConvention ━━━━━━━━━━━━━━━━━━━━━━━━━━━━━━━━━

  × This property name should be in camelCase.
  
    297 │ 	 * - **Documentation**: https://prismic.io/docs/field#key-text
    298 │ 	 */
  > 299 │ 	meta_description: prismic.KeyTextField;
        │ 	^^^^^^^^^^^^^^^^
    300 │ 
    301 │ 	/**
  

apps/www/prismicio-types.d.ts:310:2 lint/style/useNamingConvention ━━━━━━━━━━━━━━━━━━━━━━━━━━━━━━━━━

  × This property name should be in camelCase.
  
    308 │ 	 * - **Documentation**: https://prismic.io/docs/field#image
    309 │ 	 */
  > 310 │ 	meta_image: prismic.ImageField<never>;
        │ 	^^^^^^^^^^
    311 │ }
    312 │ 
  

apps/www/prismicio-types.d.ts:367:2 lint/style/useNamingConvention ━━━━━━━━━━━━━━━━━━━━━━━━━━━━━━━━━

  × This property name should be in camelCase.
  
    365 │ 	 * - **Documentation**: https://prismic.io/docs/field#key-text
    366 │ 	 */
  > 367 │ 	section_title: prismic.KeyTextField;
        │ 	^^^^^^^^^^^^^
    368 │ 
    369 │ 	/**
  

apps/www/prismicio-types.d.ts:424:2 lint/style/useNamingConvention ━━━━━━━━━━━━━━━━━━━━━━━━━━━━━━━━━

  × This property name should be in camelCase.
  
    422 │ 	 * - **Documentation**: https://prismic.io/docs/field#key-text
    423 │ 	 */
  > 424 │ 	feature_name: prismic.KeyTextField;
        │ 	^^^^^^^^^^^^
    425 │ 
    426 │ 	/**
  

apps/www/prismicio-types.d.ts:544:2 lint/style/useNamingConvention ━━━━━━━━━━━━━━━━━━━━━━━━━━━━━━━━━

  × This property name should be in camelCase.
  
    542 │ 	 * - **Documentation**: https://prismic.io/docs/field#key-text
    543 │ 	 */
  > 544 │ 	step_title: prismic.KeyTextField;
        │ 	^^^^^^^^^^
    545 │ 
    546 │ 	/**
  

apps/www/prismicio-types.d.ts:554:2 lint/style/useNamingConvention ━━━━━━━━━━━━━━━━━━━━━━━━━━━━━━━━━

  × This property name should be in camelCase.
  
    552 │ 	 * - **Documentation**: https://prismic.io/docs/field#rich-text-title
    553 │ 	 */
  > 554 │ 	step_description: prismic.RichTextField;
        │ 	^^^^^^^^^^^^^^^^
    555 │ 
    556 │ 	/**
  

apps/www/prismicio-types.d.ts:564:2 lint/style/useNamingConvention ━━━━━━━━━━━━━━━━━━━━━━━━━━━━━━━━━

  × This property name should be in camelCase.
  
    562 │ 	 * - **Documentation**: https://prismic.io/docs/field#image
    563 │ 	 */
  > 564 │ 	step_image: prismic.ImageField<never>;
        │ 	^^^^^^^^^^
    565 │ }
    566 │ 
  

apps/www/prismicio-types.d.ts:579:2 lint/style/useNamingConvention ━━━━━━━━━━━━━━━━━━━━━━━━━━━━━━━━━

  × This property name should be in camelCase.
  
    577 │ 	 * - **Documentation**: https://prismic.io/docs/field#key-text
    578 │ 	 */
  > 579 │ 	guide_title: prismic.KeyTextField;
        │ 	^^^^^^^^^^^
    580 │ 
    581 │ 	/**
  

apps/www/prismicio-types.d.ts:696:2 lint/style/useNamingConvention ━━━━━━━━━━━━━━━━━━━━━━━━━━━━━━━━━

  × This property name should be in camelCase.
  
    694 │ 	 * - **Documentation**: https://prismic.io/docs/field#key-text
    695 │ 	 */
  > 696 │ 	section_title: prismic.KeyTextField;
        │ 	^^^^^^^^^^^^^
    697 │ 
    698 │ 	/**
  

apps/www/src/app/(docs)/docs/layout.tsx:16:16 lint/suspicious/useAwait ━━━━━━━━━━━━━━━━━━━━━━━━━━━━━

  × This async function lacks an await expression.
  
    14 │ };
    15 │ 
  > 16 │ export default async function Layout(
       │                ^^^^^^^^^^^^^^^^^^^^^^
  > 17 │ 	props: Readonly<{
        ...
  > 30 │ 		</div>
  > 31 │ 	);
  > 32 │ }
       │ ^
    33 │ 
  
  i Remove this async modifier, or add an await expression in the function.
  
    14 │ };
    15 │ 
  > 16 │ export default async function Layout(
       │                ^^^^^^^^^^^^^^^^^^^^^^
  > 17 │ 	props: Readonly<{
        ...
  > 30 │ 		</div>
  > 31 │ 	);
  > 32 │ }
       │ ^
    33 │ 
  
  i Async functions without await expressions may not need to be declared async.
  

apps/www/src/app/api/revalidate/route.ts:4:8 lint/suspicious/useAwait ━━━━━━━━━━━━━━━━━━━━━━━━━━━━━━

  × This async function lacks an await expression.
  
    2 │ import { NextResponse } from "next/server";
    3 │ 
  > 4 │ export async function POST() {
      │        ^^^^^^^^^^^^^^^^^^^^^^^
  > 5 │ 	revalidateTag("prismic");
  > 6 │ 
  > 7 │ 	return NextResponse.json({ revalidated: true, now: Date.now() });
  > 8 │ }
      │ ^
    9 │ 
  
  i Remove this async modifier, or add an await expression in the function.
  
    2 │ import { NextResponse } from "next/server";
    3 │ 
  > 4 │ export async function POST() {
      │        ^^^^^^^^^^^^^^^^^^^^^^^
  > 5 │ 	revalidateTag("prismic");
  > 6 │ 
  > 7 │ 	return NextResponse.json({ revalidated: true, now: Date.now() });
  > 8 │ }
      │ ^
    9 │ 
  
  i Async functions without await expressions may not need to be declared async.
  

apps/www/src/app/layout.tsx:27:21 lint/style/useConsistentCurlyBraces  FIXABLE  ━━━━━━━━━━━━━━━━━━━━

  × Should not have curly braces around expression.
  
    25 │ 		<ViewTransitions>
    26 │ 			<html lang="en">
  > 27 │ 				<body className={"h-full w-full antialiased"}>
       │ 				                ^^^^^^^^^^^^^^^^^^^^^^^^^^^^^
    28 │ 					<ClientWrapper>{children}</ClientWrapper>
    29 │ 				</body>
  
  i JSX attribute value does not need to be wrapped in curly braces.
  
  i Unsafe fix: Remove curly braces around the expression.
  
    27 │ → → → → <body·className={"h-full·w-full·antialiased"}>
       │                         -                           - 

apps/www/src/components/background.tsx:14:39 lint/nursery/noShadow ━━━━━━━━━━━━━━━━━━━━━━━━━━━━━━━━━

  × This variable shadows another variable with the same name in the outer scope.
  
    12 │ 				// biome-ignore lint/style/useTemplate: <Came with template>
    13 │ 				<div className="flex" key={"grid-column" + index}>
  > 14 │ 					{Array.from({ length: 10 }).map((_, index) => (
       │ 					                                 ^
    15 │ 						// biome-ignore lint/suspicious/noArrayIndexKey: <Came with template>
    16 │ 						// biome-ignore lint/style/noUnusedTemplateLiteral: <Came with template>
  
  i This is the shadowed variable, which is now inaccessible in the inner scope.
  
     8 │ 		<div className="pointer-events-none absolute inset-0 z-0 h-full w-full">
     9 │ 			<div className="pointer-events-none absolute inset-0 h-full w-full bg-background [mask-image:radial-gradient(ellipse_at_center,transparent,white)]" />
  > 10 │ 			{Array.from({ length: 6 }).map((_, index) => (
       │ 			                                ^
    11 │ 				// biome-ignore lint/suspicious/noArrayIndexKey: <Came with template>
    12 │ 				// biome-ignore lint/style/useTemplate: <Came with template>
  
  i Consider renaming this variable. It's easy to confuse the origin of variables if they share the same name.
  

apps/www/src/components/background.tsx:14:42 lint/nursery/noShadow ━━━━━━━━━━━━━━━━━━━━━━━━━━━━━━━━━

  × This variable shadows another variable with the same name in the outer scope.
  
    12 │ 				// biome-ignore lint/style/useTemplate: <Came with template>
    13 │ 				<div className="flex" key={"grid-column" + index}>
  > 14 │ 					{Array.from({ length: 10 }).map((_, index) => (
       │ 					                                    ^^^^^
    15 │ 						// biome-ignore lint/suspicious/noArrayIndexKey: <Came with template>
    16 │ 						// biome-ignore lint/style/noUnusedTemplateLiteral: <Came with template>
  
  i This is the shadowed variable, which is now inaccessible in the inner scope.
  
     8 │ 		<div className="pointer-events-none absolute inset-0 z-0 h-full w-full">
     9 │ 			<div className="pointer-events-none absolute inset-0 h-full w-full bg-background [mask-image:radial-gradient(ellipse_at_center,transparent,white)]" />
  > 10 │ 			{Array.from({ length: 6 }).map((_, index) => (
       │ 			                                   ^^^^^
    11 │ 				// biome-ignore lint/suspicious/noArrayIndexKey: <Came with template>
    12 │ 				// biome-ignore lint/style/useTemplate: <Came with template>
  
  i Consider renaming this variable. It's easy to confuse the origin of variables if they share the same name.
  

apps/www/src/components/button.tsx:23:7 lint/style/noNestedTernary ━━━━━━━━━━━━━━━━━━━━━━━━━━━━━━━━━

  × Do not nest ternary expressions.
  
    21 │ 			: variant === "outline"
    22 │ 				? "bg-white hover:bg-black/90 hover:shadow-xl text-black border border-black hover:text-white transition duration-200"
  > 23 │ 				: variant === "primary"
       │ 				  ^^^^^^^^^^^^^^^^^^^^^
  > 24 │ 					? "bg-background-dark-secondary hover:bg-neutral-inverted-accent dark:hover:bg-background-nav-bar-hover/90  border border-transparent text-white transition duration-200 shadow-[0px_-1px_0px_0px_#FFFFFF40_inset,_0px_1px_0px_0px_#FFFFFF40_inset]"
  > 25 │ 					: "";
       │ 					^^^^
    26 │ 	return (
    27 │ 		<Tag
  
  i Nesting ternary expressions can make code more difficult to understand.
  
  i Convert nested ternary expression into if-else statements or separate the conditions to make the logic easier to understand.
  

apps/www/src/components/button.tsx:21:6 lint/style/noNestedTernary ━━━━━━━━━━━━━━━━━━━━━━━━━━━━━━━━━

  × Do not nest ternary expressions.
  
    19 │ 		variant === "simple"
    20 │ 			? "bg-transparent hover:bg-neutral-secondary border border-transparent text-foreground transition duration-200 dark:hover:bg-background-nav-bar-hover dark:hover:shadow-xl"
  > 21 │ 			: variant === "outline"
       │ 			  ^^^^^^^^^^^^^^^^^^^^^
  > 22 │ 				? "bg-white hover:bg-black/90 hover:shadow-xl text-black border border-black hover:text-white transition duration-200"
  > 23 │ 				: variant === "primary"
  > 24 │ 					? "bg-background-dark-secondary hover:bg-neutral-inverted-accent dark:hover:bg-background-nav-bar-hover/90  border border-transparent text-white transition duration-200 shadow-[0px_-1px_0px_0px_#FFFFFF40_inset,_0px_1px_0px_0px_#FFFFFF40_inset]"
  > 25 │ 					: "";
       │ 					^^^^
    26 │ 	return (
    27 │ 		<Tag
  
  i Nesting ternary expressions can make code more difficult to understand.
  
  i Convert nested ternary expression into if-else statements or separate the conditions to make the logic easier to understand.
  

apps/www/src/components/contact.tsx:36:4 lint/style/useNamingConvention ━━━━━━━━━━━━━━━━━━━━━━━━━━━━

  × This object property name should be in camelCase.
  
    34 │ 	message: z
    35 │ 		.string({
  > 36 │ 			required_error: "Please enter your message",
       │ 			^^^^^^^^^^^^^^
    37 │ 		})
    38 │ 		.min(1, "Please enter your message"),
  

apps/www/src/components/contact.tsx:31:4 lint/style/useNamingConvention ━━━━━━━━━━━━━━━━━━━━━━━━━━━━

  × This object property name should be in camelCase.
  
    29 │ 	company: z
    30 │ 		.string({
  > 31 │ 			required_error: "Please enter your company's name",
       │ 			^^^^^^^^^^^^^^
    32 │ 		})
    33 │ 		.min(1, "Please enter your company's name"),
  

apps/www/src/components/contact.tsx:57:4 lint/suspicious/noConsole  FIXABLE  ━━━━━━━━━━━━━━━━━━━━━━━

  × Don't use console.
  
    55 │ 		// todo submit to actual inbox?
    56 │ 		try {
  > 57 │ 			console.log("submitted form", values);
       │ 			^^^^^^^^^^^
    58 │ 		} catch {}
    59 │ 	}
  
  i The use of console is often reserved for debugging.
  
  i Unsafe fix: Remove console.
  
     55  55 │   		// todo submit to actual inbox?
     56  56 │   		try {
     57     │ - → → → console.log("submitted·form",·values);
     58  57 │   		} catch {}
     59  58 │   	}
  

apps/www/src/components/contact.tsx:3:29 lint/correctness/noUndeclaredDependencies ━━━━━━━━━━━━━━━━━

  × Dependency @hookform/resolvers isn't specified in apps/www/package.json.
  
    1 │ "use client";
    2 │ 
  > 3 │ import { zodResolver } from "@hookform/resolvers/zod";
      │                             ^^^^^^^^^^^^^^^^^^^^^^^^^
    4 │ import { Card } from "@squaredmade/ui/card";
    5 │ import {
  
  i This could lead to errors.
  
  i Add the dependency in your manifest.
  

apps/www/src/components/contact.tsx:12:25 lint/correctness/noUndeclaredDependencies ━━━━━━━━━━━━━━━━

  × Dependency react-hook-form isn't specified in apps/www/package.json.
  
    10 │ 	FormMessage,
    11 │ } from "@squaredmade/ui/form";
  > 12 │ import { useForm } from "react-hook-form";
       │                         ^^^^^^^^^^^^^^^^^
    13 │ import { z } from "zod";
    14 │ 
  
  i This could lead to errors.
  
  i Add the dependency in your manifest.
  

apps/www/src/components/contact.tsx:54:2 lint/suspicious/useAwait ━━━━━━━━━━━━━━━━━━━━━━━━━━━━━━━━━━

  × This async function lacks an await expression.
  
    52 │ 	});
    53 │ 
  > 54 │ 	async function onSubmit(values: LoginUser) {
       │ 	^^^^^^^^^^^^^^^^^^^^^^^^^^^^^^^^^^^^^^^^^^^^
  > 55 │ 		// todo submit to actual inbox?
  > 56 │ 		try {
  > 57 │ 			console.log("submitted form", values);
  > 58 │ 		} catch {}
  > 59 │ 	}
       │ 	^
    60 │ 
    61 │ 	return (
  
  i Remove this async modifier, or add an await expression in the function.
  
    52 │ 	});
    53 │ 
  > 54 │ 	async function onSubmit(values: LoginUser) {
       │ 	^^^^^^^^^^^^^^^^^^^^^^^^^^^^^^^^^^^^^^^^^^^^
  > 55 │ 		// todo submit to actual inbox?
  > 56 │ 		try {
  > 57 │ 			console.log("submitted form", values);
  > 58 │ 		} catch {}
  > 59 │ 	}
       │ 	^
    60 │ 
    61 │ 	return (
  
  i Async functions without await expressions may not need to be declared async.
  

apps/www/src/components/contact.tsx:58:11 lint/suspicious/noEmptyBlockStatements ━━━━━━━━━━━━━━━━━━━

  × Unexpected empty block.
  
    56 │ 		try {
    57 │ 			console.log("submitted form", values);
  > 58 │ 		} catch {}
       │ 		        ^^
    59 │ 	}
    60 │ 
  
  i Empty blocks are usually the result of an incomplete refactoring. Remove the empty block or add a comment inside it if it is intentional.
  

apps/www/src/components/contact.tsx:20:4 lint/style/useNamingConvention ━━━━━━━━━━━━━━━━━━━━━━━━━━━━

  × This object property name should be in camelCase.
  
    18 │ 	name: z
    19 │ 		.string({
  > 20 │ 			required_error: "Please enter your name",
       │ 			^^^^^^^^^^^^^^
    21 │ 		})
    22 │ 		.min(1, "Please enter email"),
  

apps/www/src/components/contact.tsx:25:4 lint/style/useNamingConvention ━━━━━━━━━━━━━━━━━━━━━━━━━━━━

  × This object property name should be in camelCase.
  
    23 │ 	email: z
    24 │ 		.string({
  > 25 │ 			required_error: "Please enter email",
       │ 			^^^^^^^^^^^^^^
    26 │ 		})
    27 │ 		.email("Please enter valid email")
  

apps/www/src/components/hero.tsx:50:22 lint/style/noProcessEnv ━━━━━━━━━━━━━━━━━━━━━━━━━━━━━━━━━━━━━

  × Don't use process.env.
  
    48 │ 				<Badge
    49 │ 					onClick={() =>
  > 50 │ 						router.push(`${process.env.NEXT_PUBLIC_APP_URL}/sign-in`)
       │ 						               ^^^^^^^^^^^
    51 │ 					}
    52 │ 				>
  
  i Use a centralized configuration file instead for better maintainability and deployment consistency.
  

apps/www/src/components/hero.tsx:107:32 lint/style/noProcessEnv ━━━━━━━━━━━━━━━━━━━━━━━━━━━━━━━━━━━━

  × Don't use process.env.
  
    105 │ 				className="relative z-10 mt-6 flex items-center justify-center gap-4"
    106 │ 			>
  > 107 │ 				<Button as={Link} href={`${process.env.NEXT_PUBLIC_APP_URL}/sign-up`}>
        │ 				                           ^^^^^^^^^^^
    108 │ 					Get started
    109 │ 				</Button>
  
  i Use a centralized configuration file instead for better maintainability and deployment consistency.
  

apps/www/src/components/mode-toggle.tsx:7:8 lint/performance/noNamespaceImport ━━━━━━━━━━━━━━━━━━━━━

  × Avoid namespace imports, it can prevent efficient tree shaking and increase bundle size.
  
    5 │ import { motion } from "framer-motion";
    6 │ import { useTheme } from "next-themes";
  > 7 │ import * as React from "react";
      │        ^^^^^^^^^^^^^^^^^^^^^^^
    8 │ 
    9 │ export function ModeToggle() {
  
  i Use named imports instead.
  

apps/www/src/components/navbar/desktop-navbar.tsx:72:15 lint/style/noProcessEnv ━━━━━━━━━━━━━━━━━━━━

  × Don't use process.env.
  
    70 │ 					variant="simple"
    71 │ 					as={Link}
  > 72 │ 					href={`${process.env.NEXT_PUBLIC_APP_URL}/sign-in`}
       │ 					         ^^^^^^^^^^^
    73 │ 				>
    74 │ 					Login
  
  i Use a centralized configuration file instead for better maintainability and deployment consistency.
  

apps/www/src/components/navbar/desktop-navbar.tsx:76:32 lint/style/noProcessEnv ━━━━━━━━━━━━━━━━━━━━

  × Don't use process.env.
  
    74 │ 					Login
    75 │ 				</Button>
  > 76 │ 				<Button as={Link} href={`${process.env.NEXT_PUBLIC_APP_URL}/sign-up`}>
       │ 				                           ^^^^^^^^^^^
    77 │ 					Sign Up
    78 │ 				</Button>
  
  i Use a centralized configuration file instead for better maintainability and deployment consistency.
  

apps/www/src/components/navbar/mobile-navbar.tsx:79:17 lint/style/noProcessEnv ━━━━━━━━━━━━━━━━━━━━━

  × Don't use process.env.
  
    77 │ 							variant="simple"
    78 │ 							as={Link}
  > 79 │ 							href={`${process.env.NEXT_PUBLIC_APP_URL}/sign-in`}
       │ 							         ^^^^^^^^^^^
    80 │ 						>
    81 │ 							Login
  
  i Use a centralized configuration file instead for better maintainability and deployment consistency.
  

apps/www/src/components/navbar/mobile-navbar.tsx:72:17 lint/style/noProcessEnv ━━━━━━━━━━━━━━━━━━━━━

  × Don't use process.env.
  
    70 │ 						<Button
    71 │ 							as={Link}
  > 72 │ 							href={`${process.env.NEXT_PUBLIC_APP_URL}/sign-up`}
       │ 							         ^^^^^^^^^^^
    73 │ 						>
    74 │ 							Sign Up
  
  i Use a centralized configuration file instead for better maintainability and deployment consistency.
  

apps/www/src/components/testimonials.tsx:277:31 lint/style/useConsistentArrayType  FIXABLE  ━━━━━━━━━━

  × Use shorthand T[] syntax instead of Array<T> syntax.
  
    275 │ }
    276 │ 
  > 277 │ function splitArray<T>(array: Array<T>, numParts: number) {
        │                               ^^^^^^^^
    278 │ 	// biome-ignore lint/style/useConst: came with template
    279 │ 	let result: Array<Array<T>> = [];
  
  i Unsafe fix: Use shorthand T[] syntax to replace
  
    275 275 │   }
    276 276 │   
    277     │ - function·splitArray<T>(array:·Array<T>,·numParts:·number)·{
        277 │ + function·splitArray<T>(array:·T[],·numParts:·number)·{
    278 278 │   	// biome-ignore lint/style/useConst: came with template
    279 279 │   	let result: Array<Array<T>> = [];
  

apps/www/src/components/testimonials.tsx:279:14 lint/style/useConsistentArrayType  FIXABLE  ━━━━━━━━━━

  × Use shorthand T[] syntax instead of Array<T> syntax.
  
    277 │ function splitArray<T>(array: Array<T>, numParts: number) {
    278 │ 	// biome-ignore lint/style/useConst: came with template
  > 279 │ 	let result: Array<Array<T>> = [];
        │ 	            ^^^^^^^^^^^^^^^
    280 │ 	for (let i = 0; i < array.length; i++) {
    281 │ 		// biome-ignore lint/style/useConst: came with template
  
  i Unsafe fix: Use shorthand T[] syntax to replace
  
    277 277 │   function splitArray<T>(array: Array<T>, numParts: number) {
    278 278 │   	// biome-ignore lint/style/useConst: came with template
    279     │ - → let·result:·Array<Array<T>>·=·[];
        279 │ + → let·result:·T[][]·=·[];
    280 280 │   	for (let i = 0; i < array.length; i++) {
    281 281 │   		// biome-ignore lint/style/useConst: came with template
  

apps/www/src/components/testimonials.tsx:279:20 lint/style/useConsistentArrayType  FIXABLE  ━━━━━━━━━━

  × Use shorthand T[] syntax instead of Array<T> syntax.
  
    277 │ function splitArray<T>(array: Array<T>, numParts: number) {
    278 │ 	// biome-ignore lint/style/useConst: came with template
  > 279 │ 	let result: Array<Array<T>> = [];
        │ 	                  ^^^^^^^^
    280 │ 	for (let i = 0; i < array.length; i++) {
    281 │ 		// biome-ignore lint/style/useConst: came with template
  
  i Unsafe fix: Use shorthand T[] syntax to replace
  
    277 277 │   function splitArray<T>(array: Array<T>, numParts: number) {
    278 278 │   	// biome-ignore lint/style/useConst: came with template
    279     │ - → let·result:·Array<Array<T>>·=·[];
        279 │ + → let·result:·Array<T[]>·=·[];
    280 280 │   	for (let i = 0; i < array.length; i++) {
    281 281 │   		// biome-ignore lint/style/useConst: came with template
  

apps/www/src/components/testimonials.tsx:247:2 lint/nursery/noShadow ━━━━━━━━━━━━━━━━━━━━━━━━━━━━━━━

  × This variable shadows another variable with the same name in the outer scope.
  
    246 │ function TestimonialColumn({
  > 247 │ 	testimonials,
        │ 	^^^^^^^^^^^^
    248 │ 	className,
    249 │ 	containerClassName,
  
  i This is the shadowed variable, which is now inaccessible in the inner scope.
  
    27 │ }
    28 │ 
  > 29 │ const testimonials = [
       │       ^^^^^^^^^^^^
    30 │ 	{
    31 │ 		name: "Manu Arora",
  
  i Consider renaming this variable. It's easy to confuse the origin of variables if they share the same name.
  

apps/www/src/components/ui/infinite-moving-cards.tsx:28:4 lint/complexity/noForEach ━━━━━━━━━━━━━━━━

  × Prefer for...of instead of forEach.
  
    26 │ 			const scrollerContent = Array.from(scrollerRef.current.children);
    27 │ 
  > 28 │ 			scrollerContent.forEach((item) => {
       │ 			^^^^^^^^^^^^^^^^^^^^^^^^^^^^^^^^^^^
  > 29 │ 				const duplicatedItem = item.cloneNode(true);
  > 30 │ 				if (scrollerRef.current) {
  > 31 │ 					scrollerRef.current.appendChild(duplicatedItem);
  > 32 │ 				}
  > 33 │ 			});
       │ 			^^
    34 │ 
    35 │ 			getDirection();
  
  i forEach may lead to performance issues when working with large arrays. When combined with functions like filter or map, this causes multiple iterations over the same type.
  

apps/www/src/components/ui/sidebar.tsx:3:22 lint/correctness/noUndeclaredDependencies ━━━━━━━━━━━━━━

  × Dependency @radix-ui/react-slot isn't specified in apps/www/package.json.
  
    1 │ "use client";
    2 │ 
  > 3 │ import { Slot } from "@radix-ui/react-slot";
      │                      ^^^^^^^^^^^^^^^^^^^^^^
    4 │ import { PanelLeft } from "@squaredmade/icons";
    5 │ import { Button } from "@squaredmade/ui/button";
  
  i This could lead to errors.
  
  i Add the dependency in your manifest.
  

apps/www/src/components/ui/sidebar.tsx:18:8 lint/performance/noNamespaceImport ━━━━━━━━━━━━━━━━━━━━━

  × Avoid namespace imports, it can prevent efficient tree shaking and increase bundle size.
  
    16 │ } from "@squaredmade/ui/tooltip";
    17 │ import { cva, type VariantProps } from "class-variance-authority";
  > 18 │ import * as React from "react";
       │        ^^^^^^^^^^^^^^^^^^^^^^^
    19 │ import { useIsMobile } from "@/hooks/useMobile";
    20 │ 
  
  i Use named imports instead.
  

apps/www/src/components/ui/sidebar.tsx:77:24 lint/nursery/noShadow ━━━━━━━━━━━━━━━━━━━━━━━━━━━━━━━━━

  × This variable shadows another variable with the same name in the outer scope.
  
    75 │ 		const open = openProp ?? _open;
    76 │ 		const setOpen = React.useCallback(
  > 77 │ 			(value: boolean | ((value: boolean) => boolean)) => {
       │ 			                    ^^^^^
    78 │ 				const openState = typeof value === "function" ? value(open) : value;
    79 │ 				if (setOpenProp) {
  
  i This is the shadowed variable, which is now inaccessible in the inner scope.
  
    75 │ 		const open = openProp ?? _open;
    76 │ 		const setOpen = React.useCallback(
  > 77 │ 			(value: boolean | ((value: boolean) => boolean)) => {
       │ 			 ^^^^^
    78 │ 				const openState = typeof value === "function" ? value(open) : value;
    79 │ 				if (setOpenProp) {
  
  i Consider renaming this variable. It's easy to confuse the origin of variables if they share the same name.
  

apps/www/src/components/ui/sidebar.tsx:95:22 lint/nursery/noShadow ━━━━━━━━━━━━━━━━━━━━━━━━━━━━━━━━━

  × This variable shadows another variable with the same name in the outer scope.
  
    93 │ 		const toggleSidebar = React.useCallback(() => {
    94 │ 			return isMobile
  > 95 │ 				? setOpenMobile((open) => !open)
       │ 				                 ^^^^
    96 │ 				: setOpen((open) => !open);
    97 │ 		}, [isMobile, setOpen, setOpenMobile]);
  
  i This is the shadowed variable, which is now inaccessible in the inner scope.
  
    73 │ 		// We use openProp and setOpenProp for control from outside the component.
    74 │ 		const [_open, _setOpen] = React.useState(defaultOpen);
  > 75 │ 		const open = openProp ?? _open;
       │ 		      ^^^^
    76 │ 		const setOpen = React.useCallback(
    77 │ 			(value: boolean | ((value: boolean) => boolean)) => {
  
  i Consider renaming this variable. It's easy to confuse the origin of variables if they share the same name.
  

apps/www/src/components/ui/sidebar.tsx:96:16 lint/nursery/noShadow ━━━━━━━━━━━━━━━━━━━━━━━━━━━━━━━━━

  × This variable shadows another variable with the same name in the outer scope.
  
    94 │ 			return isMobile
    95 │ 				? setOpenMobile((open) => !open)
  > 96 │ 				: setOpen((open) => !open);
       │ 				           ^^^^
    97 │ 		}, [isMobile, setOpen, setOpenMobile]);
    98 │ 
  
  i This is the shadowed variable, which is now inaccessible in the inner scope.
  
    73 │ 		// We use openProp and setOpenProp for control from outside the component.
    74 │ 		const [_open, _setOpen] = React.useState(defaultOpen);
  > 75 │ 		const open = openProp ?? _open;
       │ 		      ^^^^
    76 │ 		const setOpen = React.useCallback(
    77 │ 			(value: boolean | ((value: boolean) => boolean)) => {
  
  i Consider renaming this variable. It's easy to confuse the origin of variables if they share the same name.
  

apps/www/src/hooks/useMobile.ts:1:8 lint/performance/noNamespaceImport ━━━━━━━━━━━━━━━━━━━━━━━━━━━━━

  × Avoid namespace imports, it can prevent efficient tree shaking and increase bundle size.
  
  > 1 │ import * as React from "react";
      │        ^^^^^^^^^^^^^^^^^^^^^^^
    2 │ 
    3 │ const MOBILE_BREAKPOINT = 768;
  
  i Use named imports instead.
  

apps/www/src/prismic/getPrismicDocStructure.ts:39:21 lint/nursery/noShadow ━━━━━━━━━━━━━━━━━━━━━━━━━

  × This variable shadows another variable with the same name in the outer scope.
  
    38 │ 	// Sort pages and their children
  > 39 │ 	const sortPages = (pages: DocPage[]) => {
       │ 	                   ^^^^^
    40 │ 		pages.sort((a, b) => a.order - b.order);
    41 │ 		for (const page of pages) {
  
  i This is the shadowed variable, which is now inaccessible in the inner scope.
  
    13 │ 	const documents = await client.getAllByType("documentation");
    14 │ 
  > 15 │ 	const pages: DocPage[] = documents.map((doc) => ({
       │ 	      ^^^^^
    16 │ 		id: doc.id,
    17 │ 		uid: doc.uid ?? "",
  
  i Consider renaming this variable. It's easy to confuse the origin of variables if they share the same name.
  

apps/www/src/prismic/slices/index.ts:6:2 lint/style/useNamingConvention ━━━━━━━━━━━━━━━━━━━━━━━━━━━━

  × This object property name should be in camelCase.
  
    5 │ export const components = {
  > 6 │ 	faq_section: dynamic(() => import("./FaqSection")),
      │ 	^^^^^^^^^^^
    7 │ 	feature_highlight: dynamic(() => import("./FeatureHighlight")),
    8 │ 	image_slice: dynamic(() => import("./ImageSlice")),
  

apps/www/src/prismic/slices/index.ts:7:2 lint/style/useNamingConvention ━━━━━━━━━━━━━━━━━━━━━━━━━━━━

  × This object property name should be in camelCase.
  
    5 │ export const components = {
    6 │ 	faq_section: dynamic(() => import("./FaqSection")),
  > 7 │ 	feature_highlight: dynamic(() => import("./FeatureHighlight")),
      │ 	^^^^^^^^^^^^^^^^^
    8 │ 	image_slice: dynamic(() => import("./ImageSlice")),
    9 │ 	step_by_step_guide: dynamic(() => import("./StepByStepGuide")),
  

apps/www/src/prismic/slices/index.ts:8:2 lint/style/useNamingConvention ━━━━━━━━━━━━━━━━━━━━━━━━━━━━

  × This object property name should be in camelCase.
  
     6 │ 	faq_section: dynamic(() => import("./FaqSection")),
     7 │ 	feature_highlight: dynamic(() => import("./FeatureHighlight")),
   > 8 │ 	image_slice: dynamic(() => import("./ImageSlice")),
       │ 	^^^^^^^^^^^
     9 │ 	step_by_step_guide: dynamic(() => import("./StepByStepGuide")),
    10 │ 	text_section: dynamic(() => import("./TextSection")),
  

apps/www/src/prismic/slices/index.ts:9:2 lint/style/useNamingConvention ━━━━━━━━━━━━━━━━━━━━━━━━━━━━

  × This object property name should be in camelCase.
  
     7 │ 	feature_highlight: dynamic(() => import("./FeatureHighlight")),
     8 │ 	image_slice: dynamic(() => import("./ImageSlice")),
   > 9 │ 	step_by_step_guide: dynamic(() => import("./StepByStepGuide")),
       │ 	^^^^^^^^^^^^^^^^^^
    10 │ 	text_section: dynamic(() => import("./TextSection")),
    11 │ 	tips_and_tricks: dynamic(() => import("./TipsAndTricks")),
  

apps/www/src/prismic/slices/index.ts:10:2 lint/style/useNamingConvention ━━━━━━━━━━━━━━━━━━━━━━━━━━━

  × This object property name should be in camelCase.
  
     8 │ 	image_slice: dynamic(() => import("./ImageSlice")),
     9 │ 	step_by_step_guide: dynamic(() => import("./StepByStepGuide")),
  > 10 │ 	text_section: dynamic(() => import("./TextSection")),
       │ 	^^^^^^^^^^^^
    11 │ 	tips_and_tricks: dynamic(() => import("./TipsAndTricks")),
    12 │ };
  

apps/www/src/prismic/slices/index.ts:11:2 lint/style/useNamingConvention ━━━━━━━━━━━━━━━━━━━━━━━━━━━

  × This object property name should be in camelCase.
  
     9 │ 	step_by_step_guide: dynamic(() => import("./StepByStepGuide")),
    10 │ 	text_section: dynamic(() => import("./TextSection")),
  > 11 │ 	tips_and_tricks: dynamic(() => import("./TipsAndTricks")),
       │ 	^^^^^^^^^^^^^^^
    12 │ };
    13 │ 
  

apps/www/src/prismicio.ts:2:8 lint/performance/noNamespaceImport ━━━━━━━━━━━━━━━━━━━━━━━━━━━━━━━━━━━

  × Avoid namespace imports, it can prevent efficient tree shaking and increase bundle size.
  
    1 │ import * as prismic from "@prismicio/client";
  > 2 │ import * as prismicNext from "@prismicio/next";
      │        ^^^^^^^^^^^^^^^^^^^^^^^^^^^^^^^^^^^^^^^
    3 │ import config from "../slicemachine.config.json" with { type: "json" };
    4 │ 
  
  i Use named imports instead.
  

apps/www/src/prismicio.ts:1:8 lint/performance/noNamespaceImport ━━━━━━━━━━━━━━━━━━━━━━━━━━━━━━━━━━━

  × Avoid namespace imports, it can prevent efficient tree shaking and increase bundle size.
  
  > 1 │ import * as prismic from "@prismicio/client";
      │        ^^^^^^^^^^^^^^^^^^^^^^^^^^^^^^^^^^^^^
    2 │ import * as prismicNext from "@prismicio/next";
    3 │ import config from "../slicemachine.config.json" with { type: "json" };
  
  i Use named imports instead.
  

apps/www/src/prismicio.ts:35:30 lint/nursery/noShadow ━━━━━━━━━━━━━━━━━━━━━━━━━━━━━━━━━━━━━━━━━━━━━━

  × This variable shadows another variable with the same name in the outer scope.
  
    33 │  * @param config - Configuration for the Prismic client.
    34 │  */
  > 35 │ export const createClient = (config: prismicNext.CreateClientConfig = {}) => {
       │                              ^^^^^^
    36 │ 	const client = prismic.createClient(repositoryName, {
    37 │ 		routes,
  
  i This is the shadowed variable, which is now inaccessible in the inner scope.
  
    1 │ import * as prismic from "@prismicio/client";
    2 │ import * as prismicNext from "@prismicio/next";
  > 3 │ import config from "../slicemachine.config.json" with { type: "json" };
      │        ^^^^^^
    4 │ 
    5 │ /**
  
  i Consider renaming this variable. It's easy to confuse the origin of variables if they share the same name.
  

apps/www/src/prismicio.ts:9:2 lint/style/noProcessEnv ━━━━━━━━━━━━━━━━━━━━━━━━━━━━━━━━━━━━━━━━━━━━━━

  × Don't use process.env.
  
     7 │  */
     8 │ export const repositoryName =
   > 9 │ 	process.env.NEXT_PUBLIC_PRISMIC_ENVIRONMENT || config.repositoryName;
       │ 	^^^^^^^^^^^
    10 │ 
    11 │ /**
  
  i Use a centralized configuration file instead for better maintainability and deployment consistency.
  

apps/www/src/prismicio.ts:39:4 lint/style/noProcessEnv ━━━━━━━━━━━━━━━━━━━━━━━━━━━━━━━━━━━━━━━━━━━━━

  × Don't use process.env.
  
    37 │ 		routes,
    38 │ 		fetchOptions:
  > 39 │ 			process.env.NODE_ENV === "production"
       │ 			^^^^^^^^^^^
    40 │ 				? { next: { tags: ["prismic"] }, cache: "force-cache" }
    41 │ 				: { next: { revalidate: 5 } },
  
  i Use a centralized configuration file instead for better maintainability and deployment consistency.
  

babel.config.js:1:1 lint/style/noCommonJs ━━━━━━━━━━━━━━━━━━━━━━━━━━━━━━━━━━━━━━━━━━━━━━━━━━━━━━━━━━

  × Use ESM exports instead of module.exports.
  
  > 1 │ module.exports = {
      │ ^^^^^^^^^^^^^^
    2 │ 	presets: [
    3 │ 		"@babel/preset-env",
  
  i ESM-style export statements are more easily statically analyzable and tree-shakable compared to CommonJs module.exports.
  

jest.config.js:1:1 lint/style/noCommonJs ━━━━━━━━━━━━━━━━━━━━━━━━━━━━━━━━━━━━━━━━━━━━━━━━━━━━━━━━━━━

  × Use ESM exports instead of module.exports.
  
  > 1 │ module.exports = {
      │ ^^^^^^^^^^^^^^
    2 │ 	preset: "ts-jest",
    3 │ 	testEnvironment: "jsdom",
  
  i ESM-style export statements are more easily statically analyzable and tree-shakable compared to CommonJs module.exports.
  

jest.setup.js:1:1 lint/correctness/noUndeclaredDependencies ━━━━━━━━━━━━━━━━━━━━━━━━━━━━━━━━━━━━━━━━

  × Dependency @testing-library/jest-dom isn't specified in package.json.
  
  > 1 │ require("@testing-library/jest-dom");
      │ ^^^^^^^^^^^^^^^^^^^^^^^^^^^^^^^^^^^^
    2 │ require("jest-extended");
    3 │ require("text-encoding-polyfill");
  
  i This could lead to errors.
  
  i Add the dependency in your manifest.
  

jest.setup.js:2:1 lint/correctness/noUndeclaredDependencies ━━━━━━━━━━━━━━━━━━━━━━━━━━━━━━━━━━━━━━━━

  × Dependency jest-extended isn't specified in package.json.
  
    1 │ require("@testing-library/jest-dom");
  > 2 │ require("jest-extended");
      │ ^^^^^^^^^^^^^^^^^^^^^^^^
    3 │ require("text-encoding-polyfill");
    4 │ const { toHaveNoViolations } = require("jest-axe");
  
  i This could lead to errors.
  
  i Add the dependency in your manifest.
  

jest.setup.js:3:1 lint/correctness/noUndeclaredDependencies ━━━━━━━━━━━━━━━━━━━━━━━━━━━━━━━━━━━━━━━━

  × Dependency text-encoding-polyfill isn't specified in package.json.
  
    1 │ require("@testing-library/jest-dom");
    2 │ require("jest-extended");
  > 3 │ require("text-encoding-polyfill");
      │ ^^^^^^^^^^^^^^^^^^^^^^^^^^^^^^^^^
    4 │ const { toHaveNoViolations } = require("jest-axe");
    5 │ expect.extend(toHaveNoViolations);
  
  i This could lead to errors.
  
  i Add the dependency in your manifest.
  

jest.setup.js:4:32 lint/correctness/noUndeclaredDependencies ━━━━━━━━━━━━━━━━━━━━━━━━━━━━━━━━━━━━━━━

  × Dependency jest-axe isn't specified in package.json.
  
    2 │ require("jest-extended");
    3 │ require("text-encoding-polyfill");
  > 4 │ const { toHaveNoViolations } = require("jest-axe");
      │                                ^^^^^^^^^^^^^^^^^^^
    5 │ expect.extend(toHaveNoViolations);
    6 │ const config = {
  
  i This could lead to errors.
  
  i Add the dependency in your manifest.
  

jest.setup.js:1:1 lint/style/noCommonJs ━━━━━━━━━━━━━━━━━━━━━━━━━━━━━━━━━━━━━━━━━━━━━━━━━━━━━━━━━━━━

  × Use ESM imports instead of require.
  
  > 1 │ require("@testing-library/jest-dom");
      │ ^^^^^^^^^^^^^^^^^^^^^^^^^^^^^^^^^^^^
    2 │ require("jest-extended");
    3 │ require("text-encoding-polyfill");
  
  i ESM-style import statements are more easily statically analyzable and tree-shakable compared to CommonJs require.
  

jest.setup.js:2:1 lint/style/noCommonJs ━━━━━━━━━━━━━━━━━━━━━━━━━━━━━━━━━━━━━━━━━━━━━━━━━━━━━━━━━━━━

  × Use ESM imports instead of require.
  
    1 │ require("@testing-library/jest-dom");
  > 2 │ require("jest-extended");
      │ ^^^^^^^^^^^^^^^^^^^^^^^^
    3 │ require("text-encoding-polyfill");
    4 │ const { toHaveNoViolations } = require("jest-axe");
  
  i ESM-style import statements are more easily statically analyzable and tree-shakable compared to CommonJs require.
  

jest.setup.js:3:1 lint/style/noCommonJs ━━━━━━━━━━━━━━━━━━━━━━━━━━━━━━━━━━━━━━━━━━━━━━━━━━━━━━━━━━━━

  × Use ESM imports instead of require.
  
    1 │ require("@testing-library/jest-dom");
    2 │ require("jest-extended");
  > 3 │ require("text-encoding-polyfill");
      │ ^^^^^^^^^^^^^^^^^^^^^^^^^^^^^^^^^
    4 │ const { toHaveNoViolations } = require("jest-axe");
    5 │ expect.extend(toHaveNoViolations);
  
  i ESM-style import statements are more easily statically analyzable and tree-shakable compared to CommonJs require.
  

jest.setup.js:4:32 lint/style/noCommonJs ━━━━━━━━━━━━━━━━━━━━━━━━━━━━━━━━━━━━━━━━━━━━━━━━━━━━━━━━━━━

  × Use ESM imports instead of require.
  
    2 │ require("jest-extended");
    3 │ require("text-encoding-polyfill");
  > 4 │ const { toHaveNoViolations } = require("jest-axe");
      │                                ^^^^^^^^^^^^^^^^^^^
    5 │ expect.extend(toHaveNoViolations);
    6 │ const config = {
  
  i ESM-style import statements are more easily statically analyzable and tree-shakable compared to CommonJs require.
  

jest.setup.js:10:1 lint/style/noCommonJs ━━━━━━━━━━━━━━━━━━━━━━━━━━━━━━━━━━━━━━━━━━━━━━━━━━━━━━━━━━━

  × Use ESM exports instead of module.exports.
  
     8 │ 	setupFilesAfterEnv: ["<rootDir>/support/setupTests.js"],
     9 │ };
  > 10 │ module.exports = config;
       │ ^^^^^^^^^^^^^^
    11 │ 
  
  i ESM-style export statements are more easily statically analyzable and tree-shakable compared to CommonJs module.exports.
  

packages/builder/src/cli.ts:8:2 lint/suspicious/noConsole  FIXABLE  ━━━━━━━━━━━━━━━━━━━━━━━━━━━━━━━━

  × Don't use console.
  
     7 │ if (args.length === 0) {
   > 8 │ 	console.error("Please provide a path to the entry file.");
       │ 	^^^^^^^^^^^^^
     9 │ 	process.exit(1);
    10 │ }
  
  i The use of console is often reserved for debugging.
  
  i Unsafe fix: Remove console.
  
     6  6 │   
     7  7 │   if (args.length === 0) {
     8    │ - → console.error("Please·provide·a·path·to·the·entry·file.");
     9  8 │   	process.exit(1);
    10  9 │   }
  

packages/builder/src/cli.ts:16:14 lint/suspicious/noConsole  FIXABLE  ━━━━━━━━━━━━━━━━━━━━━━━━━━━━━━

  × Don't use console.
  
    15 │ build(relativePath)
  > 16 │ 	.then(() => console.log("Build completed successfully."))
       │ 	            ^^^^^^^^^^^
    17 │ 	.catch((error) => {
    18 │ 		console.error("Build failed:", error);
  
  i The use of console is often reserved for debugging.
  
  i Unsafe fix: Remove console.
  
    14 14 │   
    15 15 │   build(relativePath)
    16    │ - → .then(()·=>·console.log("Build·completed·successfully."))
       16 │ + → .then(()·=>·{})
    17 17 │   	.catch((error) => {
    18 18 │   		console.error("Build failed:", error);
  

packages/builder/src/cli.ts:18:3 lint/suspicious/noConsole  FIXABLE  ━━━━━━━━━━━━━━━━━━━━━━━━━━━━━━━

  × Don't use console.
  
    16 │ 	.then(() => console.log("Build completed successfully."))
    17 │ 	.catch((error) => {
  > 18 │ 		console.error("Build failed:", error);
       │ 		^^^^^^^^^^^^^
    19 │ 		process.exit(1);
    20 │ 	});
  
  i The use of console is often reserved for debugging.
  
  i Unsafe fix: Remove console.
  
    16 16 │   	.then(() => console.log("Build completed successfully."))
    17 17 │   	.catch((error) => {
    18    │ - → → console.error("Build·failed:",·error);
    19 18 │   		process.exit(1);
    20 19 │   	});
  

packages/builder/src/index.ts:4:8 lint/performance/noNamespaceImport ━━━━━━━━━━━━━━━━━━━━━━━━━━━━━━━

  × Avoid namespace imports, it can prevent efficient tree shaking and increase bundle size.
  
    2 │ import { join, sep } from "node:path";
    3 │ import type { BuildOptions, SameShape } from "esbuild";
  > 4 │ import * as esbuild from "esbuild";
      │        ^^^^^^^^^^^^^^^^^^^^^^^^^^^
    5 │ import * as tsup from "tsup";
    6 │ 
  
  i Use named imports instead.
  

packages/builder/src/index.ts:5:8 lint/performance/noNamespaceImport ━━━━━━━━━━━━━━━━━━━━━━━━━━━━━━━

  × Avoid namespace imports, it can prevent efficient tree shaking and increase bundle size.
  
    3 │ import type { BuildOptions, SameShape } from "esbuild";
    4 │ import * as esbuild from "esbuild";
  > 5 │ import * as tsup from "tsup";
      │        ^^^^^^^^^^^^^^^^^^^^^
    6 │ 
    7 │ export async function build(path: string, external?: string[]) {
  
  i Use named imports instead.
  

packages/builder/src/index.ts:34:2 lint/suspicious/noConsole  FIXABLE  ━━━━━━━━━━━━━━━━━━━━━━━━━━━━━

  × Don't use console.
  
    33 │ 	await esbuild.build(esbuildConfig);
  > 34 │ 	console.info(`Built ${path}/dist/index.js`);
       │ 	^^^^^^^^^^^^
    35 │ 
    36 │ 	await esbuild.build({
  
  i The use of console is often reserved for debugging.
  
  i Unsafe fix: Remove console.
  
    32 32 │   
    33 33 │   	await esbuild.build(esbuildConfig);
    34    │ - → console.info(`Built·${path}/dist/index.js`);
    35 34 │   
    36 35 │   	await esbuild.build({
  

packages/builder/src/index.ts:41:2 lint/suspicious/noConsole  FIXABLE  ━━━━━━━━━━━━━━━━━━━━━━━━━━━━━

  × Don't use console.
  
    39 │ 		outExtension: { ".js": ".mjs" },
    40 │ 	});
  > 41 │ 	console.info(`Built ${path}/dist/index.mjs`);
       │ 	^^^^^^^^^^^^
    42 │ 
    43 │ 	await tsup.build({
  
  i The use of console is often reserved for debugging.
  
  i Unsafe fix: Remove console.
  
    39 39 │   		outExtension: { ".js": ".mjs" },
    40 40 │   	});
    41    │ - → console.info(`Built·${path}/dist/index.mjs`);
    42 41 │   
    43 42 │   	await tsup.build({
  

packages/builder/src/index.ts:51:2 lint/suspicious/noConsole  FIXABLE  ━━━━━━━━━━━━━━━━━━━━━━━━━━━━━

  × Don't use console.
  
    49 │ 		external,
    50 │ 	});
  > 51 │ 	console.info(`Built ${path}/dist/index.d.ts`);
       │ 	^^^^^^^^^^^^
    52 │ }
    53 │ 
  
  i The use of console is often reserved for debugging.
  
  i Unsafe fix: Remove console.
  
    49 49 │   		external,
    50 50 │   	});
    51    │ - → console.info(`Built·${path}/dist/index.d.ts`);
    52 51 │   }
    53 52 │   
  

packages/context/src/index.test.ts:175:73 lint/suspicious/useAwait ━━━━━━━━━━━━━━━━━━━━━━━━━━━━━━━━━

  × This async function lacks an await expression.
  
    173 │ 		});
    174 │ 
  > 175 │ 		it("should handle nested contexts with values, timeouts, and aborts", async () => {
        │ 		                                                                      ^^^^^^^^^^^^^
  > 176 │ 			// Create a base context with request ID
         ...
  > 200 │ 			expect(finalCtx.signal?.aborted).toBe(true);
  > 201 │ 		});
        │ 		^
    202 │ 
    203 │ 		it("should preserve correct prototype chain for inspection", () => {
  
  i Remove this async modifier, or add an await expression in the function.
  
    173 │ 		});
    174 │ 
  > 175 │ 		it("should handle nested contexts with values, timeouts, and aborts", async () => {
        │ 		                                                                      ^^^^^^^^^^^^^
  > 176 │ 			// Create a base context with request ID
         ...
  > 200 │ 			expect(finalCtx.signal?.aborted).toBe(true);
  > 201 │ 		});
        │ 		^
    202 │ 
    203 │ 		it("should preserve correct prototype chain for inspection", () => {
  
  i Async functions without await expressions may not need to be declared async.
  

packages/context/src/index.ts:125:2 lint/style/useDefaultSwitchClause ━━━━━━━━━━━━━━━━━━━━━━━━━━━━━━

  × Expected a default switch clause.
  
    123 │ 	inspect: (obj: unknown, opts: unknown) => string,
    124 │ ): string {
  > 125 │ 	switch (this) {
        │ 	^^^^^^^^^^^^^^^
  > 126 │ 		case background:
  > 127 │ 			return "Context< background >";
  > 128 │ 		case TODO:
  > 129 │ 			return "Context< TODO >";
  > 130 │ 	}
        │ 	^
    131 │ 	return `Context< ${inspect(recursiveSpread(this), options)} >`;
    132 │ }
  
  i The lack of a default clause can be a possible omission.
  
  i Consider adding a default clause.
  

packages/cron-jobs/src/index.test.ts:328:27 lint/performance/useTopLevelRegex ━━━━━━━━━━━━━━━━━━━━━━

  × This regex literal is not defined in the top level scope. This can lead to performance issues if this function is called frequently.
  
    327 │ 			expect(mockLogger.error).toHaveBeenCalledWith(
  > 328 │ 				expect.stringMatching(/Manual job failed: error-job \(\d+ms\)/),
        │ 				                      ^^^^^^^^^^^^^^^^^^^^^^^^^^^^^^^^^^^^^^^^
    329 │ 				expect.any(Error),
    330 │ 			);
  
  i Move the regex literal outside of this scope, and place it at the top level of this module, as a constant.
  

packages/cron-jobs/src/index.test.ts:698:23 lint/style/useAtIndex  FIXABLE  ━━━━━━━━━━━━━━━━━━━━━━━━

  × Prefer X.at(-Y) over X[X.length - Y].
  
    696 │ 			// Get the wrapped handler from CronJob mock
    697 │ 			const cronJobCalls = vi.mocked(CronJob as any).mock.calls;
  > 698 │ 			const latestCall = cronJobCalls[cronJobCalls.length - 1];
        │ 			                   ^^^^^^^^^^^^^^^^^^^^^^^^^^^^^^^^^^^^^
    699 │ 			const wrappedHandler = latestCall[1];
    700 │ 
  
  i Using .at() is more convenient and is easier to read.
  
  i Unsafe fix: Use .at().
  
    696 696 │   			// Get the wrapped handler from CronJob mock
    697 697 │   			const cronJobCalls = vi.mocked(CronJob as any).mock.calls;
    698     │ - → → → const·latestCall·=·cronJobCalls[cronJobCalls.length·-·1];
        698 │ + → → → const·latestCall·=·cronJobCalls.at(-1);
    699 699 │   			const wrappedHandler = latestCall[1];
    700 700 │   
  

packages/cron-jobs/src/index.test.ts:802:26 lint/performance/useTopLevelRegex ━━━━━━━━━━━━━━━━━━━━━━

  × This regex literal is not defined in the top level scope. This can lead to performance issues if this function is called frequently.
  
    800 │ 		);
    801 │ 		expect(mockLogger.info).toHaveBeenCalledWith(
  > 802 │ 			expect.stringMatching(/Manual job completed: lifecycle-job \(\d+ms\)/),
        │ 			                      ^^^^^^^^^^^^^^^^^^^^^^^^^^^^^^^^^^^^^^^^^^^^^^^
    803 │ 		);
    804 │ 	});
  
  i Move the regex literal outside of this scope, and place it at the top level of this module, as a constant.
  

packages/cron-jobs/src/index.test.ts:536:27 lint/performance/useTopLevelRegex ━━━━━━━━━━━━━━━━━━━━━━

  × This regex literal is not defined in the top level scope. This can lead to performance issues if this function is called frequently.
  
    534 │ 			// Verify error logging for the failed execution
    535 │ 			expect(mockLogger.error).toHaveBeenCalledWith(
  > 536 │ 				expect.stringMatching(/Job failed: error-scheduled-job \(\d+ms\)/),
        │ 				                      ^^^^^^^^^^^^^^^^^^^^^^^^^^^^^^^^^^^^^^^^^^^
    537 │ 				expect.any(Error),
    538 │ 			);
  
  i Move the regex literal outside of this scope, and place it at the top level of this module, as a constant.
  

packages/cron-jobs/src/index.test.ts:14:2 lint/style/useNamingConvention ━━━━━━━━━━━━━━━━━━━━━━━━━━━

  × This object property name should be in camelCase.
  
    13 │ vi.mock("cron", () => ({
  > 14 │ 	CronJob: vi.fn(() => mockCronJobInstance),
       │ 	^^^^^^^
    15 │ }));
    16 │ 
  

packages/cron-jobs/src/index.test.ts:546:41 lint/suspicious/useAwait ━━━━━━━━━━━━━━━━━━━━━━━━━━━━━━━

  × This async function lacks an await expression.
  
    544 │ 		});
    545 │ 
  > 546 │ 		it("should respect runOnInit option", async () => {
        │ 		                                      ^^^^^^^^^^^^^
  > 547 │ 			const config: CronJobConfig = {
         ...
  > 568 │ 			);
  > 569 │ 		});
        │ 		^
    570 │ 	});
    571 │ 
  
  i Remove this async modifier, or add an await expression in the function.
  
    544 │ 		});
    545 │ 
  > 546 │ 		it("should respect runOnInit option", async () => {
        │ 		                                      ^^^^^^^^^^^^^
  > 547 │ 			const config: CronJobConfig = {
         ...
  > 568 │ 			);
  > 569 │ 		});
        │ 		^
    570 │ 	});
    571 │ 
  
  i Async functions without await expressions may not need to be declared async.
  

packages/cron-jobs/src/index.test.ts:553:32 lint/suspicious/useAwait ━━━━━━━━━━━━━━━━━━━━━━━━━━━━━━━

  × This async function lacks an await expression.
  
    551 │ 			};
    552 │ 
  > 553 │ 			const handler: JobHandler = async () => {
        │ 			                            ^^^^^^^^^^^^^
  > 554 │ 				return { success: true };
  > 555 │ 			};
        │ 			^
    556 │ 
    557 │ 			// Verify that CronJob is called with runOnInit: true
  
  i Remove this async modifier, or add an await expression in the function.
  
    551 │ 			};
    552 │ 
  > 553 │ 			const handler: JobHandler = async () => {
        │ 			                            ^^^^^^^^^^^^^
  > 554 │ 				return { success: true };
  > 555 │ 			};
        │ 			^
    556 │ 
    557 │ 			// Verify that CronJob is called with runOnInit: true
  
  i Async functions without await expressions may not need to be declared async.
  

packages/cron-jobs/src/index.test.ts:398:27 lint/performance/useTopLevelRegex ━━━━━━━━━━━━━━━━━━━━━━

  × This regex literal is not defined in the top level scope. This can lead to performance issues if this function is called frequently.
  
    396 │ 			expect(job?.lastResult?.error).toBe("Job timed out after 1000ms");
    397 │ 			expect(mockLogger.error).toHaveBeenCalledWith(
  > 398 │ 				expect.stringMatching(/Job failed: timeout-job \(\d+ms\)/),
        │ 				                      ^^^^^^^^^^^^^^^^^^^^^^^^^^^^^^^^^^^
    399 │ 				expect.any(Error),
    400 │ 			);
  
  i Move the regex literal outside of this scope, and place it at the top level of this module, as a constant.
  

packages/cron-jobs/src/index.test.ts:710:27 lint/performance/useTopLevelRegex ━━━━━━━━━━━━━━━━━━━━━━

  × This regex literal is not defined in the top level scope. This can lead to performance issues if this function is called frequently.
  
    709 │ 			expect(mockLogger.error).toHaveBeenCalledWith(
  > 710 │ 				expect.stringMatching(/Job failed: throw-string-job \(\d+ms\)/),
        │ 				                      ^^^^^^^^^^^^^^^^^^^^^^^^^^^^^^^^^^^^^^^^
    711 │ 				"String error",
    712 │ 			);
  
  i Move the regex literal outside of this scope, and place it at the top level of this module, as a constant.
  

packages/cron-jobs/src/index.test.ts:418:55 lint/suspicious/useAwait ━━━━━━━━━━━━━━━━━━━━━━━━━━━━━━━

  × This async function lacks an await expression.
  
    416 │ 			const executionTimes: Date[] = [];
    417 │ 
  > 418 │ 			const handler: JobHandler<{ execution: number }> = async (context) => {
        │ 			                                                   ^^^^^^^^^^^^^^^^^^^^
  > 419 │ 				executionCount++;
         ...
  > 425 │ 				};
  > 426 │ 			};
        │ 			^
    427 │ 
    428 │ 			// Register and start the job
  
  i Remove this async modifier, or add an await expression in the function.
  
    416 │ 			const executionTimes: Date[] = [];
    417 │ 
  > 418 │ 			const handler: JobHandler<{ execution: number }> = async (context) => {
        │ 			                                                   ^^^^^^^^^^^^^^^^^^^^
  > 419 │ 				executionCount++;
         ...
  > 425 │ 				};
  > 426 │ 			};
        │ 			^
    427 │ 
    428 │ 			// Register and start the job
  
  i Async functions without await expressions may not need to be declared async.
  

packages/cron-jobs/src/index.test.ts:719:43 lint/suspicious/useAwait ━━━━━━━━━━━━━━━━━━━━━━━━━━━━━━━

  × This async function lacks an await expression.
  
    717 │ // Test the singleton export
    718 │ describe("jobManager singleton", () => {
  > 719 │ 	it("should export a singleton instance", async () => {
        │ 	                                         ^^^^^^^^^^^^^
  > 720 │ 		// You would uncomment this to test the actual export
         ...
  > 726 │ 		expect(true).toBe(true);
  > 727 │ 	});
        │ 	^
    728 │ });
    729 │ 
  
  i Remove this async modifier, or add an await expression in the function.
  
    717 │ // Test the singleton export
    718 │ describe("jobManager singleton", () => {
  > 719 │ 	it("should export a singleton instance", async () => {
        │ 	                                         ^^^^^^^^^^^^^
  > 720 │ 		// You would uncomment this to test the actual export
         ...
  > 726 │ 		expect(true).toBe(true);
  > 727 │ 	});
        │ 	^
    728 │ });
    729 │ 
  
  i Async functions without await expressions may not need to be declared async.
  

packages/cron-jobs/src/index.test.ts:434:23 lint/style/useAtIndex  FIXABLE  ━━━━━━━━━━━━━━━━━━━━━━━━

  × Prefer X.at(-Y) over X[X.length - Y].
  
    432 │ 			// Get the wrapped handler that was passed to CronJob
    433 │ 			const cronJobCalls = vi.mocked(CronJob as any).mock.calls;
  > 434 │ 			const latestCall = cronJobCalls[cronJobCalls.length - 1];
        │ 			                   ^^^^^^^^^^^^^^^^^^^^^^^^^^^^^^^^^^^^^
    435 │ 			const wrappedHandler = latestCall[1];
    436 │ 
  
  i Using .at() is more convenient and is easier to read.
  
  i Unsafe fix: Use .at().
  
    432 432 │   			// Get the wrapped handler that was passed to CronJob
    433 433 │   			const cronJobCalls = vi.mocked(CronJob as any).mock.calls;
    434     │ - → → → const·latestCall·=·cronJobCalls[cronJobCalls.length·-·1];
        434 │ + → → → const·latestCall·=·cronJobCalls.at(-1);
    435 435 │   			const wrappedHandler = latestCall[1];
    436 436 │   
  

packages/cron-jobs/src/index.test.ts:466:27 lint/performance/useTopLevelRegex ━━━━━━━━━━━━━━━━━━━━━━

  × This regex literal is not defined in the top level scope. This can lead to performance issues if this function is called frequently.
  
    464 │ 			);
    465 │ 			expect(mockLogger.info).toHaveBeenCalledWith(
  > 466 │ 				expect.stringMatching(/Job completed: scheduled-job \(\d+ms\)/),
        │ 				                      ^^^^^^^^^^^^^^^^^^^^^^^^^^^^^^^^^^^^^^^^
    467 │ 			);
    468 │ 
  
  i Move the regex literal outside of this scope, and place it at the top level of this module, as a constant.
  

packages/cron-jobs/src/index.test.ts:494:32 lint/suspicious/useAwait ━━━━━━━━━━━━━━━━━━━━━━━━━━━━━━━

  × This async function lacks an await expression.
  
    493 │ 			let executionCount = 0;
  > 494 │ 			const handler: JobHandler = async () => {
        │ 			                            ^^^^^^^^^^^^^
  > 495 │ 				executionCount++;
         ...
  > 505 │ 				};
  > 506 │ 			};
        │ 			^
    507 │ 
    508 │ 			jobManager.register(config, handler);
  
  i Remove this async modifier, or add an await expression in the function.
  
    493 │ 			let executionCount = 0;
  > 494 │ 			const handler: JobHandler = async () => {
        │ 			                            ^^^^^^^^^^^^^
  > 495 │ 				executionCount++;
         ...
  > 505 │ 				};
  > 506 │ 			};
        │ 			^
    507 │ 
    508 │ 			jobManager.register(config, handler);
  
  i Async functions without await expressions may not need to be declared async.
  

packages/cron-jobs/src/index.test.ts:301:27 lint/performance/useTopLevelRegex ━━━━━━━━━━━━━━━━━━━━━━

  × This regex literal is not defined in the top level scope. This can lead to performance issues if this function is called frequently.
  
    299 │ 			);
    300 │ 			expect(mockLogger.info).toHaveBeenCalledWith(
  > 301 │ 				expect.stringMatching(/Manual job completed: immediate-job \(\d+ms\)/),
        │ 				                      ^^^^^^^^^^^^^^^^^^^^^^^^^^^^^^^^^^^^^^^^^^^^^^^
    302 │ 			);
    303 │ 		});
  
  i Move the regex literal outside of this scope, and place it at the top level of this module, as a constant.
  

packages/cron-jobs/src/index.test.ts:512:23 lint/style/useAtIndex  FIXABLE  ━━━━━━━━━━━━━━━━━━━━━━━━

  × Prefer X.at(-Y) over X[X.length - Y].
  
    511 │ 			const cronJobCalls = vi.mocked(CronJob as any).mock.calls;
  > 512 │ 			const latestCall = cronJobCalls[cronJobCalls.length - 1];
        │ 			                   ^^^^^^^^^^^^^^^^^^^^^^^^^^^^^^^^^^^^^
    513 │ 			const wrappedHandler = latestCall[1];
    514 │ 
  
  i Using .at() is more convenient and is easier to read.
  
  i Unsafe fix: Use .at().
  
    510 510 │   
    511 511 │   			const cronJobCalls = vi.mocked(CronJob as any).mock.calls;
    512     │ - → → → const·latestCall·=·cronJobCalls[cronJobCalls.length·-·1];
        512 │ + → → → const·latestCall·=·cronJobCalls.at(-1);
    513 513 │   			const wrappedHandler = latestCall[1];
    514 514 │   
  

packages/cron-jobs/src/index.test.ts:667:23 lint/style/useAtIndex  FIXABLE  ━━━━━━━━━━━━━━━━━━━━━━━━

  × Prefer X.at(-Y) over X[X.length - Y].
  
    665 │ 			// Get the wrapped handler from CronJob mock
    666 │ 			const cronJobCalls = vi.mocked(CronJob as any).mock.calls;
  > 667 │ 			const latestCall = cronJobCalls[cronJobCalls.length - 1];
        │ 			                   ^^^^^^^^^^^^^^^^^^^^^^^^^^^^^^^^^^^^^
    668 │ 			const wrappedHandler = latestCall[1];
    669 │ 
  
  i Using .at() is more convenient and is easier to read.
  
  i Unsafe fix: Use .at().
  
    665 665 │   			// Get the wrapped handler from CronJob mock
    666 666 │   			const cronJobCalls = vi.mocked(CronJob as any).mock.calls;
    667     │ - → → → const·latestCall·=·cronJobCalls[cronJobCalls.length·-·1];
        667 │ + → → → const·latestCall·=·cronJobCalls.at(-1);
    668 668 │   			const wrappedHandler = latestCall[1];
    669 669 │   
  

packages/cron-jobs/src/index.test.ts:679:27 lint/performance/useTopLevelRegex ━━━━━━━━━━━━━━━━━━━━━━

  × This regex literal is not defined in the top level scope. This can lead to performance issues if this function is called frequently.
  
    677 │ 			expect(mockLogger.info).toHaveBeenCalledWith("Starting job: context-job");
    678 │ 			expect(mockLogger.info).toHaveBeenCalledWith(
  > 679 │ 				expect.stringMatching(/Job completed: context-job \(\d+ms\)/),
        │ 				                      ^^^^^^^^^^^^^^^^^^^^^^^^^^^^^^^^^^^^^^
    680 │ 			);
    681 │ 		});
  
  i Move the regex literal outside of this scope, and place it at the top level of this module, as a constant.
  

packages/cron-jobs/src/index.test.ts:691:5 lint/style/useThrowOnlyError ━━━━━━━━━━━━━━━━━━━━━━━━━━━━

  × Throwing non-Error values is not allowed.
  
    689 │ 			const handler: JobHandler = async () => {
    690 │ 				await new Promise((resolve) => setTimeout(resolve, 1));
  > 691 │ 				throw "String error";
        │ 				^^^^^^^^^^^^^^^^^^^^^
    692 │ 			};
    693 │ 
  
  i While Javascript supports throwing any value, handling non-Error values is confusing.
  

packages/cron-jobs/src/index.test.ts:383:23 lint/style/useAtIndex  FIXABLE  ━━━━━━━━━━━━━━━━━━━━━━━━

  × Prefer X.at(-Y) over X[X.length - Y].
  
    381 │ 			// Get the wrapped handler that was passed to CronJob
    382 │ 			const cronJobCalls = vi.mocked(CronJob as any).mock.calls;
  > 383 │ 			const latestCall = cronJobCalls[cronJobCalls.length - 1];
        │ 			                   ^^^^^^^^^^^^^^^^^^^^^^^^^^^^^^^^^^^^^
    384 │ 			const wrappedHandler = latestCall[1];
    385 │ 
  
  i Using .at() is more convenient and is easier to read.
  
  i Unsafe fix: Use .at().
  
    381 381 │   			// Get the wrapped handler that was passed to CronJob
    382 382 │   			const cronJobCalls = vi.mocked(CronJob as any).mock.calls;
    383     │ - → → → const·latestCall·=·cronJobCalls[cronJobCalls.length·-·1];
        383 │ + → → → const·latestCall·=·cronJobCalls.at(-1);
    384 384 │   			const wrappedHandler = latestCall[1];
    385 385 │   
  

packages/cron-jobs/src/index.ts:2:8 lint/performance/noReExportAll ━━━━━━━━━━━━━━━━━━━━━━━━━━━━━━━━━

  × Do not use export all ( export * from ... ).
  
    1 │ // Export all types and classes
  > 2 │ export * from "./types";
      │        ^^^^^^^^^^^^^^^^^
    3 │ export * from "./job-manager";
    4 │ 
  
  i Use named export instead.
  

packages/cron-jobs/src/index.ts:3:8 lint/performance/noReExportAll ━━━━━━━━━━━━━━━━━━━━━━━━━━━━━━━━━

  × Do not use export all ( export * from ... ).
  
    1 │ // Export all types and classes
    2 │ export * from "./types";
  > 3 │ export * from "./job-manager";
      │        ^^^^^^^^^^^^^^^^^^^^^^^
    4 │ 
    5 │ // Create and export singleton instance of JobManager
  
  i Use named export instead.
  

packages/cron-jobs/src/job-manager.ts:255:16 lint/style/useConsistentArrayType  FIXABLE  ━━━━━━━━━━━

  × Use shorthand T[] syntax instead of Array<T> syntax.
  
    253 │ 	 * @returns Array of registered jobs
    254 │ 	 */
  > 255 │ 	getAllJobs(): Array<RegisteredJob<unknown>> {
        │ 	              ^^^^^^^^^^^^^^^^^^^^^^^^^^^^^
    256 │ 		return Array.from(this.jobs.values());
    257 │ 	}
  
  i Unsafe fix: Use shorthand T[] syntax to replace
  
    253 253 │   	 * @returns Array of registered jobs
    254 254 │   	 */
    255     │ - → getAllJobs():·Array<RegisteredJob<unknown>>·{
        255 │ + → getAllJobs():·RegisteredJob<unknown>[]·{
    256 256 │   		return Array.from(this.jobs.values());
    257 257 │   	}
  

packages/db/drizzle.config.ts:10:8 lint/style/noProcessEnv ━━━━━━━━━━━━━━━━━━━━━━━━━━━━━━━━━━━━━━━━━

  × Don't use process.env.
  
     8 │ 	dbCredentials: {
     9 │ 		// biome-ignore lint/style/noNonNullAssertion: Will Always Be Defined
  > 10 │ 		url: process.env.DATABASE_URL!,
       │ 		     ^^^^^^^^^^^
    11 │ 	},
    12 │ 	// Print all statements
  
  i Use a centralized configuration file instead for better maintainability and deployment consistency.
  

packages/db/src/index.ts:6:8 lint/performance/noNamespaceImport ━━━━━━━━━━━━━━━━━━━━━━━━━━━━━━━━━━━━

  × Avoid namespace imports, it can prevent efficient tree shaking and increase bundle size.
  
    4 │ import type { PgTransaction } from "drizzle-orm/pg-core";
    5 │ import ws from "ws";
  > 6 │ import * as schema from "./schema";
      │        ^^^^^^^^^^^^^^^^^^^^^^^^^^^
    7 │ export * from "drizzle-orm";
    8 │ export * from "./schema";
  
  i Use named imports instead.
  

packages/db/src/index.ts:7:8 lint/performance/noReExportAll ━━━━━━━━━━━━━━━━━━━━━━━━━━━━━━━━━━━━━━━━

  × Do not use export all ( export * from ... ).
  
    5 │ import ws from "ws";
    6 │ import * as schema from "./schema";
  > 7 │ export * from "drizzle-orm";
      │        ^^^^^^^^^^^^^^^^^^^^^
    8 │ export * from "./schema";
    9 │ export type DBClient = ReturnType<typeof drizzle<typeof schema>>;
  
  i Use named export instead.
  

packages/db/src/index.ts:8:8 lint/performance/noReExportAll ━━━━━━━━━━━━━━━━━━━━━━━━━━━━━━━━━━━━━━━━

  × Do not use export all ( export * from ... ).
  
     6 │ import * as schema from "./schema";
     7 │ export * from "drizzle-orm";
   > 8 │ export * from "./schema";
       │        ^^^^^^^^^^^^^^^^^^
     9 │ export type DBClient = ReturnType<typeof drizzle<typeof schema>>;
    10 │ export type TransactionClient = PgTransaction<
  
  i Use named export instead.
  

packages/db/src/index.ts:30:4 lint/style/noProcessEnv ━━━━━━━━━━━━━━━━━━━━━━━━━━━━━━━━━━━━━━━━━━━━━━

  × Don't use process.env.
  
    28 │ 		databaseUrl:
    29 │ 			databaseUrl ||
  > 30 │ 			process.env.DATABASE_URL ||
       │ 			^^^^^^^^^^^
    31 │ 			"postgres://squared:squared@localhost:5432/squared-test?sslmode=disable",
    32 │ 		localDb: isRemote ? false : process.env.LOCAL_DB,
  
  i Use a centralized configuration file instead for better maintainability and deployment consistency.
  

packages/db/src/index.ts:32:31 lint/style/noProcessEnv ━━━━━━━━━━━━━━━━━━━━━━━━━━━━━━━━━━━━━━━━━━━━━

  × Don't use process.env.
  
    30 │ 			process.env.DATABASE_URL ||
    31 │ 			"postgres://squared:squared@localhost:5432/squared-test?sslmode=disable",
  > 32 │ 		localDb: isRemote ? false : process.env.LOCAL_DB,
       │ 		                            ^^^^^^^^^^^
    33 │ 		nodeEnv: process.env.NODE_ENV || "test",
    34 │ 	};
  
  i Use a centralized configuration file instead for better maintainability and deployment consistency.
  

packages/db/src/index.ts:33:12 lint/style/noProcessEnv ━━━━━━━━━━━━━━━━━━━━━━━━━━━━━━━━━━━━━━━━━━━━━

  × Don't use process.env.
  
    31 │ 			"postgres://squared:squared@localhost:5432/squared-test?sslmode=disable",
    32 │ 		localDb: isRemote ? false : process.env.LOCAL_DB,
  > 33 │ 		nodeEnv: process.env.NODE_ENV || "test",
       │ 		         ^^^^^^^^^^^
    34 │ 	};
    35 │ 
  
  i Use a centralized configuration file instead for better maintainability and deployment consistency.
  

packages/db/src/schema/index.ts:1:8 lint/performance/noReExportAll ━━━━━━━━━━━━━━━━━━━━━━━━━━━━━━━━━

  × Do not use export all ( export * from ... ).
  
  > 1 │ export * from "./relations";
      │        ^^^^^^^^^^^^^^^^^^^^^
    2 │ export * from "./schema";
    3 │ export * from "./types";
  
  i Use named export instead.
  

packages/db/src/schema/index.ts:2:8 lint/performance/noReExportAll ━━━━━━━━━━━━━━━━━━━━━━━━━━━━━━━━━

  × Do not use export all ( export * from ... ).
  
    1 │ export * from "./relations";
  > 2 │ export * from "./schema";
      │        ^^^^^^^^^^^^^^^^^^
    3 │ export * from "./types";
    4 │ 
  
  i Use named export instead.
  

packages/db/src/schema/index.ts:3:8 lint/performance/noReExportAll ━━━━━━━━━━━━━━━━━━━━━━━━━━━━━━━━━

  × Do not use export all ( export * from ... ).
  
    1 │ export * from "./relations";
    2 │ export * from "./schema";
  > 3 │ export * from "./types";
      │        ^^^^^^^^^^^^^^^^^
    4 │ 
  
  i Use named export instead.
  

packages/db/src/schema/relations.ts:213:3 lint/style/useNamingConvention ━━━━━━━━━━━━━━━━━━━━━━━━━━━

  × This object property name should be in camelCase.
  
    211 │ 	blockedTasksTable,
    212 │ 	({ one }) => ({
  > 213 │ 		task_a: one(tasksTable, {
        │ 		^^^^^^
    214 │ 			fields: [blockedTasksTable.a],
    215 │ 			references: [tasksTable.id],
  

packages/db/src/schema/relations.ts:218:3 lint/style/useNamingConvention ━━━━━━━━━━━━━━━━━━━━━━━━━━━

  × This object property name should be in camelCase.
  
    216 │ 			relationName: "blockedTasks_a_task_id",
    217 │ 		}),
  > 218 │ 		task_b: one(tasksTable, {
        │ 		^^^^^^
    219 │ 			fields: [blockedTasksTable.b],
    220 │ 			references: [tasksTable.id],
  

packages/db/src/schema/relations.ts:137:2 lint/style/useNamingConvention ━━━━━━━━━━━━━━━━━━━━━━━━━━━

  × This object property name should be in camelCase.
  
    135 │ 		relationName: "task_authorId_user_externalId",
    136 │ 	}),
  > 137 │ 	tasks_assigneeId: many(tasksTable, {
        │ 	^^^^^^^^^^^^^^^^
    138 │ 		relationName: "task_assigneeId_user_externalId",
    139 │ 	}),
  

packages/db/src/schema/relations.ts:74:2 lint/style/useNamingConvention ━━━━━━━━━━━━━━━━━━━━━━━━━━━━

  × This object property name should be in camelCase.
  
    72 │ 		references: [sprintsTable.id],
    73 │ 	}),
  > 74 │ 	user_authorId: one(usersTable, {
       │ 	^^^^^^^^^^^^^
    75 │ 		fields: [tasksTable.authorId],
    76 │ 		references: [usersTable.externalId],
  

packages/db/src/schema/relations.ts:79:2 lint/style/useNamingConvention ━━━━━━━━━━━━━━━━━━━━━━━━━━━━

  × This object property name should be in camelCase.
  
    77 │ 		relationName: "task_authorId_user_externalId",
    78 │ 	}),
  > 79 │ 	user_assigneeId: one(usersTable, {
       │ 	^^^^^^^^^^^^^^^
    80 │ 		fields: [tasksTable.assigneeId],
    81 │ 		references: [usersTable.externalId],
  

packages/db/src/schema/relations.ts:85:2 lint/style/useNamingConvention ━━━━━━━━━━━━━━━━━━━━━━━━━━━━

  × This object property name should be in camelCase.
  
    83 │ 	}),
    84 │ 	taskEvents: many(taskEventsTable),
  > 85 │ 	blockedTasks_a: many(blockedTasksTable, {
       │ 	^^^^^^^^^^^^^^
    86 │ 		relationName: "blockedTasks_a_task_id",
    87 │ 	}),
  

packages/db/src/schema/relations.ts:134:2 lint/style/useNamingConvention ━━━━━━━━━━━━━━━━━━━━━━━━━━━

  × This object property name should be in camelCase.
  
    132 │ 	}),
    133 │ 	comments: many(commentsTable),
  > 134 │ 	tasks_authorId: many(tasksTable, {
        │ 	^^^^^^^^^^^^^^
    135 │ 		relationName: "task_authorId_user_externalId",
    136 │ 	}),
  

packages/db/src/schema/relations.ts:88:2 lint/style/useNamingConvention ━━━━━━━━━━━━━━━━━━━━━━━━━━━━

  × This object property name should be in camelCase.
  
    86 │ 		relationName: "blockedTasks_a_task_id",
    87 │ 	}),
  > 88 │ 	blockedTasks_b: many(blockedTasksTable, {
       │ 	^^^^^^^^^^^^^^
    89 │ 		relationName: "blockedTasks_b_task_id",
    90 │ 	}),
  

packages/icons/build.ts:40:2 lint/suspicious/noConsole  FIXABLE  ━━━━━━━━━━━━━━━━━━━━━━━━━━━━━━━━━━━

  × Don't use console.
  
    38 │ try {
    39 │ 	execSync("biome format --write ./components", { stdio: "inherit" });
  > 40 │ 	console.log("✅ Code formatted with Biome");
       │ 	^^^^^^^^^^^
    41 │ } catch (error) {
    42 │ 	console.error("❌ Biome formatting failed:", error);
  
  i The use of console is often reserved for debugging.
  
  i Unsafe fix: Remove console.
  
    38 38 │   try {
    39 39 │   	execSync("biome format --write ./components", { stdio: "inherit" });
    40    │ - → console.log("✅·Code·formatted·with·Biome");
    41 40 │   } catch (error) {
    42 41 │   	console.error("❌ Biome formatting failed:", error);
  

packages/icons/build.ts:42:2 lint/suspicious/noConsole  FIXABLE  ━━━━━━━━━━━━━━━━━━━━━━━━━━━━━━━━━━━

  × Don't use console.
  
    40 │ 	console.log("✅ Code formatted with Biome");
    41 │ } catch (error) {
  > 42 │ 	console.error("❌ Biome formatting failed:", error);
       │ 	^^^^^^^^^^^^^
    43 │ }
    44 │ 
  
  i The use of console is often reserved for debugging.
  
  i Unsafe fix: Remove console.
  
    40 40 │   	console.log("✅ Code formatted with Biome");
    41 41 │   } catch (error) {
    42    │ - → console.error("❌·Biome·formatting·failed:",·error);
    43 42 │   }
    44 43 │   
  

packages/icons/components/index.ts:66:8 lint/performance/noReExportAll ━━━━━━━━━━━━━━━━━━━━━━━━━━━━━

  × Do not use export all ( export * from ... ).
  
    64 │ export * from "./CircleHelp";
    65 │ export * from "./ChevronUp";
  > 66 │ export * from "./ArrowUpWideNarrow";
       │        ^^^^^^^^^^^^^^^^^^^^^^^^^^^^^
    67 │ export * from "./MoveDiagonal";
    68 │ export * from "./CircleAlert";
  
  i Use named export instead.
  

packages/icons/components/index.ts:11:8 lint/performance/noReExportAll ━━━━━━━━━━━━━━━━━━━━━━━━━━━━━

  × Do not use export all ( export * from ... ).
  
     9 │ export * from "./MoveRight";
    10 │ export * from "./CircleDot";
  > 11 │ export * from "./Bookmark";
       │        ^^^^^^^^^^^^^^^^^^^^
    12 │ export * from "./CircleDashed";
    13 │ export * from "./Ellipsis";
  
  i Use named export instead.
  

packages/icons/components/index.ts:12:8 lint/performance/noReExportAll ━━━━━━━━━━━━━━━━━━━━━━━━━━━━━

  × Do not use export all ( export * from ... ).
  
    10 │ export * from "./CircleDot";
    11 │ export * from "./Bookmark";
  > 12 │ export * from "./CircleDashed";
       │        ^^^^^^^^^^^^^^^^^^^^^^^^
    13 │ export * from "./Ellipsis";
    14 │ export * from "./ArrowLeft";
  
  i Use named export instead.
  

packages/icons/components/index.ts:13:8 lint/performance/noReExportAll ━━━━━━━━━━━━━━━━━━━━━━━━━━━━━

  × Do not use export all ( export * from ... ).
  
    11 │ export * from "./Bookmark";
    12 │ export * from "./CircleDashed";
  > 13 │ export * from "./Ellipsis";
       │        ^^^^^^^^^^^^^^^^^^^^
    14 │ export * from "./ArrowLeft";
    15 │ export * from "./Calendar";
  
  i Use named export instead.
  

packages/icons/components/index.ts:10:8 lint/performance/noReExportAll ━━━━━━━━━━━━━━━━━━━━━━━━━━━━━

  × Do not use export all ( export * from ... ).
  
     8 │ export * from "./ArrowLeftRight";
     9 │ export * from "./MoveRight";
  > 10 │ export * from "./CircleDot";
       │        ^^^^^^^^^^^^^^^^^^^^^
    11 │ export * from "./Bookmark";
    12 │ export * from "./CircleDashed";
  
  i Use named export instead.
  

packages/icons/components/index.ts:15:8 lint/performance/noReExportAll ━━━━━━━━━━━━━━━━━━━━━━━━━━━━━

  × Do not use export all ( export * from ... ).
  
    13 │ export * from "./Ellipsis";
    14 │ export * from "./ArrowLeft";
  > 15 │ export * from "./Calendar";
       │        ^^^^^^^^^^^^^^^^^^^^
    16 │ export * from "./Handshake";
    17 │ export * from "./Italic";
  
  i Use named export instead.
  

packages/icons/components/index.ts:16:8 lint/performance/noReExportAll ━━━━━━━━━━━━━━━━━━━━━━━━━━━━━

  × Do not use export all ( export * from ... ).
  
    14 │ export * from "./ArrowLeft";
    15 │ export * from "./Calendar";
  > 16 │ export * from "./Handshake";
       │        ^^^^^^^^^^^^^^^^^^^^^
    17 │ export * from "./Italic";
    18 │ export * from "./Filter";
  
  i Use named export instead.
  

packages/icons/components/index.ts:17:8 lint/performance/noReExportAll ━━━━━━━━━━━━━━━━━━━━━━━━━━━━━

  × Do not use export all ( export * from ... ).
  
    15 │ export * from "./Calendar";
    16 │ export * from "./Handshake";
  > 17 │ export * from "./Italic";
       │        ^^^^^^^^^^^^^^^^^^
    18 │ export * from "./Filter";
    19 │ export * from "./MapPin";
  
  i Use named export instead.
  

packages/icons/components/index.ts:18:8 lint/performance/noReExportAll ━━━━━━━━━━━━━━━━━━━━━━━━━━━━━

  × Do not use export all ( export * from ... ).
  
    16 │ export * from "./Handshake";
    17 │ export * from "./Italic";
  > 18 │ export * from "./Filter";
       │        ^^^^^^^^^^^^^^^^^^
    19 │ export * from "./MapPin";
    20 │ export * from "./Activity";
  
  i Use named export instead.
  

packages/icons/components/index.ts:19:8 lint/performance/noReExportAll ━━━━━━━━━━━━━━━━━━━━━━━━━━━━━

  × Do not use export all ( export * from ... ).
  
    17 │ export * from "./Italic";
    18 │ export * from "./Filter";
  > 19 │ export * from "./MapPin";
       │        ^^^^^^^^^^^^^^^^^^
    20 │ export * from "./Activity";
    21 │ export * from "./Linkedin";
  
  i Use named export instead.
  

packages/icons/components/index.ts:20:8 lint/performance/noReExportAll ━━━━━━━━━━━━━━━━━━━━━━━━━━━━━

  × Do not use export all ( export * from ... ).
  
    18 │ export * from "./Filter";
    19 │ export * from "./MapPin";
  > 20 │ export * from "./Activity";
       │        ^^^^^^^^^^^^^^^^^^^^
    21 │ export * from "./Linkedin";
    22 │ export * from "./BellOff";
  
  i Use named export instead.
  

packages/icons/components/index.ts:21:8 lint/performance/noReExportAll ━━━━━━━━━━━━━━━━━━━━━━━━━━━━━

  × Do not use export all ( export * from ... ).
  
    19 │ export * from "./MapPin";
    20 │ export * from "./Activity";
  > 21 │ export * from "./Linkedin";
       │        ^^^^^^^^^^^^^^^^^^^^
    22 │ export * from "./BellOff";
    23 │ export * from "./ArrowUp";
  
  i Use named export instead.
  

packages/icons/components/index.ts:22:8 lint/performance/noReExportAll ━━━━━━━━━━━━━━━━━━━━━━━━━━━━━

  × Do not use export all ( export * from ... ).
  
    20 │ export * from "./Activity";
    21 │ export * from "./Linkedin";
  > 22 │ export * from "./BellOff";
       │        ^^^^^^^^^^^^^^^^^^^
    23 │ export * from "./ArrowUp";
    24 │ export * from "./Eye";
  
  i Use named export instead.
  

packages/icons/components/index.ts:23:8 lint/performance/noReExportAll ━━━━━━━━━━━━━━━━━━━━━━━━━━━━━

  × Do not use export all ( export * from ... ).
  
    21 │ export * from "./Linkedin";
    22 │ export * from "./BellOff";
  > 23 │ export * from "./ArrowUp";
       │        ^^^^^^^^^^^^^^^^^^^
    24 │ export * from "./Eye";
    25 │ export * from "./MoveVertical";
  
  i Use named export instead.
  

packages/icons/components/index.ts:24:8 lint/performance/noReExportAll ━━━━━━━━━━━━━━━━━━━━━━━━━━━━━

  × Do not use export all ( export * from ... ).
  
    22 │ export * from "./BellOff";
    23 │ export * from "./ArrowUp";
  > 24 │ export * from "./Eye";
       │        ^^^^^^^^^^^^^^^
    25 │ export * from "./MoveVertical";
    26 │ export * from "./CircleX";
  
  i Use named export instead.
  

packages/icons/components/index.ts:25:8 lint/performance/noReExportAll ━━━━━━━━━━━━━━━━━━━━━━━━━━━━━

  × Do not use export all ( export * from ... ).
  
    23 │ export * from "./ArrowUp";
    24 │ export * from "./Eye";
  > 25 │ export * from "./MoveVertical";
       │        ^^^^^^^^^^^^^^^^^^^^^^^^
    26 │ export * from "./CircleX";
    27 │ export * from "./Clock";
  
  i Use named export instead.
  

packages/icons/components/index.ts:26:8 lint/performance/noReExportAll ━━━━━━━━━━━━━━━━━━━━━━━━━━━━━

  × Do not use export all ( export * from ... ).
  
    24 │ export * from "./Eye";
    25 │ export * from "./MoveVertical";
  > 26 │ export * from "./CircleX";
       │        ^^^^^^^^^^^^^^^^^^^
    27 │ export * from "./Clock";
    28 │ export * from "./CircleUser";
  
  i Use named export instead.
  

packages/icons/components/index.ts:27:8 lint/performance/noReExportAll ━━━━━━━━━━━━━━━━━━━━━━━━━━━━━

  × Do not use export all ( export * from ... ).
  
    25 │ export * from "./MoveVertical";
    26 │ export * from "./CircleX";
  > 27 │ export * from "./Clock";
       │        ^^^^^^^^^^^^^^^^^
    28 │ export * from "./CircleUser";
    29 │ export * from "./Trash2";
  
  i Use named export instead.
  

packages/icons/components/index.ts:28:8 lint/performance/noReExportAll ━━━━━━━━━━━━━━━━━━━━━━━━━━━━━

  × Do not use export all ( export * from ... ).
  
    26 │ export * from "./CircleX";
    27 │ export * from "./Clock";
  > 28 │ export * from "./CircleUser";
       │        ^^^^^^^^^^^^^^^^^^^^^^
    29 │ export * from "./Trash2";
    30 │ export * from "./Pencil";
  
  i Use named export instead.
  

packages/icons/components/index.ts:29:8 lint/performance/noReExportAll ━━━━━━━━━━━━━━━━━━━━━━━━━━━━━

  × Do not use export all ( export * from ... ).
  
    27 │ export * from "./Clock";
    28 │ export * from "./CircleUser";
  > 29 │ export * from "./Trash2";
       │        ^^^^^^^^^^^^^^^^^^
    30 │ export * from "./Pencil";
    31 │ export * from "./Sun";
  
  i Use named export instead.
  

packages/icons/components/index.ts:30:8 lint/performance/noReExportAll ━━━━━━━━━━━━━━━━━━━━━━━━━━━━━

  × Do not use export all ( export * from ... ).
  
    28 │ export * from "./CircleUser";
    29 │ export * from "./Trash2";
  > 30 │ export * from "./Pencil";
       │        ^^^^^^^^^^^^^^^^^^
    31 │ export * from "./Sun";
    32 │ export * from "./CirclePlus";
  
  i Use named export instead.
  

packages/icons/components/index.ts:31:8 lint/performance/noReExportAll ━━━━━━━━━━━━━━━━━━━━━━━━━━━━━

  × Do not use export all ( export * from ... ).
  
    29 │ export * from "./Trash2";
    30 │ export * from "./Pencil";
  > 31 │ export * from "./Sun";
       │        ^^^^^^^^^^^^^^^
    32 │ export * from "./CirclePlus";
    33 │ export * from "./ArrowDownWideNarrow";
  
  i Use named export instead.
  

packages/icons/components/index.ts:32:8 lint/performance/noReExportAll ━━━━━━━━━━━━━━━━━━━━━━━━━━━━━

  × Do not use export all ( export * from ... ).
  
    30 │ export * from "./Pencil";
    31 │ export * from "./Sun";
  > 32 │ export * from "./CirclePlus";
       │        ^^^^^^^^^^^^^^^^^^^^^^
    33 │ export * from "./ArrowDownWideNarrow";
    34 │ export * from "./Trash";
  
  i Use named export instead.
  

packages/icons/components/index.ts:33:8 lint/performance/noReExportAll ━━━━━━━━━━━━━━━━━━━━━━━━━━━━━

  × Do not use export all ( export * from ... ).
  
    31 │ export * from "./Sun";
    32 │ export * from "./CirclePlus";
  > 33 │ export * from "./ArrowDownWideNarrow";
       │        ^^^^^^^^^^^^^^^^^^^^^^^^^^^^^^^
    34 │ export * from "./Trash";
    35 │ export * from "./UserSearch";
  
  i Use named export instead.
  

packages/icons/components/index.ts:34:8 lint/performance/noReExportAll ━━━━━━━━━━━━━━━━━━━━━━━━━━━━━

  × Do not use export all ( export * from ... ).
  
    32 │ export * from "./CirclePlus";
    33 │ export * from "./ArrowDownWideNarrow";
  > 34 │ export * from "./Trash";
       │        ^^^^^^^^^^^^^^^^^
    35 │ export * from "./UserSearch";
    36 │ export * from "./Camera";
  
  i Use named export instead.
  

packages/icons/components/index.ts:35:8 lint/performance/noReExportAll ━━━━━━━━━━━━━━━━━━━━━━━━━━━━━

  × Do not use export all ( export * from ... ).
  
    33 │ export * from "./ArrowDownWideNarrow";
    34 │ export * from "./Trash";
  > 35 │ export * from "./UserSearch";
       │        ^^^^^^^^^^^^^^^^^^^^^^
    36 │ export * from "./Camera";
    37 │ export * from "./ThumbsUp";
  
  i Use named export instead.
  

packages/icons/components/index.ts:36:8 lint/performance/noReExportAll ━━━━━━━━━━━━━━━━━━━━━━━━━━━━━

  × Do not use export all ( export * from ... ).
  
    34 │ export * from "./Trash";
    35 │ export * from "./UserSearch";
  > 36 │ export * from "./Camera";
       │        ^^^^^^^^^^^^^^^^^^
    37 │ export * from "./ThumbsUp";
    38 │ export * from "./Box";
  
  i Use named export instead.
  

packages/icons/components/index.ts:37:8 lint/performance/noReExportAll ━━━━━━━━━━━━━━━━━━━━━━━━━━━━━

  × Do not use export all ( export * from ... ).
  
    35 │ export * from "./UserSearch";
    36 │ export * from "./Camera";
  > 37 │ export * from "./ThumbsUp";
       │        ^^^^^^^^^^^^^^^^^^^^
    38 │ export * from "./Box";
    39 │ export * from "./Lightbulb";
  
  i Use named export instead.
  

packages/icons/components/index.ts:38:8 lint/performance/noReExportAll ━━━━━━━━━━━━━━━━━━━━━━━━━━━━━

  × Do not use export all ( export * from ... ).
  
    36 │ export * from "./Camera";
    37 │ export * from "./ThumbsUp";
  > 38 │ export * from "./Box";
       │        ^^^^^^^^^^^^^^^
    39 │ export * from "./Lightbulb";
    40 │ export * from "./Maximize2";
  
  i Use named export instead.
  

packages/icons/components/index.ts:39:8 lint/performance/noReExportAll ━━━━━━━━━━━━━━━━━━━━━━━━━━━━━

  × Do not use export all ( export * from ... ).
  
    37 │ export * from "./ThumbsUp";
    38 │ export * from "./Box";
  > 39 │ export * from "./Lightbulb";
       │        ^^^^^^^^^^^^^^^^^^^^^
    40 │ export * from "./Maximize2";
    41 │ export * from "./PanelLeft";
  
  i Use named export instead.
  

packages/icons/components/index.ts:40:8 lint/performance/noReExportAll ━━━━━━━━━━━━━━━━━━━━━━━━━━━━━

  × Do not use export all ( export * from ... ).
  
    38 │ export * from "./Box";
    39 │ export * from "./Lightbulb";
  > 40 │ export * from "./Maximize2";
       │        ^^^^^^^^^^^^^^^^^^^^^
    41 │ export * from "./PanelLeft";
    42 │ export * from "./Copy";
  
  i Use named export instead.
  

packages/icons/components/index.ts:41:8 lint/performance/noReExportAll ━━━━━━━━━━━━━━━━━━━━━━━━━━━━━

  × Do not use export all ( export * from ... ).
  
    39 │ export * from "./Lightbulb";
    40 │ export * from "./Maximize2";
  > 41 │ export * from "./PanelLeft";
       │        ^^^^^^^^^^^^^^^^^^^^^
    42 │ export * from "./Copy";
    43 │ export * from "./GitPullRequestArrow";
  
  i Use named export instead.
  

packages/icons/components/index.ts:42:8 lint/performance/noReExportAll ━━━━━━━━━━━━━━━━━━━━━━━━━━━━━

  × Do not use export all ( export * from ... ).
  
    40 │ export * from "./Maximize2";
    41 │ export * from "./PanelLeft";
  > 42 │ export * from "./Copy";
       │        ^^^^^^^^^^^^^^^^
    43 │ export * from "./GitPullRequestArrow";
    44 │ export * from "./Info";
  
  i Use named export instead.
  

packages/icons/components/index.ts:43:8 lint/performance/noReExportAll ━━━━━━━━━━━━━━━━━━━━━━━━━━━━━

  × Do not use export all ( export * from ... ).
  
    41 │ export * from "./PanelLeft";
    42 │ export * from "./Copy";
  > 43 │ export * from "./GitPullRequestArrow";
       │        ^^^^^^^^^^^^^^^^^^^^^^^^^^^^^^^
    44 │ export * from "./Info";
    45 │ export * from "./Check";
  
  i Use named export instead.
  

packages/icons/components/index.ts:44:8 lint/performance/noReExportAll ━━━━━━━━━━━━━━━━━━━━━━━━━━━━━

  × Do not use export all ( export * from ... ).
  
    42 │ export * from "./Copy";
    43 │ export * from "./GitPullRequestArrow";
  > 44 │ export * from "./Info";
       │        ^^^^^^^^^^^^^^^^
    45 │ export * from "./Check";
    46 │ export * from "./Plus";
  
  i Use named export instead.
  

packages/icons/components/index.ts:45:8 lint/performance/noReExportAll ━━━━━━━━━━━━━━━━━━━━━━━━━━━━━

  × Do not use export all ( export * from ... ).
  
    43 │ export * from "./GitPullRequestArrow";
    44 │ export * from "./Info";
  > 45 │ export * from "./Check";
       │        ^^^^^^^^^^^^^^^^^
    46 │ export * from "./Plus";
    47 │ export * from "./Bold";
  
  i Use named export instead.
  

packages/icons/components/index.ts:46:8 lint/performance/noReExportAll ━━━━━━━━━━━━━━━━━━━━━━━━━━━━━

  × Do not use export all ( export * from ... ).
  
    44 │ export * from "./Info";
    45 │ export * from "./Check";
  > 46 │ export * from "./Plus";
       │        ^^^^^^^^^^^^^^^^
    47 │ export * from "./Bold";
    48 │ export * from "./EyeOff";
  
  i Use named export instead.
  

packages/icons/components/index.ts:47:8 lint/performance/noReExportAll ━━━━━━━━━━━━━━━━━━━━━━━━━━━━━

  × Do not use export all ( export * from ... ).
  
    45 │ export * from "./Check";
    46 │ export * from "./Plus";
  > 47 │ export * from "./Bold";
       │        ^^^^^^^^^^^^^^^^
    48 │ export * from "./EyeOff";
    49 │ export * from "./CircleCheck";
  
  i Use named export instead.
  

packages/icons/components/index.ts:48:8 lint/performance/noReExportAll ━━━━━━━━━━━━━━━━━━━━━━━━━━━━━

  × Do not use export all ( export * from ... ).
  
    46 │ export * from "./Plus";
    47 │ export * from "./Bold";
  > 48 │ export * from "./EyeOff";
       │        ^^^^^^^^^^^^^^^^^^
    49 │ export * from "./CircleCheck";
    50 │ export * from "./BookmarkMinus";
  
  i Use named export instead.
  

packages/icons/components/index.ts:49:8 lint/performance/noReExportAll ━━━━━━━━━━━━━━━━━━━━━━━━━━━━━

  × Do not use export all ( export * from ... ).
  
    47 │ export * from "./Bold";
    48 │ export * from "./EyeOff";
  > 49 │ export * from "./CircleCheck";
       │        ^^^^^^^^^^^^^^^^^^^^^^^
    50 │ export * from "./BookmarkMinus";
    51 │ export * from "./Mail";
  
  i Use named export instead.
  

packages/icons/components/index.ts:50:8 lint/performance/noReExportAll ━━━━━━━━━━━━━━━━━━━━━━━━━━━━━

  × Do not use export all ( export * from ... ).
  
    48 │ export * from "./EyeOff";
    49 │ export * from "./CircleCheck";
  > 50 │ export * from "./BookmarkMinus";
       │        ^^^^^^^^^^^^^^^^^^^^^^^^^
    51 │ export * from "./Mail";
    52 │ export * from "./Archive";
  
  i Use named export instead.
  

packages/icons/components/index.ts:51:8 lint/performance/noReExportAll ━━━━━━━━━━━━━━━━━━━━━━━━━━━━━

  × Do not use export all ( export * from ... ).
  
    49 │ export * from "./CircleCheck";
    50 │ export * from "./BookmarkMinus";
  > 51 │ export * from "./Mail";
       │        ^^^^^^^^^^^^^^^^
    52 │ export * from "./Archive";
    53 │ export * from "./LoaderCircle";
  
  i Use named export instead.
  

packages/icons/components/index.ts:52:8 lint/performance/noReExportAll ━━━━━━━━━━━━━━━━━━━━━━━━━━━━━

  × Do not use export all ( export * from ... ).
  
    50 │ export * from "./BookmarkMinus";
    51 │ export * from "./Mail";
  > 52 │ export * from "./Archive";
       │        ^^^^^^^^^^^^^^^^^^^
    53 │ export * from "./LoaderCircle";
    54 │ export * from "./Settings";
  
  i Use named export instead.
  

packages/icons/components/index.ts:53:8 lint/performance/noReExportAll ━━━━━━━━━━━━━━━━━━━━━━━━━━━━━

  × Do not use export all ( export * from ... ).
  
    51 │ export * from "./Mail";
    52 │ export * from "./Archive";
  > 53 │ export * from "./LoaderCircle";
       │        ^^^^^^^^^^^^^^^^^^^^^^^^
    54 │ export * from "./Settings";
    55 │ export * from "./SquarePen";
  
  i Use named export instead.
  

packages/icons/components/index.ts:54:8 lint/performance/noReExportAll ━━━━━━━━━━━━━━━━━━━━━━━━━━━━━

  × Do not use export all ( export * from ... ).
  
    52 │ export * from "./Archive";
    53 │ export * from "./LoaderCircle";
  > 54 │ export * from "./Settings";
       │        ^^^^^^^^^^^^^^^^^^^^
    55 │ export * from "./SquarePen";
    56 │ export * from "./LogOut";
  
  i Use named export instead.
  

packages/icons/components/index.ts:55:8 lint/performance/noReExportAll ━━━━━━━━━━━━━━━━━━━━━━━━━━━━━

  × Do not use export all ( export * from ... ).
  
    53 │ export * from "./LoaderCircle";
    54 │ export * from "./Settings";
  > 55 │ export * from "./SquarePen";
       │        ^^^^^^^^^^^^^^^^^^^^^
    56 │ export * from "./LogOut";
    57 │ export * from "./ArrowRight";
  
  i Use named export instead.
  

packages/icons/components/index.ts:56:8 lint/performance/noReExportAll ━━━━━━━━━━━━━━━━━━━━━━━━━━━━━

  × Do not use export all ( export * from ... ).
  
    54 │ export * from "./Settings";
    55 │ export * from "./SquarePen";
  > 56 │ export * from "./LogOut";
       │        ^^^^^^^^^^^^^^^^^^
    57 │ export * from "./ArrowRight";
    58 │ export * from "./UserRoundPlus";
  
  i Use named export instead.
  

packages/icons/components/index.ts:57:8 lint/performance/noReExportAll ━━━━━━━━━━━━━━━━━━━━━━━━━━━━━

  × Do not use export all ( export * from ... ).
  
    55 │ export * from "./SquarePen";
    56 │ export * from "./LogOut";
  > 57 │ export * from "./ArrowRight";
       │        ^^^^^^^^^^^^^^^^^^^^^^
    58 │ export * from "./UserRoundPlus";
    59 │ export * from "./Link";
  
  i Use named export instead.
  

packages/icons/components/index.ts:58:8 lint/performance/noReExportAll ━━━━━━━━━━━━━━━━━━━━━━━━━━━━━

  × Do not use export all ( export * from ... ).
  
    56 │ export * from "./LogOut";
    57 │ export * from "./ArrowRight";
  > 58 │ export * from "./UserRoundPlus";
       │        ^^^^^^^^^^^^^^^^^^^^^^^^^
    59 │ export * from "./Link";
    60 │ export * from "./Clipboard";
  
  i Use named export instead.
  

packages/icons/components/index.ts:59:8 lint/performance/noReExportAll ━━━━━━━━━━━━━━━━━━━━━━━━━━━━━

  × Do not use export all ( export * from ... ).
  
    57 │ export * from "./ArrowRight";
    58 │ export * from "./UserRoundPlus";
  > 59 │ export * from "./Link";
       │        ^^^^^^^^^^^^^^^^
    60 │ export * from "./Clipboard";
    61 │ export * from "./ChevronRight";
  
  i Use named export instead.
  

packages/icons/components/index.ts:60:8 lint/performance/noReExportAll ━━━━━━━━━━━━━━━━━━━━━━━━━━━━━

  × Do not use export all ( export * from ... ).
  
    58 │ export * from "./UserRoundPlus";
    59 │ export * from "./Link";
  > 60 │ export * from "./Clipboard";
       │        ^^^^^^^^^^^^^^^^^^^^^
    61 │ export * from "./ChevronRight";
    62 │ export * from "./X";
  
  i Use named export instead.
  

packages/icons/components/index.ts:61:8 lint/performance/noReExportAll ━━━━━━━━━━━━━━━━━━━━━━━━━━━━━

  × Do not use export all ( export * from ... ).
  
    59 │ export * from "./Link";
    60 │ export * from "./Clipboard";
  > 61 │ export * from "./ChevronRight";
       │        ^^^^^^^^^^^^^^^^^^^^^^^^
    62 │ export * from "./X";
    63 │ export * from "./SlidersVertical";
  
  i Use named export instead.
  

packages/icons/components/index.ts:62:8 lint/performance/noReExportAll ━━━━━━━━━━━━━━━━━━━━━━━━━━━━━

  × Do not use export all ( export * from ... ).
  
    60 │ export * from "./Clipboard";
    61 │ export * from "./ChevronRight";
  > 62 │ export * from "./X";
       │        ^^^^^^^^^^^^^
    63 │ export * from "./SlidersVertical";
    64 │ export * from "./CircleHelp";
  
  i Use named export instead.
  

packages/icons/components/index.ts:63:8 lint/performance/noReExportAll ━━━━━━━━━━━━━━━━━━━━━━━━━━━━━

  × Do not use export all ( export * from ... ).
  
    61 │ export * from "./ChevronRight";
    62 │ export * from "./X";
  > 63 │ export * from "./SlidersVertical";
       │        ^^^^^^^^^^^^^^^^^^^^^^^^^^^
    64 │ export * from "./CircleHelp";
    65 │ export * from "./ChevronUp";
  
  i Use named export instead.
  

packages/icons/components/index.ts:64:8 lint/performance/noReExportAll ━━━━━━━━━━━━━━━━━━━━━━━━━━━━━

  × Do not use export all ( export * from ... ).
  
    62 │ export * from "./X";
    63 │ export * from "./SlidersVertical";
  > 64 │ export * from "./CircleHelp";
       │        ^^^^^^^^^^^^^^^^^^^^^^
    65 │ export * from "./ChevronUp";
    66 │ export * from "./ArrowUpWideNarrow";
  
  i Use named export instead.
  

packages/icons/components/index.ts:65:8 lint/performance/noReExportAll ━━━━━━━━━━━━━━━━━━━━━━━━━━━━━

  × Do not use export all ( export * from ... ).
  
    63 │ export * from "./SlidersVertical";
    64 │ export * from "./CircleHelp";
  > 65 │ export * from "./ChevronUp";
       │        ^^^^^^^^^^^^^^^^^^^^^
    66 │ export * from "./ArrowUpWideNarrow";
    67 │ export * from "./MoveDiagonal";
  
  i Use named export instead.
  

packages/icons/components/index.ts:67:8 lint/performance/noReExportAll ━━━━━━━━━━━━━━━━━━━━━━━━━━━━━

  × Do not use export all ( export * from ... ).
  
    65 │ export * from "./ChevronUp";
    66 │ export * from "./ArrowUpWideNarrow";
  > 67 │ export * from "./MoveDiagonal";
       │        ^^^^^^^^^^^^^^^^^^^^^^^^
    68 │ export * from "./CircleAlert";
    69 │ export * from "./Inbox";
  
  i Use named export instead.
  

packages/icons/components/index.ts:68:8 lint/performance/noReExportAll ━━━━━━━━━━━━━━━━━━━━━━━━━━━━━

  × Do not use export all ( export * from ... ).
  
    66 │ export * from "./ArrowUpWideNarrow";
    67 │ export * from "./MoveDiagonal";
  > 68 │ export * from "./CircleAlert";
       │        ^^^^^^^^^^^^^^^^^^^^^^^
    69 │ export * from "./Inbox";
    70 │ export * from "./BadgePlus";
  
  i Use named export instead.
  

packages/icons/components/index.ts:69:8 lint/performance/noReExportAll ━━━━━━━━━━━━━━━━━━━━━━━━━━━━━

  × Do not use export all ( export * from ... ).
  
    67 │ export * from "./MoveDiagonal";
    68 │ export * from "./CircleAlert";
  > 69 │ export * from "./Inbox";
       │        ^^^^^^^^^^^^^^^^^
    70 │ export * from "./BadgePlus";
    71 │ export * from "./EllipsisVertical";
  
  i Use named export instead.
  

packages/icons/components/index.ts:70:8 lint/performance/noReExportAll ━━━━━━━━━━━━━━━━━━━━━━━━━━━━━

  × Do not use export all ( export * from ... ).
  
    68 │ export * from "./CircleAlert";
    69 │ export * from "./Inbox";
  > 70 │ export * from "./BadgePlus";
       │        ^^^^^^^^^^^^^^^^^^^^^
    71 │ export * from "./EllipsisVertical";
    72 │ export * from "./Tag";
  
  i Use named export instead.
  

packages/icons/components/index.ts:71:8 lint/performance/noReExportAll ━━━━━━━━━━━━━━━━━━━━━━━━━━━━━

  × Do not use export all ( export * from ... ).
  
    69 │ export * from "./Inbox";
    70 │ export * from "./BadgePlus";
  > 71 │ export * from "./EllipsisVertical";
       │        ^^^^^^^^^^^^^^^^^^^^^^^^^^^^
    72 │ export * from "./Tag";
    73 │ export * from "./Github";
  
  i Use named export instead.
  

packages/icons/components/index.ts:72:8 lint/performance/noReExportAll ━━━━━━━━━━━━━━━━━━━━━━━━━━━━━

  × Do not use export all ( export * from ... ).
  
    70 │ export * from "./BadgePlus";
    71 │ export * from "./EllipsisVertical";
  > 72 │ export * from "./Tag";
       │        ^^^^^^^^^^^^^^^
    73 │ export * from "./Github";
    74 │ export * from "./Heading";
  
  i Use named export instead.
  

packages/icons/components/index.ts:73:8 lint/performance/noReExportAll ━━━━━━━━━━━━━━━━━━━━━━━━━━━━━

  × Do not use export all ( export * from ... ).
  
    71 │ export * from "./EllipsisVertical";
    72 │ export * from "./Tag";
  > 73 │ export * from "./Github";
       │        ^^^^^^^^^^^^^^^^^^
    74 │ export * from "./Heading";
    75 │ export * from "./ChevronDown";
  
  i Use named export instead.
  

packages/icons/components/index.ts:74:8 lint/performance/noReExportAll ━━━━━━━━━━━━━━━━━━━━━━━━━━━━━

  × Do not use export all ( export * from ... ).
  
    72 │ export * from "./Tag";
    73 │ export * from "./Github";
  > 74 │ export * from "./Heading";
       │        ^^^^^^^^^^^^^^^^^^^
    75 │ export * from "./ChevronDown";
    76 │ export * from "./Circle";
  
  i Use named export instead.
  

packages/icons/components/index.ts:75:8 lint/performance/noReExportAll ━━━━━━━━━━━━━━━━━━━━━━━━━━━━━

  × Do not use export all ( export * from ... ).
  
    73 │ export * from "./Github";
    74 │ export * from "./Heading";
  > 75 │ export * from "./ChevronDown";
       │        ^^^^^^^^^^^^^^^^^^^^^^^
    76 │ export * from "./Circle";
    77 │ export * from "./ChevronsUpDown";
  
  i Use named export instead.
  

packages/icons/components/index.ts:76:8 lint/performance/noReExportAll ━━━━━━━━━━━━━━━━━━━━━━━━━━━━━

  × Do not use export all ( export * from ... ).
  
    74 │ export * from "./Heading";
    75 │ export * from "./ChevronDown";
  > 76 │ export * from "./Circle";
       │        ^^^^^^^^^^^^^^^^^^
    77 │ export * from "./ChevronsUpDown";
    78 │ export * from "./LayoutGrid";
  
  i Use named export instead.
  

packages/icons/components/index.ts:77:8 lint/performance/noReExportAll ━━━━━━━━━━━━━━━━━━━━━━━━━━━━━

  × Do not use export all ( export * from ... ).
  
    75 │ export * from "./ChevronDown";
    76 │ export * from "./Circle";
  > 77 │ export * from "./ChevronsUpDown";
       │        ^^^^^^^^^^^^^^^^^^^^^^^^^^
    78 │ export * from "./LayoutGrid";
    79 │ export * from "./MessageCircleMore";
  
  i Use named export instead.
  

packages/icons/components/index.ts:78:8 lint/performance/noReExportAll ━━━━━━━━━━━━━━━━━━━━━━━━━━━━━

  × Do not use export all ( export * from ... ).
  
    76 │ export * from "./Circle";
    77 │ export * from "./ChevronsUpDown";
  > 78 │ export * from "./LayoutGrid";
       │        ^^^^^^^^^^^^^^^^^^^^^^
    79 │ export * from "./MessageCircleMore";
    80 │ export * from "./User";
  
  i Use named export instead.
  

packages/icons/components/index.ts:79:8 lint/performance/noReExportAll ━━━━━━━━━━━━━━━━━━━━━━━━━━━━━

  × Do not use export all ( export * from ... ).
  
    77 │ export * from "./ChevronsUpDown";
    78 │ export * from "./LayoutGrid";
  > 79 │ export * from "./MessageCircleMore";
       │        ^^^^^^^^^^^^^^^^^^^^^^^^^^^^^
    80 │ export * from "./User";
    81 │ export * from "./Hourglass";
  
  i Use named export instead.
  

packages/icons/components/index.ts:80:8 lint/performance/noReExportAll ━━━━━━━━━━━━━━━━━━━━━━━━━━━━━

  × Do not use export all ( export * from ... ).
  
    78 │ export * from "./LayoutGrid";
    79 │ export * from "./MessageCircleMore";
  > 80 │ export * from "./User";
       │        ^^^^^^^^^^^^^^^^
    81 │ export * from "./Hourglass";
    82 │ export * from "./UserCog";
  
  i Use named export instead.
  

packages/icons/components/index.ts:81:8 lint/performance/noReExportAll ━━━━━━━━━━━━━━━━━━━━━━━━━━━━━

  × Do not use export all ( export * from ... ).
  
    79 │ export * from "./MessageCircleMore";
    80 │ export * from "./User";
  > 81 │ export * from "./Hourglass";
       │        ^^^^^^^^^^^^^^^^^^^^^
    82 │ export * from "./UserCog";
    83 │ export * from "./House";
  
  i Use named export instead.
  

packages/icons/components/index.ts:82:8 lint/performance/noReExportAll ━━━━━━━━━━━━━━━━━━━━━━━━━━━━━

  × Do not use export all ( export * from ... ).
  
    80 │ export * from "./User";
    81 │ export * from "./Hourglass";
  > 82 │ export * from "./UserCog";
       │        ^^^^^^^^^^^^^^^^^^^
    83 │ export * from "./House";
    84 │ export * from "./BriefcaseBusiness";
  
  i Use named export instead.
  

packages/icons/components/index.ts:83:8 lint/performance/noReExportAll ━━━━━━━━━━━━━━━━━━━━━━━━━━━━━

  × Do not use export all ( export * from ... ).
  
    81 │ export * from "./Hourglass";
    82 │ export * from "./UserCog";
  > 83 │ export * from "./House";
       │        ^^^^^^^^^^^^^^^^^
    84 │ export * from "./BriefcaseBusiness";
    85 │ export * from "./ArrowDown";
  
  i Use named export instead.
  

packages/icons/components/index.ts:84:8 lint/performance/noReExportAll ━━━━━━━━━━━━━━━━━━━━━━━━━━━━━

  × Do not use export all ( export * from ... ).
  
    82 │ export * from "./UserCog";
    83 │ export * from "./House";
  > 84 │ export * from "./BriefcaseBusiness";
       │        ^^^^^^^^^^^^^^^^^^^^^^^^^^^^^
    85 │ export * from "./ArrowDown";
    86 │ export * from "./FileSearch";
  
  i Use named export instead.
  

packages/icons/components/index.ts:85:8 lint/performance/noReExportAll ━━━━━━━━━━━━━━━━━━━━━━━━━━━━━

  × Do not use export all ( export * from ... ).
  
    83 │ export * from "./House";
    84 │ export * from "./BriefcaseBusiness";
  > 85 │ export * from "./ArrowDown";
       │        ^^^^^^^^^^^^^^^^^^^^^
    86 │ export * from "./FileSearch";
    87 │ export * from "./Search";
  
  i Use named export instead.
  

packages/icons/components/index.ts:86:8 lint/performance/noReExportAll ━━━━━━━━━━━━━━━━━━━━━━━━━━━━━

  × Do not use export all ( export * from ... ).
  
    84 │ export * from "./BriefcaseBusiness";
    85 │ export * from "./ArrowDown";
  > 86 │ export * from "./FileSearch";
       │        ^^^^^^^^^^^^^^^^^^^^^^
    87 │ export * from "./Search";
    88 │ export * from "./TriangleAlert";
  
  i Use named export instead.
  

packages/icons/components/index.ts:87:8 lint/performance/noReExportAll ━━━━━━━━━━━━━━━━━━━━━━━━━━━━━

  × Do not use export all ( export * from ... ).
  
    85 │ export * from "./ArrowDown";
    86 │ export * from "./FileSearch";
  > 87 │ export * from "./Search";
       │        ^^^^^^^^^^^^^^^^^^
    88 │ export * from "./TriangleAlert";
    89 │ export * from "./Underline";
  
  i Use named export instead.
  

packages/icons/components/index.ts:88:8 lint/performance/noReExportAll ━━━━━━━━━━━━━━━━━━━━━━━━━━━━━

  × Do not use export all ( export * from ... ).
  
    86 │ export * from "./FileSearch";
    87 │ export * from "./Search";
  > 88 │ export * from "./TriangleAlert";
       │        ^^^^^^^^^^^^^^^^^^^^^^^^^
    89 │ export * from "./Underline";
    90 │ export * from "../types";
  
  i Use named export instead.
  

packages/icons/components/index.ts:89:8 lint/performance/noReExportAll ━━━━━━━━━━━━━━━━━━━━━━━━━━━━━

  × Do not use export all ( export * from ... ).
  
    87 │ export * from "./Search";
    88 │ export * from "./TriangleAlert";
  > 89 │ export * from "./Underline";
       │        ^^^^^^^^^^^^^^^^^^^^^
    90 │ export * from "../types";
    91 │ 
  
  i Use named export instead.
  

packages/icons/components/index.ts:90:8 lint/performance/noReExportAll ━━━━━━━━━━━━━━━━━━━━━━━━━━━━━

  × Do not use export all ( export * from ... ).
  
    88 │ export * from "./TriangleAlert";
    89 │ export * from "./Underline";
  > 90 │ export * from "../types";
       │        ^^^^^^^^^^^^^^^^^^
    91 │ 
  
  i Use named export instead.
  

packages/icons/components/index.ts:1:8 lint/performance/noReExportAll ━━━━━━━━━━━━━━━━━━━━━━━━━━━━━━

  × Do not use export all ( export * from ... ).
  
  > 1 │ export * from "./Layers3";
      │        ^^^^^^^^^^^^^^^^^^^
    2 │ export * from "./Moon";
    3 │ export * from "./ChevronLeft";
  
  i Use named export instead.
  

packages/icons/components/index.ts:2:8 lint/performance/noReExportAll ━━━━━━━━━━━━━━━━━━━━━━━━━━━━━━

  × Do not use export all ( export * from ... ).
  
    1 │ export * from "./Layers3";
  > 2 │ export * from "./Moon";
      │        ^^^^^^^^^^^^^^^^
    3 │ export * from "./ChevronLeft";
    4 │ export * from "./CornerDownLeft";
  
  i Use named export instead.
  

packages/icons/components/index.ts:3:8 lint/performance/noReExportAll ━━━━━━━━━━━━━━━━━━━━━━━━━━━━━━

  × Do not use export all ( export * from ... ).
  
    1 │ export * from "./Layers3";
    2 │ export * from "./Moon";
  > 3 │ export * from "./ChevronLeft";
      │        ^^^^^^^^^^^^^^^^^^^^^^^
    4 │ export * from "./CornerDownLeft";
    5 │ export * from "./Users";
  
  i Use named export instead.
  

packages/icons/components/index.ts:4:8 lint/performance/noReExportAll ━━━━━━━━━━━━━━━━━━━━━━━━━━━━━━

  × Do not use export all ( export * from ... ).
  
    2 │ export * from "./Moon";
    3 │ export * from "./ChevronLeft";
  > 4 │ export * from "./CornerDownLeft";
      │        ^^^^^^^^^^^^^^^^^^^^^^^^^^
    5 │ export * from "./Users";
    6 │ export * from "./ClipboardCopy";
  
  i Use named export instead.
  

packages/icons/components/index.ts:5:8 lint/performance/noReExportAll ━━━━━━━━━━━━━━━━━━━━━━━━━━━━━━

  × Do not use export all ( export * from ... ).
  
    3 │ export * from "./ChevronLeft";
    4 │ export * from "./CornerDownLeft";
  > 5 │ export * from "./Users";
      │        ^^^^^^^^^^^^^^^^^
    6 │ export * from "./ClipboardCopy";
    7 │ export * from "./Menu";
  
  i Use named export instead.
  

packages/icons/components/index.ts:6:8 lint/performance/noReExportAll ━━━━━━━━━━━━━━━━━━━━━━━━━━━━━━

  × Do not use export all ( export * from ... ).
  
    4 │ export * from "./CornerDownLeft";
    5 │ export * from "./Users";
  > 6 │ export * from "./ClipboardCopy";
      │        ^^^^^^^^^^^^^^^^^^^^^^^^^
    7 │ export * from "./Menu";
    8 │ export * from "./ArrowLeftRight";
  
  i Use named export instead.
  

packages/icons/components/index.ts:7:8 lint/performance/noReExportAll ━━━━━━━━━━━━━━━━━━━━━━━━━━━━━━

  × Do not use export all ( export * from ... ).
  
    5 │ export * from "./Users";
    6 │ export * from "./ClipboardCopy";
  > 7 │ export * from "./Menu";
      │        ^^^^^^^^^^^^^^^^
    8 │ export * from "./ArrowLeftRight";
    9 │ export * from "./MoveRight";
  
  i Use named export instead.
  

packages/icons/components/index.ts:8:8 lint/performance/noReExportAll ━━━━━━━━━━━━━━━━━━━━━━━━━━━━━━

  × Do not use export all ( export * from ... ).
  
     6 │ export * from "./ClipboardCopy";
     7 │ export * from "./Menu";
   > 8 │ export * from "./ArrowLeftRight";
       │        ^^^^^^^^^^^^^^^^^^^^^^^^^^
     9 │ export * from "./MoveRight";
    10 │ export * from "./CircleDot";
  
  i Use named export instead.
  

packages/icons/components/index.ts:9:8 lint/performance/noReExportAll ━━━━━━━━━━━━━━━━━━━━━━━━━━━━━━

  × Do not use export all ( export * from ... ).
  
     7 │ export * from "./Menu";
     8 │ export * from "./ArrowLeftRight";
   > 9 │ export * from "./MoveRight";
       │        ^^^^^^^^^^^^^^^^^^^^^
    10 │ export * from "./CircleDot";
    11 │ export * from "./Bookmark";
  
  i Use named export instead.
  

packages/icons/components/index.ts:14:8 lint/performance/noReExportAll ━━━━━━━━━━━━━━━━━━━━━━━━━━━━━

  × Do not use export all ( export * from ... ).
  
    12 │ export * from "./CircleDashed";
    13 │ export * from "./Ellipsis";
  > 14 │ export * from "./ArrowLeft";
       │        ^^^^^^^^^^^^^^^^^^^^^
    15 │ export * from "./Calendar";
    16 │ export * from "./Handshake";
  
  i Use named export instead.
  

packages/icons/createSquaredIcon.ts:2:34 lint/performance/useTopLevelRegex ━━━━━━━━━━━━━━━━━━━━━━━━━

  × This regex literal is not defined in the top level scope. This can lead to performance issues if this function is called frequently.
  
    1 │ export default function createSquaredIcon(name: string, svgContent: string) {
  > 2 │ 	const match = svgContent?.match(/<svg[^>]*>([\s\S]*?)<\/svg>/i);
      │ 	                                ^^^^^^^^^^^^^^^^^^^^^^^^^^^^^^
    3 │ 	const svgElement = match ? match[1] : "";
    4 │ 
  
  i Move the regex literal outside of this scope, and place it at the top level of this module, as a constant.
  

packages/icons/handleComponentName.ts:4:23 lint/performance/useTopLevelRegex ━━━━━━━━━━━━━━━━━━━━━━━

  × This regex literal is not defined in the top level scope. This can lead to performance issues if this function is called frequently.
  
    2 │ 	return `${str}`
    3 │ 		.toLowerCase()
  > 4 │ 		.replace(new RegExp(/[-_]+/, "g"), " ")
      │ 		                    ^^^^^^^
    5 │ 		.replace(new RegExp(/[^\w\s]/, "g"), "")
    6 │ 		.replace(
  
  i Move the regex literal outside of this scope, and place it at the top level of this module, as a constant.
  

packages/icons/handleComponentName.ts:5:23 lint/performance/useTopLevelRegex ━━━━━━━━━━━━━━━━━━━━━━━

  × This regex literal is not defined in the top level scope. This can lead to performance issues if this function is called frequently.
  
    3 │ 		.toLowerCase()
    4 │ 		.replace(new RegExp(/[-_]+/, "g"), " ")
  > 5 │ 		.replace(new RegExp(/[^\w\s]/, "g"), "")
      │ 		                    ^^^^^^^^^
    6 │ 		.replace(
    7 │ 			new RegExp(/\s+(.)(\w*)/, "g"),
  
  i Move the regex literal outside of this scope, and place it at the top level of this module, as a constant.
  

packages/icons/handleComponentName.ts:7:15 lint/performance/useTopLevelRegex ━━━━━━━━━━━━━━━━━━━━━━━

  × This regex literal is not defined in the top level scope. This can lead to performance issues if this function is called frequently.
  
    5 │ 		.replace(new RegExp(/[^\w\s]/, "g"), "")
    6 │ 		.replace(
  > 7 │ 			new RegExp(/\s+(.)(\w*)/, "g"),
      │ 			           ^^^^^^^^^^^^^
    8 │ 			(_$1, $2, $3) => `${$2.toUpperCase() + $3}`,
    9 │ 		)
  
  i Move the regex literal outside of this scope, and place it at the top level of this module, as a constant.
  

packages/icons/handleComponentName.ts:10:23 lint/performance/useTopLevelRegex ━━━━━━━━━━━━━━━━━━━━━━

  × This regex literal is not defined in the top level scope. This can lead to performance issues if this function is called frequently.
  
     8 │ 			(_$1, $2, $3) => `${$2.toUpperCase() + $3}`,
     9 │ 		)
  > 10 │ 		.replace(new RegExp(/\w/), (s) => s.toUpperCase());
       │ 		                    ^^^^
    11 │ }
    12 │ 
  
  i Move the regex literal outside of this scope, and place it at the top level of this module, as a constant.
  

packages/logger/src/index.test.ts:24:3 lint/style/useNamingConvention ━━━━━━━━━━━━━━━━━━━━━━━━━━━━━━

  × This object property name should be in camelCase.
  
    23 │ 	const transportModule = {
  > 24 │ 		File: vi.fn(),
       │ 		^^^^
    25 │ 		Console: vi.fn(),
    26 │ 	};
  

packages/logger/src/index.test.ts:25:3 lint/style/useNamingConvention ━━━━━━━━━━━━━━━━━━━━━━━━━━━━━━

  × This object property name should be in camelCase.
  
    23 │ 	const transportModule = {
    24 │ 		File: vi.fn(),
  > 25 │ 		Console: vi.fn(),
       │ 		^^^^^^^
    26 │ 	};
    27 │ 
  

packages/logger/src/index.test.ts:47:22 lint/style/noProcessEnv ━━━━━━━━━━━━━━━━━━━━━━━━━━━━━━━━━━━━

  × Don't use process.env.
  
    46 │ 	beforeEach(() => {
  > 47 │ 		originalEnv = { ...process.env };
       │ 		                   ^^^^^^^^^^^
    48 │ 		vi.clearAllMocks();
    49 │ 	});
  
  i Use a centralized configuration file instead for better maintainability and deployment consistency.
  

packages/logger/src/index.test.ts:97:4 lint/style/noProcessEnv ━━━━━━━━━━━━━━━━━━━━━━━━━━━━━━━━━━━━━

  × Don't use process.env.
  
    95 │ 	describe("environment handling", () => {
    96 │ 		it("should add console transport in non-production environment", () => {
  > 97 │ 			process.env.NODE_ENV = "development";
       │ 			^^^^^^^^^^^
    98 │ 			const logger = createCustomLogger("test");
    99 │ 
  
  i Use a centralized configuration file instead for better maintainability and deployment consistency.
  

packages/logger/src/index.test.ts:105:4 lint/style/noProcessEnv ━━━━━━━━━━━━━━━━━━━━━━━━━━━━━━━━━━━━

  × Don't use process.env.
  
    104 │ 		it("should not add console transport in production environment", () => {
  > 105 │ 			process.env.NODE_ENV = "production";
        │ 			^^^^^^^^^^^
    106 │ 			const logger = createCustomLogger("test");
    107 │ 
  
  i Use a centralized configuration file instead for better maintainability and deployment consistency.
  

packages/logger/src/index.test.ts:113:4 lint/style/noProcessEnv ━━━━━━━━━━━━━━━━━━━━━━━━━━━━━━━━━━━━

  × Don't use process.env.
  
    112 │ 		it("should respect the RUNNING_TESTS environment variable", () => {
  > 113 │ 			process.env.NODE_ENV = "development";
        │ 			^^^^^^^^^^^
    114 │ 			process.env.RUNNING_TESTS = "true";
    115 │ 
  
  i Use a centralized configuration file instead for better maintainability and deployment consistency.
  

packages/logger/src/index.test.ts:114:4 lint/style/noProcessEnv ━━━━━━━━━━━━━━━━━━━━━━━━━━━━━━━━━━━━

  × Don't use process.env.
  
    112 │ 		it("should respect the RUNNING_TESTS environment variable", () => {
    113 │ 			process.env.NODE_ENV = "development";
  > 114 │ 			process.env.RUNNING_TESTS = "true";
        │ 			^^^^^^^^^^^
    115 │ 
    116 │ 			createCustomLogger("test");
  
  i Use a centralized configuration file instead for better maintainability and deployment consistency.
  

packages/logger/src/index.test.ts:125:4 lint/style/noProcessEnv ━━━━━━━━━━━━━━━━━━━━━━━━━━━━━━━━━━━━

  × Don't use process.env.
  
    123 │ 	describe("log level configuration", () => {
    124 │ 		it("should use debug level in non-production environment", () => {
  > 125 │ 			process.env.NODE_ENV = "development";
        │ 			^^^^^^^^^^^
    126 │ 			createCustomLogger("test");
    127 │ 
  
  i Use a centralized configuration file instead for better maintainability and deployment consistency.
  

packages/logger/src/index.test.ts:133:4 lint/style/noProcessEnv ━━━━━━━━━━━━━━━━━━━━━━━━━━━━━━━━━━━━

  × Don't use process.env.
  
    132 │ 		it("should use info level in production environment", () => {
  > 133 │ 			process.env.NODE_ENV = "production";
        │ 			^^^^^^^^^^^
    134 │ 			createCustomLogger("test");
    135 │ 
  
  i Use a centralized configuration file instead for better maintainability and deployment consistency.
  

packages/logger/src/index.ts:90:13 lint/style/noProcessEnv ━━━━━━━━━━━━━━━━━━━━━━━━━━━━━━━━━━━━━━━━━

  × Don't use process.env.
  
    88 │ 		logger.add(
    89 │ 			new transports.Console({
  > 90 │ 				silent: process.env.RUNNING_TESTS === "true",
       │ 				        ^^^^^^^^^^^
    91 │ 				format: format.combine(
    92 │ 					format.colorize(),
  
  i Use a centralized configuration file instead for better maintainability and deployment consistency.
  

packages/logger/src/index.ts:69:10 lint/style/noProcessEnv ━━━━━━━━━━━━━━━━━━━━━━━━━━━━━━━━━━━━━━━━━

  × Don't use process.env.
  
    67 │ 	const logger = createLogger({
    68 │ 		levels: logLevels,
  > 69 │ 		level: process.env.NODE_ENV === "production" ? "info" : "debug",
       │ 		       ^^^^^^^^^^^
    70 │ 		format: format.combine(
    71 │ 			format.timestamp({ format: "MMM DD HH:mm:ss" }),
  
  i Use a centralized configuration file instead for better maintainability and deployment consistency.
  

packages/logger/src/index.ts:87:6 lint/style/noProcessEnv ━━━━━━━━━━━━━━━━━━━━━━━━━━━━━━━━━━━━━━━━━━

  × Don't use process.env.
  
    85 │ 	});
    86 │ 
  > 87 │ 	if (process.env.NODE_ENV !== "production") {
       │ 	    ^^^^^^^^^^^
    88 │ 		logger.add(
    89 │ 			new transports.Console({
  
  i Use a centralized configuration file instead for better maintainability and deployment consistency.
  

packages/rpc-client/src/index.test.ts:1:8 lint/performance/noNamespaceImport ━━━━━━━━━━━━━━━━━━━━━━━

  × Avoid namespace imports, it can prevent efficient tree shaking and increase bundle size.
  
  > 1 │ import * as context from "@squaredmade/context";
      │        ^^^^^^^^^^^^^^^^^^^^^^^^^^^^^^^^^^^^^^^^
    2 │ import superjson from "@squaredmade/superjson";
    3 │ import { afterEach, beforeEach, describe, expect, it, vi } from "vitest";
  
  i Use named imports instead.
  

packages/rpc-client/src/index.ts:1:8 lint/performance/noNamespaceImport ━━━━━━━━━━━━━━━━━━━━━━━━━━━━

  × Avoid namespace imports, it can prevent efficient tree shaking and increase bundle size.
  
  > 1 │ import * as context from "@squaredmade/context";
      │        ^^^^^^^^^^^^^^^^^^^^^^^^^^^^^^^^^^^^^^^^
    2 │ import superjson from "@squaredmade/superjson";
    3 │ 
  
  i Use named imports instead.
  

packages/rpc-client/src/index.ts:133:2 lint/suspicious/useAwait ━━━━━━━━━━━━━━━━━━━━━━━━━━━━━━━━━━━━

  × This async function lacks an await expression.
  
    132 │ export class RPCContextClient extends BaseClient {
  > 133 │ 	async request(
        │ 	^^^^^^^^^^^^^^
  > 134 │ 		ctx: context.Context,
         ...
  > 139 │ 		return super.doRequest(ctx, methodName, params);
  > 140 │ 	}
        │ 	^
    141 │ }
    142 │ 
  
  i Remove this async modifier, or add an await expression in the function.
  
    132 │ export class RPCContextClient extends BaseClient {
  > 133 │ 	async request(
        │ 	^^^^^^^^^^^^^^
  > 134 │ 		ctx: context.Context,
         ...
  > 139 │ 		return super.doRequest(ctx, methodName, params);
  > 140 │ 	}
        │ 	^
    141 │ }
    142 │ 
  
  i Async functions without await expressions may not need to be declared async.
  

packages/rpc-client/src/index.ts:64:4 lint/suspicious/noConsole  FIXABLE  ━━━━━━━━━━━━━━━━━━━━━━━━━━

  × Don't use console.
  
    62 │ 			return superjson.parse(await response.json());
    63 │ 		} catch (error) {
  > 64 │ 			console.error("Error occurred during RPC request: ", error);
       │ 			^^^^^^^^^^^^^
    65 │ 			if (error instanceof Error) {
    66 │ 				throw error;
  
  i The use of console is often reserved for debugging.
  
  i Unsafe fix: Remove console.
  
     62  62 │   			return superjson.parse(await response.json());
     63  63 │   		} catch (error) {
     64     │ - → → → console.error("Error·occurred·during·RPC·request:·",·error);
     65  64 │   			if (error instanceof Error) {
     66  65 │   				throw error;
  

packages/rpc/coverage/base.css:107:2 lint/suspicious/noDuplicateProperties ━━━━━━━━━━━━━━━━━━━━━━━━━

  × Duplicate properties can lead to unexpected behavior and may override previous declarations unintentionally.
  
    105 │ .quiet {
    106 │ 	color: #7f7f7f;
  > 107 │ 	color: rgba(0, 0, 0, 0.5);
        │ 	^^^^^
    108 │ }
    109 │ .quiet a {
  
  i color is already defined here.
  
    105 │ .quiet {
  > 106 │ 	color: #7f7f7f;
        │ 	^^^^^
    107 │ 	color: rgba(0, 0, 0, 0.5);
    108 │ }
  
  i Remove or rename the duplicate property to ensure consistent styling.
  

packages/rpc/coverage/base.css:356:2 lint/suspicious/noDuplicateProperties ━━━━━━━━━━━━━━━━━━━━━━━━━

  × Duplicate properties can lead to unexpected behavior and may override previous declarations unintentionally.
  
    354 │ 	min-height: 100%;
    355 │ 	height: auto !important;
  > 356 │ 	height: 100%;
        │ 	^^^^^^
    357 │ 	margin: 0 auto -48px;
    358 │ }
  
  i height is already defined here.
  
    353 │ .wrapper {
    354 │ 	min-height: 100%;
  > 355 │ 	height: auto !important;
        │ 	^^^^^^
    356 │ 	height: 100%;
    357 │ 	margin: 0 auto -48px;
  
  i Remove or rename the duplicate property to ensure consistent styling.
  

packages/rpc/coverage/base.css:10:3 lint/suspicious/noDuplicateFontNames ━━━━━━━━━━━━━━━━━━━━━━━━━━━

  × Duplicate font names are redundant and unnecessary: Helvetica
  
     8 │ 	font-family:
     9 │ 		Helvetica Neue,
  > 10 │ 		Helvetica,
       │ 		^^^^^^^^^
    11 │ 		Arial;
    12 │ 	font-size: 14px;
  
  i Remove duplicate font names within the property
  

packages/rpc/coverage/base.css:11:3 lint/a11y/useGenericFontNames ━━━━━━━━━━━━━━━━━━━━━━━━━━━━━━━━━━

  × Generic font family missing.
  
     9 │ 		Helvetica Neue,
    10 │ 		Helvetica,
  > 11 │ 		Arial;
       │ 		^^^^^
    12 │ 	font-size: 14px;
    13 │ 	color: #333;
  
  i Consider adding a generic font family as a fallback.
  
  i For examples and more information, see the MDN Web Docs
  
  - serif
  - sans-serif
  - monospace
  - etc.
  

packages/rpc/coverage/block-navigation.js:72:3 lint/style/useDefaultSwitchClause ━━━━━━━━━━━━━━━━━━━

  × Expected a default switch clause.
  
    70 │ 		}
    71 │ 
  > 72 │ 		switch (event.which) {
       │ 		^^^^^^^^^^^^^^^^^^^^^^
  > 73 │ 			case 78: // n
        ...
  > 81 │ 				break;
  > 82 │ 		}
       │ 		^
    83 │ 	};
    84 │ })();
  
  i The lack of a default clause can be a possible omission.
  
  i Consider adding a default clause.
  

packages/rpc/coverage/lcov-report/base.css:10:3 lint/suspicious/noDuplicateFontNames ━━━━━━━━━━━━━━━

  × Duplicate font names are redundant and unnecessary: Helvetica
  
     8 │ 	font-family:
     9 │ 		Helvetica Neue,
  > 10 │ 		Helvetica,
       │ 		^^^^^^^^^
    11 │ 		Arial;
    12 │ 	font-size: 14px;
  
  i Remove duplicate font names within the property
  

packages/rpc/coverage/lcov-report/base.css:11:3 lint/a11y/useGenericFontNames ━━━━━━━━━━━━━━━━━━━━━━

  × Generic font family missing.
  
     9 │ 		Helvetica Neue,
    10 │ 		Helvetica,
  > 11 │ 		Arial;
       │ 		^^^^^
    12 │ 	font-size: 14px;
    13 │ 	color: #333;
  
  i Consider adding a generic font family as a fallback.
  
  i For examples and more information, see the MDN Web Docs
  
  - serif
  - sans-serif
  - monospace
  - etc.
  

packages/rpc/coverage/lcov-report/base.css:107:2 lint/suspicious/noDuplicateProperties ━━━━━━━━━━━━━

  × Duplicate properties can lead to unexpected behavior and may override previous declarations unintentionally.
  
    105 │ .quiet {
    106 │ 	color: #7f7f7f;
  > 107 │ 	color: rgba(0, 0, 0, 0.5);
        │ 	^^^^^
    108 │ }
    109 │ .quiet a {
  
  i color is already defined here.
  
    105 │ .quiet {
  > 106 │ 	color: #7f7f7f;
        │ 	^^^^^
    107 │ 	color: rgba(0, 0, 0, 0.5);
    108 │ }
  
  i Remove or rename the duplicate property to ensure consistent styling.
  

packages/rpc/coverage/lcov-report/base.css:356:2 lint/suspicious/noDuplicateProperties ━━━━━━━━━━━━━

  × Duplicate properties can lead to unexpected behavior and may override previous declarations unintentionally.
  
    354 │ 	min-height: 100%;
    355 │ 	height: auto !important;
  > 356 │ 	height: 100%;
        │ 	^^^^^^
    357 │ 	margin: 0 auto -48px;
    358 │ }
  
  i height is already defined here.
  
    353 │ .wrapper {
    354 │ 	min-height: 100%;
  > 355 │ 	height: auto !important;
        │ 	^^^^^^
    356 │ 	height: 100%;
    357 │ 	margin: 0 auto -48px;
  
  i Remove or rename the duplicate property to ensure consistent styling.
  

packages/rpc/coverage/lcov-report/block-navigation.js:72:3 lint/style/useDefaultSwitchClause ━━━━━━━━━━

  × Expected a default switch clause.
  
    70 │ 		}
    71 │ 
  > 72 │ 		switch (event.which) {
       │ 		^^^^^^^^^^^^^^^^^^^^^^
  > 73 │ 			case 78: // n
        ...
  > 81 │ 				break;
  > 82 │ 		}
       │ 		^
    83 │ 	};
    84 │ })();
  
  i The lack of a default clause can be a possible omission.
  
  i Consider adding a default clause.
  

packages/rpc/coverage/lcov-report/prettify.js:833:12 lint/performance/useTopLevelRegex ━━━━━━━━━━━━━

  × This regex literal is not defined in the top level scope. This can lead to performance issues if this function is called frequently.
  
    831 │ 		var X = 0;
    832 │ 		var S;
  > 833 │ 		var ab = /\blang(?:uage)?-([\w.]+)(?!\S)/;
        │ 		         ^^^^^^^^^^^^^^^^^^^^^^^^^^^^^^^^
    834 │ 		var ae = /\bprettyprint\b/;
    835 │ 		function U() {
  
  i Move the regex literal outside of this scope, and place it at the top level of this module, as a constant.
  

packages/rpc/coverage/lcov-report/prettify.js:156:4 lint/style/useForOf ━━━━━━━━━━━━━━━━━━━━━━━━━━━━

  × Use for-of loop instead of a for loop.
  
    154 │ 			}
    155 │ 			an.push.apply(an, ak);
  > 156 │ 			for (var ar = 0; ar < ai.length; ++ar) {
        │ 			^^^^^^^^^^^^^^^^^^^^^^^^^^^^^^^^^^^^^^^^
  > 157 │ 				var at = ai[ar];
         ...
  > 164 │ 				}
  > 165 │ 			}
        │ 			^
    166 │ 			an.push("]");
    167 │ 			return an.join("");
  

packages/rpc/coverage/lcov-report/prettify.js:44:3 lint/performance/useTopLevelRegex ━━━━━━━━━━━━━━━

  × This regex literal is not defined in the top level scope. This can lead to performance issues if this function is called frequently.
  
    42 │ 	var A = [l, R, w, s + I, f, H];
    43 │ 	var e =
  > 44 │ 		/^(DIR|FILE|vector|(de|priority_)?queue|list|stack|(const_)?iterator|(multi)?(set|map)|bitset|u?(int|float)\d*)/;
       │ 		^^^^^^^^^^^^^^^^^^^^^^^^^^^^^^^^^^^^^^^^^^^^^^^^^^^^^^^^^^^^^^^^^^^^^^^^^^^^^^^^^^^^^^^^^^^^^^^^^^^^^^^^^^^^^^^^
    45 │ 	var C = "str";
    46 │ 	var z = "kwd";
  
  i Move the regex literal outside of this scope, and place it at the top level of this module, as a constant.
  

packages/rpc/coverage/lcov-report/prettify.js:64:8 lint/correctness/noInnerDeclarations ━━━━━━━━━━━━

  × This var should be declared at the root of the enclosing function.
  
    62 │ 		var S = false;
    63 │ 		var ac = false;
  > 64 │ 		for (var V = 0, U = Z.length; V < U; ++V) {
       │ 		     ^^^^^^^^^^^^^^^^^^^^^^^
    65 │ 			var ae = Z[V];
    66 │ 			if (ae.ignoreCase) {
  
  i The var is accessible in the whole body of the enclosing function.
    To avoid confusion, it should be declared at the root of the enclosing function.
  

packages/rpc/coverage/lcov-report/prettify.js:64:40 lint/correctness/noUnreachable ━━━━━━━━━━━━━━━━━

  × This code will never be reached ...
  
    62 │ 		var S = false;
    63 │ 		var ac = false;
  > 64 │ 		for (var V = 0, U = Z.length; V < U; ++V) {
       │ 		                                     ^^^
    65 │ 			var ae = Z[V];
    66 │ 			if (ae.ignoreCase) {
  
  i ... because this statement will break the flow of the code beforehand
  
    74 │ 			S = true;
    75 │ 			ac = false;
  > 76 │ 			break;
       │ 			^^^^^^
    77 │ 		}
    78 │ 		var Y = { b: 8, t: 9, n: 10, v: 11, f: 12, r: 13 };
  

packages/rpc/coverage/lcov-report/prettify.js:65:4 lint/correctness/noInnerDeclarations ━━━━━━━━━━━━

  × This var should be declared at the root of the enclosing function.
  
    63 │ 		var ac = false;
    64 │ 		for (var V = 0, U = Z.length; V < U; ++V) {
  > 65 │ 			var ae = Z[V];
       │ 			^^^^^^^^^^^^^
    66 │ 			if (ae.ignoreCase) {
    67 │ 				ac = true;
  
  i The var is accessible in the whole body of the enclosing function.
    To avoid confusion, it should be declared at the root of the enclosing function.
  

packages/rpc/coverage/lcov-report/prettify.js:70:5 lint/performance/useTopLevelRegex ━━━━━━━━━━━━━━━

  × This regex literal is not defined in the top level scope. This can lead to performance issues if this function is called frequently.
  
    68 │ 			}
    69 │ 			elseif(
  > 70 │ 				/[a-z]/i.test(
       │ 				^^^^^^^^
    71 │ 					ae.source.replace(/\\u[0-9a-f]{4}|\\x[0-9a-f]{2}|\\[^ux]/gi, ""),
    72 │ 				),
  
  i Move the regex literal outside of this scope, and place it at the top level of this module, as a constant.
  

packages/rpc/coverage/lcov-report/prettify.js:116:9 lint/correctness/noInnerDeclarations ━━━━━━━━━━━

  × This var should be declared at the root of the enclosing function.
  
    114 │ 			var af = [];
    115 │ 			var ao = aq[0] === "^";
  > 116 │ 			for (var ar = ao ? 1 : 0, aj = aq.length; ar < aj; ++ar) {
        │ 			     ^^^^^^^^^^^^^^^^^^^^^^^^^^^^^^^^^^^
    117 │ 				var ah = aq[ar];
    118 │ 				if (/\\[bdsw]/i.test(ah)) {
  
  i The var is accessible in the whole body of the enclosing function.
    To avoid confusion, it should be declared at the root of the enclosing function.
  

packages/rpc/coverage/lcov-report/prettify.js:117:5 lint/correctness/noInnerDeclarations ━━━━━━━━━━━

  × This var should be declared at the root of the enclosing function.
  
    115 │ 			var ao = aq[0] === "^";
    116 │ 			for (var ar = ao ? 1 : 0, aj = aq.length; ar < aj; ++ar) {
  > 117 │ 				var ah = aq[ar];
        │ 				^^^^^^^^^^^^^^^
    118 │ 				if (/\\[bdsw]/i.test(ah)) {
    119 │ 					ak.push(ah);
  
  i The var is accessible in the whole body of the enclosing function.
    To avoid confusion, it should be declared at the root of the enclosing function.
  

packages/rpc/coverage/lcov-report/prettify.js:118:9 lint/performance/useTopLevelRegex ━━━━━━━━━━━━━━

  × This regex literal is not defined in the top level scope. This can lead to performance issues if this function is called frequently.
  
    116 │ 			for (var ar = ao ? 1 : 0, aj = aq.length; ar < aj; ++ar) {
    117 │ 				var ah = aq[ar];
  > 118 │ 				if (/\\[bdsw]/i.test(ah)) {
        │ 				    ^^^^^^^^^^^
    119 │ 					ak.push(ah);
    120 │ 				} else {
  
  i Move the regex literal outside of this scope, and place it at the top level of this module, as a constant.
  

packages/rpc/coverage/lcov-report/prettify.js:121:6 lint/correctness/noInnerDeclarations ━━━━━━━━━━━

  × This var should be declared at the root of the enclosing function.
  
    119 │ 					ak.push(ah);
    120 │ 				} else {
  > 121 │ 					var ag = ab(ah);
        │ 					^^^^^^^^^^^^^^^
    122 │ 					var al;
    123 │ 					if (ar + 2 < aj && aq[ar + 1] === "-") {
  
  i The var is accessible in the whole body of the enclosing function.
    To avoid confusion, it should be declared at the root of the enclosing function.
  

packages/rpc/coverage/lcov-report/prettify.js:122:6 lint/correctness/noInnerDeclarations ━━━━━━━━━━━

  × This var should be declared at the root of the enclosing function.
  
    120 │ 				} else {
    121 │ 					var ag = ab(ah);
  > 122 │ 					var al;
        │ 					^^^^^^
    123 │ 					if (ar + 2 < aj && aq[ar + 1] === "-") {
    124 │ 						al = ab(aq[ar + 2]);
  
  i The var is accessible in the whole body of the enclosing function.
    To avoid confusion, it should be declared at the root of the enclosing function.
  

packages/rpc/coverage/lcov-report/prettify.js:143:9 lint/correctness/noInnerDeclarations ━━━━━━━━━━━

  × This var should be declared at the root of the enclosing function.
  
    141 │ 			var ai = [];
    142 │ 			var ap = [Number.NaN, Number.NaN];
  > 143 │ 			for (var ar = 0; ar < af.length; ++ar) {
        │ 			     ^^^^^^^^^^
    144 │ 				var at = af[ar];
    145 │ 				if (at[0] <= ap[1] + 1) {
  
  i The var is accessible in the whole body of the enclosing function.
    To avoid confusion, it should be declared at the root of the enclosing function.
  

packages/rpc/coverage/lcov-report/prettify.js:144:5 lint/correctness/noInnerDeclarations ━━━━━━━━━━━

  × This var should be declared at the root of the enclosing function.
  
    142 │ 			var ap = [Number.NaN, Number.NaN];
    143 │ 			for (var ar = 0; ar < af.length; ++ar) {
  > 144 │ 				var at = af[ar];
        │ 				^^^^^^^^^^^^^^^
    145 │ 				if (at[0] <= ap[1] + 1) {
    146 │ 					ap[1] = Math.max(ap[1], at[1]);
  
  i The var is accessible in the whole body of the enclosing function.
    To avoid confusion, it should be declared at the root of the enclosing function.
  

packages/rpc/coverage/lcov-report/prettify.js:148:15 lint/suspicious/noAssignInExpressions ━━━━━━━━━━

  × The assignment should not be in an expression.
  
    146 │ 					ap[1] = Math.max(ap[1], at[1]);
    147 │ 				} else {
  > 148 │ 					ai.push((ap = at));
        │ 					         ^^^^^^^
    149 │ 				}
    150 │ 			}
  
  i The use of assignments in expressions is confusing.
    Expressions are often considered as side-effect free.
  

packages/rpc/coverage/lcov-report/prettify.js:156:9 lint/correctness/noInnerDeclarations ━━━━━━━━━━━

  × This var should be declared at the root of the enclosing function.
  
    154 │ 			}
    155 │ 			an.push.apply(an, ak);
  > 156 │ 			for (var ar = 0; ar < ai.length; ++ar) {
        │ 			     ^^^^^^^^^^
    157 │ 				var at = ai[ar];
    158 │ 				an.push(T(at[0]));
  
  i The var is accessible in the whole body of the enclosing function.
    To avoid confusion, it should be declared at the root of the enclosing function.
  

packages/rpc/coverage/lcov-report/prettify.js:157:5 lint/correctness/noInnerDeclarations ━━━━━━━━━━━

  × This var should be declared at the root of the enclosing function.
  
    155 │ 			an.push.apply(an, ak);
    156 │ 			for (var ar = 0; ar < ai.length; ++ar) {
  > 157 │ 				var at = ai[ar];
        │ 				^^^^^^^^^^^^^^^
    158 │ 				an.push(T(at[0]));
    159 │ 				if (at[1] > at[0]) {
  
  i The var is accessible in the whole body of the enclosing function.
    To avoid confusion, it should be declared at the root of the enclosing function.
  

packages/rpc/coverage/lcov-report/prettify.js:175:9 lint/correctness/noInnerDeclarations ━━━━━━━━━━━

  × This var should be declared at the root of the enclosing function.
  
    173 │ 			var ah = aj.length;
    174 │ 			var an = [];
  > 175 │ 			for (var ak = 0, am = 0; ak < ah; ++ak) {
        │ 			     ^^^^^^^^^^^^^^^^^^
    176 │ 				var ag = aj[ak];
    177 │ 				if (ag === "(") {
  
  i The var is accessible in the whole body of the enclosing function.
    To avoid confusion, it should be declared at the root of the enclosing function.
  

packages/rpc/coverage/lcov-report/prettify.js:176:5 lint/correctness/noInnerDeclarations ━━━━━━━━━━━

  × This var should be declared at the root of the enclosing function.
  
    174 │ 			var an = [];
    175 │ 			for (var ak = 0, am = 0; ak < ah; ++ak) {
  > 176 │ 				var ag = aj[ak];
        │ 				^^^^^^^^^^^^^^^
    177 │ 				if (ag === "(") {
    178 │ 					++am;
  
  i The var is accessible in the whole body of the enclosing function.
    To avoid confusion, it should be declared at the root of the enclosing function.
  

packages/rpc/coverage/lcov-report/prettify.js:181:5 lint/correctness/noInnerDeclarations ━━━━━━━━━━━

  × This var should be declared at the root of the enclosing function.
  
    179 │ 				}
    180 │ 				elseif(ag.charAt(0) === "\\");
  > 181 │ 				var af = +ag.substring(1);
        │ 				^^^^^^^^^^^^^^^^^^^^^^^^^
    182 │ 				if (af && af <= am) {
    183 │ 					an[af] = -1;
  
  i The var is accessible in the whole body of the enclosing function.
    To avoid confusion, it should be declared at the root of the enclosing function.
  

packages/rpc/coverage/lcov-report/prettify.js:186:9 lint/correctness/noInnerDeclarations ━━━━━━━━━━━

  × This var should be declared at the root of the enclosing function.
  
    184 │ 				}
    185 │ 			}
  > 186 │ 			for (var ak = 1; ak < an.length; ++ak) {
        │ 			     ^^^^^^^^^^
    187 │ 				if (an[ak] === -1) {
    188 │ 					an[ak] = ++ad;
  
  i The var is accessible in the whole body of the enclosing function.
    To avoid confusion, it should be declared at the root of the enclosing function.
  

packages/rpc/coverage/lcov-report/prettify.js:191:9 lint/correctness/noInnerDeclarations ━━━━━━━━━━━

  × This var should be declared at the root of the enclosing function.
  
    189 │ 				}
    190 │ 			}
  > 191 │ 			for (var ak = 0, am = 0; ak < ah; ++ak) {
        │ 			     ^^^^^^^^^^^^^^^^^^
    192 │ 				var ag = aj[ak];
    193 │ 				if (ag === "(") {
  
  i The var is accessible in the whole body of the enclosing function.
    To avoid confusion, it should be declared at the root of the enclosing function.
  

packages/rpc/coverage/lcov-report/prettify.js:192:5 lint/correctness/noInnerDeclarations ━━━━━━━━━━━

  × This var should be declared at the root of the enclosing function.
  
    190 │ 			}
    191 │ 			for (var ak = 0, am = 0; ak < ah; ++ak) {
  > 192 │ 				var ag = aj[ak];
        │ 				^^^^^^^^^^^^^^^
    193 │ 				if (ag === "(") {
    194 │ 					++am;
  
  i The var is accessible in the whole body of the enclosing function.
    To avoid confusion, it should be declared at the root of the enclosing function.
  

packages/rpc/coverage/lcov-report/prettify.js:200:5 lint/correctness/noInnerDeclarations ━━━━━━━━━━━

  × This var should be declared at the root of the enclosing function.
  
    198 │ 				}
    199 │ 				elseif(ag.charAt(0) === "\\");
  > 200 │ 				var af = +ag.substring(1);
        │ 				^^^^^^^^^^^^^^^^^^^^^^^^^
    201 │ 				if (af && af <= am) {
    202 │ 					aj[ak] = "\\" + an[am];
  
  i The var is accessible in the whole body of the enclosing function.
    To avoid confusion, it should be declared at the root of the enclosing function.
  

packages/rpc/coverage/lcov-report/prettify.js:205:9 lint/correctness/noInnerDeclarations ━━━━━━━━━━━

  × This var should be declared at the root of the enclosing function.
  
    203 │ 				}
    204 │ 			}
  > 205 │ 			for (var ak = 0, am = 0; ak < ah; ++ak) {
        │ 			     ^^^^^^^^^^^^^^^^^^
    206 │ 				if (aj[ak] === "^" && aj[ak + 1] !== "^") {
    207 │ 					aj[ak] = "";
  
  i The var is accessible in the whole body of the enclosing function.
    To avoid confusion, it should be declared at the root of the enclosing function.
  

packages/rpc/coverage/lcov-report/prettify.js:211:10 lint/correctness/noInnerDeclarations ━━━━━━━━━━

  × This var should be declared at the root of the enclosing function.
  
    209 │ 			}
    210 │ 			if (al.ignoreCase && S) {
  > 211 │ 				for (var ak = 0; ak < ah; ++ak) {
        │ 				     ^^^^^^^^^^
    212 │ 					var ag = aj[ak];
    213 │ 					var ai = ag.charAt(0);
  
  i The var is accessible in the whole body of the enclosing function.
    To avoid confusion, it should be declared at the root of the enclosing function.
  

packages/rpc/coverage/lcov-report/prettify.js:212:6 lint/correctness/noInnerDeclarations ━━━━━━━━━━━

  × This var should be declared at the root of the enclosing function.
  
    210 │ 			if (al.ignoreCase && S) {
    211 │ 				for (var ak = 0; ak < ah; ++ak) {
  > 212 │ 					var ag = aj[ak];
        │ 					^^^^^^^^^^^^^^^
    213 │ 					var ai = ag.charAt(0);
    214 │ 					if (ag.length >= 2 && ai === "[") {
  
  i The var is accessible in the whole body of the enclosing function.
    To avoid confusion, it should be declared at the root of the enclosing function.
  

packages/rpc/coverage/lcov-report/prettify.js:213:6 lint/correctness/noInnerDeclarations ━━━━━━━━━━━

  × This var should be declared at the root of the enclosing function.
  
    211 │ 				for (var ak = 0; ak < ah; ++ak) {
    212 │ 					var ag = aj[ak];
  > 213 │ 					var ai = ag.charAt(0);
        │ 					^^^^^^^^^^^^^^^^^^^^^
    214 │ 					if (ag.length >= 2 && ai === "[") {
    215 │ 						aj[ak] = X(ag);
  
  i The var is accessible in the whole body of the enclosing function.
    To avoid confusion, it should be declared at the root of the enclosing function.
  

packages/rpc/coverage/lcov-report/prettify.js:227:8 lint/correctness/noInnerDeclarations ━━━━━━━━━━━

  × This var should be declared at the root of the enclosing function.
  
    225 │ 		}
    226 │ 		var aa = [];
  > 227 │ 		for (var V = 0, U = Z.length; V < U; ++V) {
        │ 		     ^^^^^^^^^^^^^^^^^^^^^^^
    228 │ 			var ae = Z[V];
    229 │ 			if (ae.global || ae.multiline) {
  
  i The var is accessible in the whole body of the enclosing function.
    To avoid confusion, it should be declared at the root of the enclosing function.
  

packages/rpc/coverage/lcov-report/prettify.js:228:4 lint/correctness/noInnerDeclarations ━━━━━━━━━━━

  × This var should be declared at the root of the enclosing function.
  
    226 │ 		var aa = [];
    227 │ 		for (var V = 0, U = Z.length; V < U; ++V) {
  > 228 │ 			var ae = Z[V];
        │ 			^^^^^^^^^^^^^
    229 │ 			if (ae.global || ae.multiline) {
    230 │ 				throw new Error("" + ae);
  
  i The var is accessible in the whole body of the enclosing function.
    To avoid confusion, it should be declared at the root of the enclosing function.
  

packages/rpc/coverage/lcov-report/prettify.js:237:11 lint/performance/useTopLevelRegex ━━━━━━━━━━━━━

  × This regex literal is not defined in the top level scope. This can lead to performance issues if this function is called frequently.
  
    235 │ 	}
    236 │ 	function a(V) {
  > 237 │ 		var U = /(?:^|\s)nocode(?:\s|$)/;
        │ 		        ^^^^^^^^^^^^^^^^^^^^^^^^
    238 │ 		var X = [];
    239 │ 		var T = 0;
  
  i Move the regex literal outside of this scope, and place it at the top level of this module, as a constant.
  

packages/rpc/coverage/lcov-report/prettify.js:252:4 lint/style/useDefaultSwitchClause ━━━━━━━━━━━━━━

  × Expected a default switch clause.
  
    250 │ 		var Y = S && S.substring(0, 3) === "pre";
    251 │ 		function aa(ab) {
  > 252 │ 			switch (ab.nodeType) {
        │ 			^^^^^^^^^^^^^^^^^^^^^^
  > 253 │ 				case 1: {
         ...
  > 283 │ 				}
  > 284 │ 			}
        │ 			^
    285 │ 		}
    286 │ 		aa(V);
  
  i The lack of a default clause can be a possible omission.
  
  i Consider adding a default clause.
  

packages/rpc/coverage/lcov-report/prettify.js:257:11 lint/correctness/noInnerDeclarations ━━━━━━━━━━

  × This var should be declared at the root of the enclosing function.
  
    255 │ 						return;
    256 │ 					}
  > 257 │ 					for (var ae = ab.firstChild; ae; ae = ae.nextSibling) {
        │ 					     ^^^^^^^^^^^^^^^^^^^^^^
    258 │ 						aa(ae);
    259 │ 					}
  
  i The var is accessible in the whole body of the enclosing function.
    To avoid confusion, it should be declared at the root of the enclosing function.
  

packages/rpc/coverage/lcov-report/prettify.js:260:6 lint/correctness/noInnerDeclarations ━━━━━━━━━━━

  × This var should be declared at the root of the enclosing function.
  
    258 │ 						aa(ae);
    259 │ 					}
  > 260 │ 					var ad = ab.nodeName;
        │ 					^^^^^^^^^^^^^^^^^^^^
    261 │ 					if (ad === "BR" || ad === "LI") {
    262 │ 						X[W] = "\n";
  
  i The var is accessible in the whole body of the enclosing function.
    To avoid confusion, it should be declared at the root of the enclosing function.
  

packages/rpc/coverage/lcov-report/prettify.js:270:6 lint/correctness/noInnerDeclarations ━━━━━━━━━━━

  × This var should be declared at the root of the enclosing function.
  
    268 │ 				case 3:
    269 │ 				case 4: {
  > 270 │ 					var ac = ab.nodeValue;
        │ 					^^^^^^^^^^^^^^^^^^^^^
    271 │ 					if (ac.length) {
    272 │ 						if (Y) {
  
  i The var is accessible in the whole body of the enclosing function.
    To avoid confusion, it should be declared at the root of the enclosing function.
  

packages/rpc/coverage/lcov-report/prettify.js:271:10 lint/style/useExplicitLengthCheck  FIXABLE  ━━━━━━━━━━

  × Use .length > 0 when checking .length is not zero.
  
    269 │ 				case 4: {
    270 │ 					var ac = ab.nodeValue;
  > 271 │ 					if (ac.length) {
        │ 					    ^^^^^^^^^
    272 │ 						if (Y) {
    273 │ 							ac = ac.replace(/\r\n?/g, "\n");
  
  i Unsafe fix: Replace .length with .length > 0
  
    271 │ → → → → → if·(ac.length·>·0)·{
        │                        ++++   

packages/rpc/coverage/lcov-report/prettify.js:287:43 lint/performance/useTopLevelRegex ━━━━━━━━━━━━━

  × This regex literal is not defined in the top level scope. This can lead to performance issues if this function is called frequently.
  
    285 │ 		}
    286 │ 		aa(V);
  > 287 │ 		return { sourceCode: X.join("").replace(/\n$/, ""), spans: Z };
        │ 		                                        ^^^^^
    288 │ 	}
    289 │ 	function B(S, U, W, T) {
  
  i Move the regex literal outside of this scope, and place it at the top level of this module, as a constant.
  

packages/rpc/coverage/lcov-report/prettify.js:297:10 lint/performance/useTopLevelRegex ━━━━━━━━━━━━━

  × This regex literal is not defined in the top level scope. This can lead to performance issues if this function is called frequently.
  
    295 │ 		T.push.apply(T, V.decorations);
    296 │ 	}
  > 297 │ 	var v = /\S/;
        │ 	        ^^^^
    298 │ 	function o(S) {
    299 │ 		var V;
  
  i Move the regex literal outside of this scope, and place it at the top level of this module, as a constant.
  

packages/rpc/coverage/lcov-report/prettify.js:301:4 lint/correctness/noInnerDeclarations ━━━━━━━━━━━

  × This var should be declared at the root of the enclosing function.
  
    299 │ 		var V;
    300 │ 		for (var U = S.firstChild; U; U = U.nextSibling) {
  > 301 │ 			var T = U.nodeType;
        │ 			^^^^^^^^^^^^^^^^^^
    302 │ 			V = T === 1 ? (V ? S : U) : T === 3 ? (v.test(U.nodeValue) ? S : V) : V;
    303 │ 		}
  
  i The var is accessible in the whole body of the enclosing function.
    To avoid confusion, it should be declared at the root of the enclosing function.
  

packages/rpc/coverage/lcov-report/prettify.js:302:32 lint/style/noNestedTernary ━━━━━━━━━━━━━━━━━━━━

  × Do not nest ternary expressions.
  
    300 │ 		for (var U = S.firstChild; U; U = U.nextSibling) {
    301 │ 			var T = U.nodeType;
  > 302 │ 			V = T === 1 ? (V ? S : U) : T === 3 ? (v.test(U.nodeValue) ? S : V) : V;
        │ 			                            ^^^^^^^^^^^^^^^^^^^^^^^^^^^^^^^^^^^^^^^^^^^
    303 │ 		}
    304 │ 		return V === S ? undefined : V;
  
  i Nesting ternary expressions can make code more difficult to understand.
  
  i Convert nested ternary expression into if-else statements or separate the conditions to make the logic easier to understand.
  

packages/rpc/coverage/lcov-report/prettify.js:313:9 lint/correctness/noInnerDeclarations ━━━━━━━━━━━

  × This var should be declared at the root of the enclosing function.
  
    311 │ 			var ah = [];
    312 │ 			var ag = {};
  > 313 │ 			for (var ab = 0, Z = ad.length; ab < Z; ++ab) {
        │ 			     ^^^^^^^^^^^^^^^^^^^^^^^^^
    314 │ 				var Y = ad[ab];
    315 │ 				var ac = Y[3];
  
  i The var is accessible in the whole body of the enclosing function.
    To avoid confusion, it should be declared at the root of the enclosing function.
  

packages/rpc/coverage/lcov-report/prettify.js:314:5 lint/correctness/noInnerDeclarations ━━━━━━━━━━━

  × This var should be declared at the root of the enclosing function.
  
    312 │ 			var ag = {};
    313 │ 			for (var ab = 0, Z = ad.length; ab < Z; ++ab) {
  > 314 │ 				var Y = ad[ab];
        │ 				^^^^^^^^^^^^^^
    315 │ 				var ac = Y[3];
    316 │ 				if (ac) {
  
  i The var is accessible in the whole body of the enclosing function.
    To avoid confusion, it should be declared at the root of the enclosing function.
  

packages/rpc/coverage/lcov-report/prettify.js:315:5 lint/correctness/noInnerDeclarations ━━━━━━━━━━━

  × This var should be declared at the root of the enclosing function.
  
    313 │ 			for (var ab = 0, Z = ad.length; ab < Z; ++ab) {
    314 │ 				var Y = ad[ab];
  > 315 │ 				var ac = Y[3];
        │ 				^^^^^^^^^^^^^
    316 │ 				if (ac) {
    317 │ 					for (var ae = ac.length; --ae >= 0; ) {
  
  i The var is accessible in the whole body of the enclosing function.
    To avoid confusion, it should be declared at the root of the enclosing function.
  

packages/rpc/coverage/lcov-report/prettify.js:317:11 lint/correctness/noInnerDeclarations ━━━━━━━━━━

  × This var should be declared at the root of the enclosing function.
  
    315 │ 				var ac = Y[3];
    316 │ 				if (ac) {
  > 317 │ 					for (var ae = ac.length; --ae >= 0; ) {
        │ 					     ^^^^^^^^^^^^^^^^^^
    318 │ 						S[ac.charAt(ae)] = Y;
    319 │ 					}
  
  i The var is accessible in the whole body of the enclosing function.
    To avoid confusion, it should be declared at the root of the enclosing function.
  

packages/rpc/coverage/lcov-report/prettify.js:321:5 lint/correctness/noInnerDeclarations ━━━━━━━━━━━

  × This var should be declared at the root of the enclosing function.
  
    319 │ 					}
    320 │ 				}
  > 321 │ 				var af = Y[1];
        │ 				^^^^^^^^^^^^^
    322 │ 				var aa = "" + af;
    323 │ 				if (!Object.hasOwn(ag, aa)) {
  
  i The var is accessible in the whole body of the enclosing function.
    To avoid confusion, it should be declared at the root of the enclosing function.
  

packages/rpc/coverage/lcov-report/prettify.js:322:5 lint/correctness/noInnerDeclarations ━━━━━━━━━━━

  × This var should be declared at the root of the enclosing function.
  
    320 │ 				}
    321 │ 				var af = Y[1];
  > 322 │ 				var aa = "" + af;
        │ 				^^^^^^^^^^^^^^^^
    323 │ 				if (!Object.hasOwn(ag, aa)) {
    324 │ 					ah.push(af);
  
  i The var is accessible in the whole body of the enclosing function.
    To avoid confusion, it should be declared at the root of the enclosing function.
  

packages/rpc/coverage/lcov-report/prettify.js:328:12 lint/performance/useTopLevelRegex ━━━━━━━━━━━━━

  × This regex literal is not defined in the top level scope. This can lead to performance issues if this function is called frequently.
  
    326 │ 				}
    327 │ 			}
  > 328 │ 			ah.push(/[\0-\uffff]/);
        │ 			        ^^^^^^^^^^^^^
    329 │ 			V = k(ah);
    330 │ 		})();
  
  i Move the regex literal outside of this scope, and place it at the top level of this module, as a constant.
  

packages/rpc/coverage/lcov-report/prettify.js:333:4 lint/style/useSingleVarDeclarator  FIXABLE  ━━━━━━━━━━

  × Declare variables separately
  
    331 │ 		var X = T.length;
    332 │ 		var W = (ah) => {
  > 333 │ 			var Z = ah.sourceCode,
        │ 			^^^^^^^^^^^^^^^^^^^^^^
  > 334 │ 				Y = ah.basePos;
        │ 				^^^^^^^^^^^^^^^
    335 │ 			var ad = [Y, F];
    336 │ 			var af = 0;
  
  i Unsafe fix: Break out into multiple declarations
  
    331 331 │   		var X = T.length;
    332 332 │   		var W = (ah) => {
    333     │ - → → → var·Z·=·ah.sourceCode,
    334     │ - → → → → Y·=·ah.basePos;
        333 │ + → → → var·Z·=·ah.sourceCode;
        334 │ + → → → var·Y·=·ah.basePos;
    335 335 │   			var ad = [Y, F];
    336 336 │   			var af = 0;
  

packages/rpc/coverage/lcov-report/prettify.js:339:9 lint/correctness/noInnerDeclarations ━━━━━━━━━━━

  × This var should be declared at the root of the enclosing function.
  
    337 │ 			var an = Z.match(V) || [];
    338 │ 			var aj = {};
  > 339 │ 			for (var ae = 0, aq = an.length; ae < aq; ++ae) {
        │ 			     ^^^^^^^^^^^^^^^^^^^^^^^^^^
    340 │ 				var ag = an[ae];
    341 │ 				var ap = aj[ag];
  
  i The var is accessible in the whole body of the enclosing function.
    To avoid confusion, it should be declared at the root of the enclosing function.
  

packages/rpc/coverage/lcov-report/prettify.js:340:5 lint/correctness/noInnerDeclarations ━━━━━━━━━━━

  × This var should be declared at the root of the enclosing function.
  
    338 │ 			var aj = {};
    339 │ 			for (var ae = 0, aq = an.length; ae < aq; ++ae) {
  > 340 │ 				var ag = an[ae];
        │ 				^^^^^^^^^^^^^^^
    341 │ 				var ap = aj[ag];
    342 │ 				var ai = void 0;
  
  i The var is accessible in the whole body of the enclosing function.
    To avoid confusion, it should be declared at the root of the enclosing function.
  

packages/rpc/coverage/lcov-report/prettify.js:341:5 lint/correctness/noInnerDeclarations ━━━━━━━━━━━

  × This var should be declared at the root of the enclosing function.
  
    339 │ 			for (var ae = 0, aq = an.length; ae < aq; ++ae) {
    340 │ 				var ag = an[ae];
  > 341 │ 				var ap = aj[ag];
        │ 				^^^^^^^^^^^^^^^
    342 │ 				var ai = void 0;
    343 │ 				var am;
  
  i The var is accessible in the whole body of the enclosing function.
    To avoid confusion, it should be declared at the root of the enclosing function.
  

packages/rpc/coverage/lcov-report/prettify.js:342:5 lint/correctness/noInnerDeclarations ━━━━━━━━━━━

  × This var should be declared at the root of the enclosing function.
  
    340 │ 				var ag = an[ae];
    341 │ 				var ap = aj[ag];
  > 342 │ 				var ai = void 0;
        │ 				^^^^^^^^^^^^^^^
    343 │ 				var am;
    344 │ 				if (typeof ap === "string") {
  
  i The var is accessible in the whole body of the enclosing function.
    To avoid confusion, it should be declared at the root of the enclosing function.
  

packages/rpc/coverage/lcov-report/prettify.js:342:14 lint/complexity/noVoid ━━━━━━━━━━━━━━━━━━━━━━━━

  × The use of void is not allowed.
  
    340 │ 				var ag = an[ae];
    341 │ 				var ap = aj[ag];
  > 342 │ 				var ai = void 0;
        │ 				         ^^^^^^
    343 │ 				var am;
    344 │ 				if (typeof ap === "string") {
  
  i If you use void to alter the return type of a function or return `undefined`, use the global `undefined` instead.
  

packages/rpc/coverage/lcov-report/prettify.js:343:5 lint/correctness/noInnerDeclarations ━━━━━━━━━━━

  × This var should be declared at the root of the enclosing function.
  
    341 │ 				var ap = aj[ag];
    342 │ 				var ai = void 0;
  > 343 │ 				var am;
        │ 				^^^^^^
    344 │ 				if (typeof ap === "string") {
    345 │ 					am = false;
  
  i The var is accessible in the whole body of the enclosing function.
    To avoid confusion, it should be declared at the root of the enclosing function.
  

packages/rpc/coverage/lcov-report/prettify.js:347:6 lint/correctness/noInnerDeclarations ━━━━━━━━━━━

  × This var should be declared at the root of the enclosing function.
  
    345 │ 					am = false;
    346 │ 				} else {
  > 347 │ 					var aa = S[ag.charAt(0)];
        │ 					^^^^^^^^^^^^^^^^^^^^^^^^
    348 │ 					if (aa) {
    349 │ 						ai = ag.match(aa[1]);
  
  i The var is accessible in the whole body of the enclosing function.
    To avoid confusion, it should be declared at the root of the enclosing function.
  

packages/rpc/coverage/lcov-report/prettify.js:352:12 lint/correctness/noInnerDeclarations ━━━━━━━━━━

  × This var should be declared at the root of the enclosing function.
  
    350 │ 						ap = aa[0];
    351 │ 					} else {
  > 352 │ 						for (var ao = 0; ao < X; ++ao) {
        │ 						     ^^^^^^^^^^
    353 │ 							aa = T[ao];
    354 │ 							ai = ag.match(aa[1]);
  
  i The var is accessible in the whole body of the enclosing function.
    To avoid confusion, it should be declared at the root of the enclosing function.
  

packages/rpc/coverage/lcov-report/prettify.js:373:5 lint/correctness/noInnerDeclarations ━━━━━━━━━━━

  × This var should be declared at the root of the enclosing function.
  
    371 │ 					}
    372 │ 				}
  > 373 │ 				var ab = af;
        │ 				^^^^^^^^^^^
    374 │ 				af += ag.length;
    375 │ 				if (am) {
  
  i The var is accessible in the whole body of the enclosing function.
    To avoid confusion, it should be declared at the root of the enclosing function.
  

packages/rpc/coverage/lcov-report/prettify.js:376:6 lint/correctness/noInnerDeclarations ━━━━━━━━━━━

  × This var should be declared at the root of the enclosing function.
  
    374 │ 				af += ag.length;
    375 │ 				if (am) {
  > 376 │ 					var al = ai[1];
        │ 					^^^^^^^^^^^^^^
    377 │ 					var ak = ag.indexOf(al);
    378 │ 					var ac = ak + al.length;
  
  i The var is accessible in the whole body of the enclosing function.
    To avoid confusion, it should be declared at the root of the enclosing function.
  

packages/rpc/coverage/lcov-report/prettify.js:377:6 lint/correctness/noInnerDeclarations ━━━━━━━━━━━

  × This var should be declared at the root of the enclosing function.
  
    375 │ 				if (am) {
    376 │ 					var al = ai[1];
  > 377 │ 					var ak = ag.indexOf(al);
        │ 					^^^^^^^^^^^^^^^^^^^^^^^
    378 │ 					var ac = ak + al.length;
    379 │ 					if (ai[2]) {
  
  i The var is accessible in the whole body of the enclosing function.
    To avoid confusion, it should be declared at the root of the enclosing function.
  

packages/rpc/coverage/lcov-report/prettify.js:378:6 lint/correctness/noInnerDeclarations ━━━━━━━━━━━

  × This var should be declared at the root of the enclosing function.
  
    376 │ 					var al = ai[1];
    377 │ 					var ak = ag.indexOf(al);
  > 378 │ 					var ac = ak + al.length;
        │ 					^^^^^^^^^^^^^^^^^^^^^^^
    379 │ 					if (ai[2]) {
    380 │ 						ac = ag.length - ai[2].length;
  
  i The var is accessible in the whole body of the enclosing function.
    To avoid confusion, it should be declared at the root of the enclosing function.
  

packages/rpc/coverage/lcov-report/prettify.js:383:6 lint/correctness/noInnerDeclarations ━━━━━━━━━━━

  × This var should be declared at the root of the enclosing function.
  
    381 │ 						ak = ac - al.length;
    382 │ 					}
  > 383 │ 					var ar = ap.substring(5);
        │ 					^^^^^^^^^^^^^^^^^^^^^^^^
    384 │ 					B(Y + ab, ag.substring(0, ak), W, ad);
    385 │ 					B(Y + ab + ak, al, q(ar, al), ad);
  
  i The var is accessible in the whole body of the enclosing function.
    To avoid confusion, it should be declared at the root of the enclosing function.
  

packages/rpc/coverage/lcov-report/prettify.js:396:3 lint/style/useSingleVarDeclarator  FIXABLE  ━━━━━━━━━━

  × Declare variables separately
  
    394 │ 	}
    395 │ 	function i(T) {
  > 396 │ 		var W = [],
        │ 		^^^^^^^^^^^
  > 397 │ 			S = [];
        │ 			^^^^^^^
    398 │ 		if (T.tripleQuotedStrings) {
    399 │ 			W.push([
  
  i Unsafe fix: Break out into multiple declarations
  
    394 394 │   	}
    395 395 │   	function i(T) {
    396     │ - → → var·W·=·[],
    397     │ - → → → S·=·[];
        396 │ + → → var·W·=·[];
        397 │ + → → var·S·=·[];
    398 398 │   		if (T.tripleQuotedStrings) {
    399 399 │   			W.push([
  

packages/rpc/coverage/lcov-report/prettify.js:401:5 lint/performance/useTopLevelRegex ━━━━━━━━━━━━━━

  × This regex literal is not defined in the top level scope. This can lead to performance issues if this function is called frequently.
  
    399 │ 			W.push([
    400 │ 				C,
  > 401 │ 				/^(?:'''(?:[^'\\]|\\[\s\S]|'{1,2}(?=[^']))*(?:'''|$)|"""(?:[^"\\]|\\[\s\S]|"{1,2}(?=[^"]))*(?:"""|$)|'(?:[^\\']|\\[\s\S])*(?:'|$)|"(?:[^\\"]|\\[\s\S])*(?:"|$))/,
        │ 				^^^^^^^^^^^^^^^^^^^^^^^^^^^^^^^^^^^^^^^^^^^^^^^^^^^^^^^^^^^^^^^^^^^^^^^^^^^^^^^^^^^^^^^^^^^^^^^^^^^^^^^^^^^^^^^^^^^^^^^^^^^^^^^^^^^^^^^^^^^^^^^^^^^^^^^^^^^^^^^^
    402 │ 				null,
    403 │ 				"'\"",
  
  i Move the regex literal outside of this scope, and place it at the top level of this module, as a constant.
  

packages/rpc/coverage/lcov-report/prettify.js:409:4 lint/performance/useTopLevelRegex ━━━━━━━━━━━━━━

  × This regex literal is not defined in the top level scope. This can lead to performance issues if this function is called frequently.
  
    407 │ 		W.push([
    408 │ 			C,
  > 409 │ 			/^(?:'(?:[^\\']|\\[\s\S])*(?:'|$)|"(?:[^\\"]|\\[\s\S])*(?:"|$)|`(?:[^\\`]|\\[\s\S])*(?:`|$))/,
        │ 			^^^^^^^^^^^^^^^^^^^^^^^^^^^^^^^^^^^^^^^^^^^^^^^^^^^^^^^^^^^^^^^^^^^^^^^^^^^^^^^^^^^^^^^^^^^^^
    410 │ 			null,
    411 │ 			"'\"`",
  
  i Move the regex literal outside of this scope, and place it at the top level of this module, as a constant.
  

packages/rpc/coverage/lcov-report/prettify.js:415:4 lint/performance/useTopLevelRegex ━━━━━━━━━━━━━━

  × This regex literal is not defined in the top level scope. This can lead to performance issues if this function is called frequently.
  
    413 │ 		elseW.push([
    414 │ 			C,
  > 415 │ 			/^(?:'(?:[^\\'\r\n]|\\.)*(?:'|$)|"(?:[^\\"\r\n]|\\.)*(?:"|$))/,
        │ 			^^^^^^^^^^^^^^^^^^^^^^^^^^^^^^^^^^^^^^^^^^^^^^^^^^^^^^^^^^^^^^
    416 │ 			null,
    417 │ 			"\"'",
  
  i Move the regex literal outside of this scope, and place it at the top level of this module, as a constant.
  

packages/rpc/coverage/lcov-report/prettify.js:420:15 lint/performance/useTopLevelRegex ━━━━━━━━━━━━━

  × This regex literal is not defined in the top level scope. This can lead to performance issues if this function is called frequently.
  
    418 │ 		]);
    419 │ 		if (T.verbatimStrings) {
  > 420 │ 			S.push([C, /^@"(?:[^"]|"")*(?:"|$)/, null]);
        │ 			           ^^^^^^^^^^^^^^^^^^^^^^^^
    421 │ 		}
    422 │ 		var Y = T.hashComments;
  
  i Move the regex literal outside of this scope, and place it at the top level of this module, as a constant.
  

packages/rpc/coverage/lcov-report/prettify.js:426:17 lint/performance/useTopLevelRegex ━━━━━━━━━━━━━

  × This regex literal is not defined in the top level scope. This can lead to performance issues if this function is called frequently.
  
    424 │ 			if (T.cStyleComments) {
    425 │ 				if (Y > 1) {
  > 426 │ 					W.push([j, /^#(?:##(?:[^#]|#(?!##))*(?:###|$)|.*)/, null, "#"]);
        │ 					           ^^^^^^^^^^^^^^^^^^^^^^^^^^^^^^^^^^^^^^^
    427 │ 				} else {
    428 │ 					W.push([
  
  i Move the regex literal outside of this scope, and place it at the top level of this module, as a constant.
  

packages/rpc/coverage/lcov-report/prettify.js:430:7 lint/performance/useTopLevelRegex ━━━━━━━━━━━━━━

  × This regex literal is not defined in the top level scope. This can lead to performance issues if this function is called frequently.
  
    428 │ 					W.push([
    429 │ 						j,
  > 430 │ 						/^#(?:(?:define|elif|else|endif|error|ifdef|include|ifndef|line|pragma|undef|warning)\b|[^\r\n]*)/,
        │ 						^^^^^^^^^^^^^^^^^^^^^^^^^^^^^^^^^^^^^^^^^^^^^^^^^^^^^^^^^^^^^^^^^^^^^^^^^^^^^^^^^^^^^^^^^^^^^^^^^^
    431 │ 						null,
    432 │ 						"#",
  
  i Move the regex literal outside of this scope, and place it at the top level of this module, as a constant.
  

packages/rpc/coverage/lcov-report/prettify.js:437:6 lint/performance/useTopLevelRegex ━━━━━━━━━━━━━━

  × This regex literal is not defined in the top level scope. This can lead to performance issues if this function is called frequently.
  
    435 │ 				S.push([
    436 │ 					C,
  > 437 │ 					/^<(?:(?:(?:\.\.\/)*|\/?)(?:[\w-]+(?:\/[\w-]+)+)?[\w-]+\.h|[a-z]\w*)>/,
        │ 					^^^^^^^^^^^^^^^^^^^^^^^^^^^^^^^^^^^^^^^^^^^^^^^^^^^^^^^^^^^^^^^^^^^^^^
    438 │ 					null,
    439 │ 				]);
  
  i Move the regex literal outside of this scope, and place it at the top level of this module, as a constant.
  

packages/rpc/coverage/lcov-report/prettify.js:441:16 lint/performance/useTopLevelRegex ━━━━━━━━━━━━━

  × This regex literal is not defined in the top level scope. This can lead to performance issues if this function is called frequently.
  
    439 │ 				]);
    440 │ 			} else {
  > 441 │ 				W.push([j, /^#[^\r\n]*/, null, "#"]);
        │ 				           ^^^^^^^^^^^^
    442 │ 			}
    443 │ 		}
  
  i Move the regex literal outside of this scope, and place it at the top level of this module, as a constant.
  

packages/rpc/coverage/lcov-report/prettify.js:445:15 lint/performance/useTopLevelRegex ━━━━━━━━━━━━━

  × This regex literal is not defined in the top level scope. This can lead to performance issues if this function is called frequently.
  
    443 │ 		}
    444 │ 		if (T.cStyleComments) {
  > 445 │ 			S.push([j, /^\/\/[^\r\n]*/, null]);
        │ 			           ^^^^^^^^^^^^^^^
    446 │ 			S.push([j, /^\/\*[\s\S]*?(?:\*\/|$)/, null]);
    447 │ 		}
  
  i Move the regex literal outside of this scope, and place it at the top level of this module, as a constant.
  

packages/rpc/coverage/lcov-report/prettify.js:446:15 lint/performance/useTopLevelRegex ━━━━━━━━━━━━━

  × This regex literal is not defined in the top level scope. This can lead to performance issues if this function is called frequently.
  
    444 │ 		if (T.cStyleComments) {
    445 │ 			S.push([j, /^\/\/[^\r\n]*/, null]);
  > 446 │ 			S.push([j, /^\/\*[\s\S]*?(?:\*\/|$)/, null]);
        │ 			           ^^^^^^^^^^^^^^^^^^^^^^^^^
    447 │ 		}
    448 │ 		if (T.regexLiterals) {
  
  i Move the regex literal outside of this scope, and place it at the top level of this module, as a constant.
  

packages/rpc/coverage/lcov-report/prettify.js:449:4 lint/correctness/noInnerDeclarations ━━━━━━━━━━━

  × This var should be declared at the root of the enclosing function.
  
    447 │ 		}
    448 │ 		if (T.regexLiterals) {
  > 449 │ 			var X =
        │ 			^^^^^^^
  > 450 │ 				"/(?=[^/*])(?:[^/\\x5B\\x5C]|\\x5C[\\s\\S]|\\x5B(?:[^\\x5C\\x5D]|\\x5C[\\s\\S])*(?:\\x5D|$))+/";
        │ 				^^^^^^^^^^^^^^^^^^^^^^^^^^^^^^^^^^^^^^^^^^^^^^^^^^^^^^^^^^^^^^^^^^^^^^^^^^^^^^^^^^^^^^^^^^^^^^^
    451 │ 			S.push(["lang-regex", new RegExp("^" + M + "(" + X + ")")]);
    452 │ 		}
  
  i The var is accessible in the whole body of the enclosing function.
    To avoid confusion, it should be declared at the root of the enclosing function.
  

packages/rpc/coverage/lcov-report/prettify.js:458:7 lint/style/useExplicitLengthCheck  FIXABLE  ━━━━━━━━━━

  × Use .length > 0 when checking .length is not zero.
  
    456 │ 		}
    457 │ 		var U = ("" + T.keywords).replace(/^ | $/g, "");
  > 458 │ 		if (U.length) {
        │ 		    ^^^^^^^^
    459 │ 			S.push([
    460 │ 				z,
  
  i Unsafe fix: Replace .length with .length > 0
  
    458 │ → → if·(U.length·>·0)·{
        │                 ++++   

packages/rpc/coverage/lcov-report/prettify.js:465:14 lint/performance/useTopLevelRegex ━━━━━━━━━━━━━

  × This regex literal is not defined in the top level scope. This can lead to performance issues if this function is called frequently.
  
    463 │ 			]);
    464 │ 		}
  > 465 │ 		W.push([F, /^\s+/, null, " \r\n\t\xA0"]);
        │ 		           ^^^^^^
    466 │ 		S.push(
    467 │ 			[G, /^@[a-z_$][a-z_$@0-9]*/i, null],
  
  i Move the regex literal outside of this scope, and place it at the top level of this module, as a constant.
  

packages/rpc/coverage/lcov-report/prettify.js:467:8 lint/performance/useTopLevelRegex ━━━━━━━━━━━━━━

  × This regex literal is not defined in the top level scope. This can lead to performance issues if this function is called frequently.
  
    465 │ 		W.push([F, /^\s+/, null, " \r\n\t\xA0"]);
    466 │ 		S.push(
  > 467 │ 			[G, /^@[a-z_$][a-z_$@0-9]*/i, null],
        │ 			    ^^^^^^^^^^^^^^^^^^^^^^^^
    468 │ 			[O, /^(?:[@_]?[A-Z]+[a-z][A-Za-z_$@0-9]*|\w+_t\b)/, null],
    469 │ 			[F, /^[a-z_$][a-z_$@0-9]*/i, null],
  
  i Move the regex literal outside of this scope, and place it at the top level of this module, as a constant.
  

packages/rpc/coverage/lcov-report/prettify.js:468:8 lint/performance/useTopLevelRegex ━━━━━━━━━━━━━━

  × This regex literal is not defined in the top level scope. This can lead to performance issues if this function is called frequently.
  
    466 │ 		S.push(
    467 │ 			[G, /^@[a-z_$][a-z_$@0-9]*/i, null],
  > 468 │ 			[O, /^(?:[@_]?[A-Z]+[a-z][A-Za-z_$@0-9]*|\w+_t\b)/, null],
        │ 			    ^^^^^^^^^^^^^^^^^^^^^^^^^^^^^^^^^^^^^^^^^^^^^^
    469 │ 			[F, /^[a-z_$][a-z_$@0-9]*/i, null],
    470 │ 			[
  
  i Move the regex literal outside of this scope, and place it at the top level of this module, as a constant.
  

packages/rpc/coverage/lcov-report/prettify.js:469:8 lint/performance/useTopLevelRegex ━━━━━━━━━━━━━━

  × This regex literal is not defined in the top level scope. This can lead to performance issues if this function is called frequently.
  
    467 │ 			[G, /^@[a-z_$][a-z_$@0-9]*/i, null],
    468 │ 			[O, /^(?:[@_]?[A-Z]+[a-z][A-Za-z_$@0-9]*|\w+_t\b)/, null],
  > 469 │ 			[F, /^[a-z_$][a-z_$@0-9]*/i, null],
        │ 			    ^^^^^^^^^^^^^^^^^^^^^^^
    470 │ 			[
    471 │ 				G,
  
  i Move the regex literal outside of this scope, and place it at the top level of this module, as a constant.
  

packages/rpc/coverage/lcov-report/prettify.js:472:5 lint/performance/useTopLevelRegex ━━━━━━━━━━━━━━

  × This regex literal is not defined in the top level scope. This can lead to performance issues if this function is called frequently.
  
    470 │ 			[
    471 │ 				G,
  > 472 │ 				/^(?:0x[a-f0-9]+|(?:\d(?:_\d+)*\d*(?:\.\d*)?|\.\d\+)(?:e[+-]?\d+)?)[a-z]*/i,
        │ 				^^^^^^^^^^^^^^^^^^^^^^^^^^^^^^^^^^^^^^^^^^^^^^^^^^^^^^^^^^^^^^^^^^^^^^^^^^^
    473 │ 				null,
    474 │ 				"0123456789",
  
  i Move the regex literal outside of this scope, and place it at the top level of this module, as a constant.
  

packages/rpc/coverage/lcov-report/prettify.js:476:8 lint/performance/useTopLevelRegex ━━━━━━━━━━━━━━

  × This regex literal is not defined in the top level scope. This can lead to performance issues if this function is called frequently.
  
    474 │ 				"0123456789",
    475 │ 			],
  > 476 │ 			[F, /^\\[\s\S]?/, null],
        │ 			    ^^^^^^^^^^^^
    477 │ 			[L, /^.[^\s\w.$@'"`/#\\]*/, null],
    478 │ 		);
  
  i Move the regex literal outside of this scope, and place it at the top level of this module, as a constant.
  

packages/rpc/coverage/lcov-report/prettify.js:477:8 lint/performance/useTopLevelRegex ━━━━━━━━━━━━━━

  × This regex literal is not defined in the top level scope. This can lead to performance issues if this function is called frequently.
  
    475 │ 			],
    476 │ 			[F, /^\\[\s\S]?/, null],
  > 477 │ 			[L, /^.[^\s\w.$@'"`/#\\]*/, null],
        │ 			    ^^^^^^^^^^^^^^^^^^^^^^
    478 │ 		);
    479 │ 		return g(W, S);
  
  i Move the regex literal outside of this scope, and place it at the top level of this module, as a constant.
  

packages/rpc/coverage/lcov-report/prettify.js:489:11 lint/performance/useTopLevelRegex ━━━━━━━━━━━━━

  × This regex literal is not defined in the top level scope. This can lead to performance issues if this function is called frequently.
  
    487 │ 	});
    488 │ 	function Q(V, ag) {
  > 489 │ 		var U = /(?:^|\s)nocode(?:\s|$)/;
        │ 		        ^^^^^^^^^^^^^^^^^^^^^^^^
    490 │ 		var ab = /\r\n?|\n/;
    491 │ 		var ac = V.ownerDocument;
  
  i Move the regex literal outside of this scope, and place it at the top level of this module, as a constant.
  

packages/rpc/coverage/lcov-report/prettify.js:490:12 lint/performance/useTopLevelRegex ━━━━━━━━━━━━━

  × This regex literal is not defined in the top level scope. This can lead to performance issues if this function is called frequently.
  
    488 │ 	function Q(V, ag) {
    489 │ 		var U = /(?:^|\s)nocode(?:\s|$)/;
  > 490 │ 		var ab = /\r\n?|\n/;
        │ 		         ^^^^^^^^^^
    491 │ 		var ac = V.ownerDocument;
    492 │ 		var S;
  
  i Move the regex literal outside of this scope, and place it at the top level of this module, as a constant.
  

packages/rpc/coverage/lcov-report/prettify.js:507:4 lint/style/useDefaultSwitchClause ━━━━━━━━━━━━━━

  × Expected a default switch clause.
  
    505 │ 		var W = [af];
    506 │ 		function ae(al) {
  > 507 │ 			switch (al.nodeType) {
        │ 			^^^^^^^^^^^^^^^^^^^^^^
  > 508 │ 				case 1:
         ...
  > 542 │ 					break;
  > 543 │ 			}
        │ 			^
    544 │ 		}
    545 │ 		function ad(ak) {
  
  i The lack of a default clause can be a possible omission.
  
  i Consider adding a default clause.
  

packages/rpc/coverage/lcov-report/prettify.js:518:12 lint/correctness/noInnerDeclarations ━━━━━━━━━━

  × This var should be declared at the root of the enclosing function.
  
    516 │ 						}
    517 │ 					} else {
  > 518 │ 						for (var an = al.firstChild; an; an = an.nextSibling) {
        │ 						     ^^^^^^^^^^^^^^^^^^^^^^
    519 │ 							ae(an);
    520 │ 						}
  
  i The var is accessible in the whole body of the enclosing function.
    To avoid confusion, it should be declared at the root of the enclosing function.
  

packages/rpc/coverage/lcov-report/prettify.js:526:7 lint/correctness/noInnerDeclarations ━━━━━━━━━━━

  × This var should be declared at the root of the enclosing function.
  
    524 │ 				case 4:
    525 │ 					if (Z) {
  > 526 │ 						var am = al.nodeValue;
        │ 						^^^^^^^^^^^^^^^^^^^^^
    527 │ 						var aj = am.match(ab);
    528 │ 						if (aj) {
  
  i The var is accessible in the whole body of the enclosing function.
    To avoid confusion, it should be declared at the root of the enclosing function.
  

packages/rpc/coverage/lcov-report/prettify.js:527:7 lint/correctness/noInnerDeclarations ━━━━━━━━━━━

  × This var should be declared at the root of the enclosing function.
  
    525 │ 					if (Z) {
    526 │ 						var am = al.nodeValue;
  > 527 │ 						var aj = am.match(ab);
        │ 						^^^^^^^^^^^^^^^^^^^^^
    528 │ 						if (aj) {
    529 │ 							var ai = am.substring(0, aj.index);
  
  i The var is accessible in the whole body of the enclosing function.
    To avoid confusion, it should be declared at the root of the enclosing function.
  

packages/rpc/coverage/lcov-report/prettify.js:529:8 lint/correctness/noInnerDeclarations ━━━━━━━━━━━

  × This var should be declared at the root of the enclosing function.
  
    527 │ 						var aj = am.match(ab);
    528 │ 						if (aj) {
  > 529 │ 							var ai = am.substring(0, aj.index);
        │ 							^^^^^^^^^^^^^^^^^^^^^^^^^^^^^^^^^^
    530 │ 							al.nodeValue = ai;
    531 │ 							var ah = am.substring(aj.index + aj[0].length);
  
  i The var is accessible in the whole body of the enclosing function.
    To avoid confusion, it should be declared at the root of the enclosing function.
  

packages/rpc/coverage/lcov-report/prettify.js:531:8 lint/correctness/noInnerDeclarations ━━━━━━━━━━━

  × This var should be declared at the root of the enclosing function.
  
    529 │ 							var ai = am.substring(0, aj.index);
    530 │ 							al.nodeValue = ai;
  > 531 │ 							var ah = am.substring(aj.index + aj[0].length);
        │ 							^^^^^^^^^^^^^^^^^^^^^^^^^^^^^^^^^^^^^^^^^^^^^^
    532 │ 							if (ah) {
    533 │ 								var ak = al.parentNode;
  
  i The var is accessible in the whole body of the enclosing function.
    To avoid confusion, it should be declared at the root of the enclosing function.
  

packages/rpc/coverage/lcov-report/prettify.js:533:9 lint/correctness/noInnerDeclarations ━━━━━━━━━━━

  × This var should be declared at the root of the enclosing function.
  
    531 │ 							var ah = am.substring(aj.index + aj[0].length);
    532 │ 							if (ah) {
  > 533 │ 								var ak = al.parentNode;
        │ 								^^^^^^^^^^^^^^^^^^^^^^
    534 │ 								ak.insertBefore(ac.createTextNode(ah), al.nextSibling);
    535 │ 							}
  
  i The var is accessible in the whole body of the enclosing function.
    To avoid confusion, it should be declared at the root of the enclosing function.
  

packages/rpc/coverage/lcov-report/prettify.js:556:6 lint/correctness/noInnerDeclarations ━━━━━━━━━━━

  × This var should be declared at the root of the enclosing function.
  
    554 │ 				var ao = al.parentNode;
    555 │ 				if (ao) {
  > 556 │ 					var ap = ai(ao, 1);
        │ 					^^^^^^^^^^^^^^^^^^
    557 │ 					var an = al.nextSibling;
    558 │ 					ap.appendChild(aq);
  
  i The var is accessible in the whole body of the enclosing function.
    To avoid confusion, it should be declared at the root of the enclosing function.
  

packages/rpc/coverage/lcov-report/prettify.js:557:6 lint/correctness/noInnerDeclarations ━━━━━━━━━━━

  × This var should be declared at the root of the enclosing function.
  
    555 │ 				if (ao) {
    556 │ 					var ap = ai(ao, 1);
  > 557 │ 					var an = al.nextSibling;
        │ 					^^^^^^^^^^^^^^^^^^^^^^^
    558 │ 					ap.appendChild(aq);
    559 │ 					for (var am = an; am; am = an) {
  
  i The var is accessible in the whole body of the enclosing function.
    To avoid confusion, it should be declared at the root of the enclosing function.
  

packages/rpc/coverage/lcov-report/prettify.js:559:11 lint/correctness/noInnerDeclarations ━━━━━━━━━━

  × This var should be declared at the root of the enclosing function.
  
    557 │ 					var an = al.nextSibling;
    558 │ 					ap.appendChild(aq);
  > 559 │ 					for (var am = an; am; am = an) {
        │ 					     ^^^^^^^^^^^
    560 │ 						an = am.nextSibling;
    561 │ 						ap.appendChild(am);
  
  i The var is accessible in the whole body of the enclosing function.
    To avoid confusion, it should be declared at the root of the enclosing function.
  

packages/rpc/coverage/lcov-report/prettify.js:567:9 lint/correctness/noInnerDeclarations ━━━━━━━━━━━

  × This var should be declared at the root of the enclosing function.
  
    565 │ 			}
    566 │ 			var ah = ai(ak.nextSibling, 0);
  > 567 │ 			for (var aj; (aj = ah.parentNode) && aj.nodeType === 1; ) {
        │ 			     ^^^^^^
    568 │ 				ah = aj;
    569 │ 			}
  
  i The var is accessible in the whole body of the enclosing function.
    To avoid confusion, it should be declared at the root of the enclosing function.
  

packages/rpc/coverage/lcov-report/prettify.js:567:18 lint/suspicious/noAssignInExpressions ━━━━━━━━━━

  × The assignment should not be in an expression.
  
    565 │ 			}
    566 │ 			var ah = ai(ak.nextSibling, 0);
  > 567 │ 			for (var aj; (aj = ah.parentNode) && aj.nodeType === 1; ) {
        │ 			              ^^^^^^^^^^^^^^^^^^
    568 │ 				ah = aj;
    569 │ 			}
  
  i The use of assignments in expressions is confusing.
    Expressions are often considered as side-effect free.
  

packages/rpc/coverage/lcov-report/prettify.js:572:8 lint/correctness/noInnerDeclarations ━━━━━━━━━━━

  × This var should be declared at the root of the enclosing function.
  
    570 │ 			W.push(ah);
    571 │ 		}
  > 572 │ 		for (var Y = 0; Y < W.length; ++Y) {
        │ 		     ^^^^^^^^^
    573 │ 			ae(W[Y]);
    574 │ 		}
  
  i The var is accessible in the whole body of the enclosing function.
    To avoid confusion, it should be declared at the root of the enclosing function.
  

packages/rpc/coverage/lcov-report/prettify.js:581:8 lint/correctness/noInnerDeclarations ━━━━━━━━━━━

  × This var should be declared at the root of the enclosing function.
  
    579 │ 		aa.className = "linenums";
    580 │ 		var X = Math.max(0, (ag - 1) | 0) || 0;
  > 581 │ 		for (var Y = 0, T = W.length; Y < T; ++Y) {
        │ 		     ^^^^^^^^^^^^^^^^^^^^^^^
    582 │ 			af = W[Y];
    583 │ 			af.className = "L" + ((Y + X) % 10);
  
  i The var is accessible in the whole body of the enclosing function.
    To avoid confusion, it should be declared at the root of the enclosing function.
  

packages/rpc/coverage/lcov-report/prettify.js:592:12 lint/performance/useTopLevelRegex ━━━━━━━━━━━━━

  × This regex literal is not defined in the top level scope. This can lead to performance issues if this function is called frequently.
  
    590 │ 	}
    591 │ 	function D(ac) {
  > 592 │ 		var aj = /\bMSIE\b/.test(navigator.userAgent);
        │ 		         ^^^^^^^^^^
    593 │ 		var am = /\n/g;
    594 │ 		var al = ac.sourceCode;
  
  i Move the regex literal outside of this scope, and place it at the top level of this module, as a constant.
  

packages/rpc/coverage/lcov-report/prettify.js:604:3 lint/style/useSingleVarDeclarator  FIXABLE  ━━━━━━━━━━

  × Declare variables separately
  
    602 │ 		var Z = 0;
    603 │ 		X[Y] = an;
  > 604 │ 		var ar, aq;
        │ 		^^^^^^^^^^^
    605 │ 		for (aq = ar = 0; aq < Y; ) {
    606 │ 			if (X[aq] !== X[aq + 2]) {
  
  i Unsafe fix: Break out into multiple declarations
  
    602 602 │   		var Z = 0;
    603 603 │   		X[Y] = an;
    604     │ - → → var·ar,·aq;
        604 │ + → → var·ar;
        605 │ + → → var·aq;
    605 606 │   		for (aq = ar = 0; aq < Y; ) {
    606 607 │   			if (X[aq] !== X[aq + 2]) {
  

packages/rpc/coverage/lcov-report/prettify.js:615:4 lint/correctness/noInnerDeclarations ━━━━━━━━━━━

  × This var should be declared at the root of the enclosing function.
  
    613 │ 		Y = ar;
    614 │ 		for (aq = ar = 0; aq < Y; ) {
  > 615 │ 			var at = X[aq];
        │ 			^^^^^^^^^^^^^^
    616 │ 			var ab = X[aq + 1];
    617 │ 			var W = aq + 2;
  
  i The var is accessible in the whole body of the enclosing function.
    To avoid confusion, it should be declared at the root of the enclosing function.
  

packages/rpc/coverage/lcov-report/prettify.js:616:4 lint/correctness/noInnerDeclarations ━━━━━━━━━━━

  × This var should be declared at the root of the enclosing function.
  
    614 │ 		for (aq = ar = 0; aq < Y; ) {
    615 │ 			var at = X[aq];
  > 616 │ 			var ab = X[aq + 1];
        │ 			^^^^^^^^^^^^^^^^^^
    617 │ 			var W = aq + 2;
    618 │ 			while (W + 2 <= Y && X[W + 1] === ab) {
  
  i The var is accessible in the whole body of the enclosing function.
    To avoid confusion, it should be declared at the root of the enclosing function.
  

packages/rpc/coverage/lcov-report/prettify.js:617:4 lint/correctness/noInnerDeclarations ━━━━━━━━━━━

  × This var should be declared at the root of the enclosing function.
  
    615 │ 			var at = X[aq];
    616 │ 			var ab = X[aq + 1];
  > 617 │ 			var W = aq + 2;
        │ 			^^^^^^^^^^^^^^
    618 │ 			while (W + 2 <= Y && X[W + 1] === ab) {
    619 │ 				W += 2;
  
  i The var is accessible in the whole body of the enclosing function.
    To avoid confusion, it should be declared at the root of the enclosing function.
  

packages/rpc/coverage/lcov-report/prettify.js:628:4 lint/correctness/noInnerDeclarations ━━━━━━━━━━━

  × This var should be declared at the root of the enclosing function.
  
    626 │ 		var ae = null;
    627 │ 		while (ah < T) {
  > 628 │ 			var af = aa[ah];
        │ 			^^^^^^^^^^^^^^^
    629 │ 			var S = aa[ah + 2] || an;
    630 │ 			var ag = X[Z];
  
  i The var is accessible in the whole body of the enclosing function.
    To avoid confusion, it should be declared at the root of the enclosing function.
  

packages/rpc/coverage/lcov-report/prettify.js:629:4 lint/correctness/noInnerDeclarations ━━━━━━━━━━━

  × This var should be declared at the root of the enclosing function.
  
    627 │ 		while (ah < T) {
    628 │ 			var af = aa[ah];
  > 629 │ 			var S = aa[ah + 2] || an;
        │ 			^^^^^^^^^^^^^^^^^^^^^^^^
    630 │ 			var ag = X[Z];
    631 │ 			var ap = X[Z + 2] || an;
  
  i The var is accessible in the whole body of the enclosing function.
    To avoid confusion, it should be declared at the root of the enclosing function.
  

packages/rpc/coverage/lcov-report/prettify.js:630:4 lint/correctness/noInnerDeclarations ━━━━━━━━━━━

  × This var should be declared at the root of the enclosing function.
  
    628 │ 			var af = aa[ah];
    629 │ 			var S = aa[ah + 2] || an;
  > 630 │ 			var ag = X[Z];
        │ 			^^^^^^^^^^^^^
    631 │ 			var ap = X[Z + 2] || an;
    632 │ 			var W = Math.min(S, ap);
  
  i The var is accessible in the whole body of the enclosing function.
    To avoid confusion, it should be declared at the root of the enclosing function.
  

packages/rpc/coverage/lcov-report/prettify.js:631:4 lint/correctness/noInnerDeclarations ━━━━━━━━━━━

  × This var should be declared at the root of the enclosing function.
  
    629 │ 			var S = aa[ah + 2] || an;
    630 │ 			var ag = X[Z];
  > 631 │ 			var ap = X[Z + 2] || an;
        │ 			^^^^^^^^^^^^^^^^^^^^^^^
    632 │ 			var W = Math.min(S, ap);
    633 │ 			var ak = aa[ah + 1];
  
  i The var is accessible in the whole body of the enclosing function.
    To avoid confusion, it should be declared at the root of the enclosing function.
  

packages/rpc/coverage/lcov-report/prettify.js:632:4 lint/correctness/noInnerDeclarations ━━━━━━━━━━━

  × This var should be declared at the root of the enclosing function.
  
    630 │ 			var ag = X[Z];
    631 │ 			var ap = X[Z + 2] || an;
  > 632 │ 			var W = Math.min(S, ap);
        │ 			^^^^^^^^^^^^^^^^^^^^^^^
    633 │ 			var ak = aa[ah + 1];
    634 │ 			var U;
  
  i The var is accessible in the whole body of the enclosing function.
    To avoid confusion, it should be declared at the root of the enclosing function.
  

packages/rpc/coverage/lcov-report/prettify.js:633:4 lint/correctness/noInnerDeclarations ━━━━━━━━━━━

  × This var should be declared at the root of the enclosing function.
  
    631 │ 			var ap = X[Z + 2] || an;
    632 │ 			var W = Math.min(S, ap);
  > 633 │ 			var ak = aa[ah + 1];
        │ 			^^^^^^^^^^^^^^^^^^^
    634 │ 			var U;
    635 │ 			if (ak.nodeType !== 1 && (U = al.substring(V, W))) {
  
  i The var is accessible in the whole body of the enclosing function.
    To avoid confusion, it should be declared at the root of the enclosing function.
  

packages/rpc/coverage/lcov-report/prettify.js:634:4 lint/correctness/noInnerDeclarations ━━━━━━━━━━━

  × This var should be declared at the root of the enclosing function.
  
    632 │ 			var W = Math.min(S, ap);
    633 │ 			var ak = aa[ah + 1];
  > 634 │ 			var U;
        │ 			^^^^^
    635 │ 			if (ak.nodeType !== 1 && (U = al.substring(V, W))) {
    636 │ 				if (aj) {
  
  i The var is accessible in the whole body of the enclosing function.
    To avoid confusion, it should be declared at the root of the enclosing function.
  

packages/rpc/coverage/lcov-report/prettify.js:635:30 lint/suspicious/noAssignInExpressions ━━━━━━━━━━

  × The assignment should not be in an expression.
  
    633 │ 			var ak = aa[ah + 1];
    634 │ 			var U;
  > 635 │ 			if (ak.nodeType !== 1 && (U = al.substring(V, W))) {
        │ 			                          ^^^^^^^^^^^^^^^^^^^^^^
    636 │ 				if (aj) {
    637 │ 					U = U.replace(am, "\r");
  
  i The use of assignments in expressions is confusing.
    Expressions are often considered as side-effect free.
  

packages/rpc/coverage/lcov-report/prettify.js:640:5 lint/correctness/noInnerDeclarations ━━━━━━━━━━━

  × This var should be declared at the root of the enclosing function.
  
    638 │ 				}
    639 │ 				ak.nodeValue = U;
  > 640 │ 				var ai = ak.ownerDocument;
        │ 				^^^^^^^^^^^^^^^^^^^^^^^^^
    641 │ 				var ao = ai.createElement("SPAN");
    642 │ 				ao.className = X[Z + 1];
  
  i The var is accessible in the whole body of the enclosing function.
    To avoid confusion, it should be declared at the root of the enclosing function.
  

packages/rpc/coverage/lcov-report/prettify.js:641:5 lint/correctness/noInnerDeclarations ━━━━━━━━━━━

  × This var should be declared at the root of the enclosing function.
  
    639 │ 				ak.nodeValue = U;
    640 │ 				var ai = ak.ownerDocument;
  > 641 │ 				var ao = ai.createElement("SPAN");
        │ 				^^^^^^^^^^^^^^^^^^^^^^^^^^^^^^^^^
    642 │ 				ao.className = X[Z + 1];
    643 │ 				var ad = ak.parentNode;
  
  i The var is accessible in the whole body of the enclosing function.
    To avoid confusion, it should be declared at the root of the enclosing function.
  

packages/rpc/coverage/lcov-report/prettify.js:643:5 lint/correctness/noInnerDeclarations ━━━━━━━━━━━

  × This var should be declared at the root of the enclosing function.
  
    641 │ 				var ao = ai.createElement("SPAN");
    642 │ 				ao.className = X[Z + 1];
  > 643 │ 				var ad = ak.parentNode;
        │ 				^^^^^^^^^^^^^^^^^^^^^^
    644 │ 				ad.replaceChild(ao, ak);
    645 │ 				ao.appendChild(ak);
  
  i The var is accessible in the whole body of the enclosing function.
    To avoid confusion, it should be declared at the root of the enclosing function.
  

packages/rpc/coverage/lcov-report/prettify.js:662:8 lint/correctness/noInnerDeclarations ━━━━━━━━━━━

  × This var should be declared at the root of the enclosing function.
  
    660 │ 	var t = {};
    661 │ 	function c(U, V) {
  > 662 │ 		for (var S = V.length; --S >= 0; ) {
        │ 		     ^^^^^^^^^^^^^^^^
    663 │ 			var T = V[S];
    664 │ 			if (Object.hasOwn(t, T)) {
  
  i The var is accessible in the whole body of the enclosing function.
    To avoid confusion, it should be declared at the root of the enclosing function.
  

packages/rpc/coverage/lcov-report/prettify.js:663:4 lint/correctness/noInnerDeclarations ━━━━━━━━━━━

  × This var should be declared at the root of the enclosing function.
  
    661 │ 	function c(U, V) {
    662 │ 		for (var S = V.length; --S >= 0; ) {
  > 663 │ 			var T = V[S];
        │ 			^^^^^^^^^^^^
    664 │ 			if (Object.hasOwn(t, T)) {
    665 │ 				if (window.console) {
  
  i The var is accessible in the whole body of the enclosing function.
    To avoid confusion, it should be declared at the root of the enclosing function.
  

packages/rpc/coverage/lcov-report/prettify.js:675:8 lint/performance/useTopLevelRegex ━━━━━━━━━━━━━━

  × This regex literal is not defined in the top level scope. This can lead to performance issues if this function is called frequently.
  
    673 │ 	function q(T, S) {
    674 │ 		if (!(T && Object.hasOwn(t, T))) {
  > 675 │ 			T = /^\s*</.test(S) ? "default-markup" : "default-code";
        │ 			    ^^^^^^^
    676 │ 		}
    677 │ 		return t[T];
  
  i Move the regex literal outside of this scope, and place it at the top level of this module, as a constant.
  

packages/rpc/coverage/lcov-report/prettify.js:684:9 lint/performance/useTopLevelRegex ━━━━━━━━━━━━━━

  × This regex literal is not defined in the top level scope. This can lead to performance issues if this function is called frequently.
  
    682 │ 			[],
    683 │ 			[
  > 684 │ 				[F, /^[^<?]+/],
        │ 				    ^^^^^^^^^
    685 │ 				[E, /^<!\w[^>]*(?:>|$)/],
    686 │ 				[j, /^<!--[\s\S]*?(?:-->|$)/],
  
  i Move the regex literal outside of this scope, and place it at the top level of this module, as a constant.
  

packages/rpc/coverage/lcov-report/prettify.js:685:9 lint/performance/useTopLevelRegex ━━━━━━━━━━━━━━

  × This regex literal is not defined in the top level scope. This can lead to performance issues if this function is called frequently.
  
    683 │ 			[
    684 │ 				[F, /^[^<?]+/],
  > 685 │ 				[E, /^<!\w[^>]*(?:>|$)/],
        │ 				    ^^^^^^^^^^^^^^^^^^^
    686 │ 				[j, /^<!--[\s\S]*?(?:-->|$)/],
    687 │ 				["lang-", /^<\?([\s\S]+?)(?:\?>|$)/],
  
  i Move the regex literal outside of this scope, and place it at the top level of this module, as a constant.
  

packages/rpc/coverage/lcov-report/prettify.js:686:9 lint/performance/useTopLevelRegex ━━━━━━━━━━━━━━

  × This regex literal is not defined in the top level scope. This can lead to performance issues if this function is called frequently.
  
    684 │ 				[F, /^[^<?]+/],
    685 │ 				[E, /^<!\w[^>]*(?:>|$)/],
  > 686 │ 				[j, /^<!--[\s\S]*?(?:-->|$)/],
        │ 				    ^^^^^^^^^^^^^^^^^^^^^^^^
    687 │ 				["lang-", /^<\?([\s\S]+?)(?:\?>|$)/],
    688 │ 				["lang-", /^<%([\s\S]+?)(?:%>|$)/],
  
  i Move the regex literal outside of this scope, and place it at the top level of this module, as a constant.
  

packages/rpc/coverage/lcov-report/prettify.js:687:15 lint/performance/useTopLevelRegex ━━━━━━━━━━━━━

  × This regex literal is not defined in the top level scope. This can lead to performance issues if this function is called frequently.
  
    685 │ 				[E, /^<!\w[^>]*(?:>|$)/],
    686 │ 				[j, /^<!--[\s\S]*?(?:-->|$)/],
  > 687 │ 				["lang-", /^<\?([\s\S]+?)(?:\?>|$)/],
        │ 				          ^^^^^^^^^^^^^^^^^^^^^^^^^
    688 │ 				["lang-", /^<%([\s\S]+?)(?:%>|$)/],
    689 │ 				[L, /^(?:<[%?]|[%?]>)/],
  
  i Move the regex literal outside of this scope, and place it at the top level of this module, as a constant.
  

packages/rpc/coverage/lcov-report/prettify.js:688:15 lint/performance/useTopLevelRegex ━━━━━━━━━━━━━

  × This regex literal is not defined in the top level scope. This can lead to performance issues if this function is called frequently.
  
    686 │ 				[j, /^<!--[\s\S]*?(?:-->|$)/],
    687 │ 				["lang-", /^<\?([\s\S]+?)(?:\?>|$)/],
  > 688 │ 				["lang-", /^<%([\s\S]+?)(?:%>|$)/],
        │ 				          ^^^^^^^^^^^^^^^^^^^^^^^
    689 │ 				[L, /^(?:<[%?]|[%?]>)/],
    690 │ 				["lang-", /^<xmp\b[^>]*>([\s\S]+?)<\/xmp\b[^>]*>/i],
  
  i Move the regex literal outside of this scope, and place it at the top level of this module, as a constant.
  

packages/rpc/coverage/lcov-report/prettify.js:689:9 lint/performance/useTopLevelRegex ━━━━━━━━━━━━━━

  × This regex literal is not defined in the top level scope. This can lead to performance issues if this function is called frequently.
  
    687 │ 				["lang-", /^<\?([\s\S]+?)(?:\?>|$)/],
    688 │ 				["lang-", /^<%([\s\S]+?)(?:%>|$)/],
  > 689 │ 				[L, /^(?:<[%?]|[%?]>)/],
        │ 				    ^^^^^^^^^^^^^^^^^^
    690 │ 				["lang-", /^<xmp\b[^>]*>([\s\S]+?)<\/xmp\b[^>]*>/i],
    691 │ 				["lang-js", /^<script\b[^>]*>([\s\S]*?)(<\/script\b[^>]*>)/i],
  
  i Move the regex literal outside of this scope, and place it at the top level of this module, as a constant.
  

packages/rpc/coverage/lcov-report/prettify.js:690:15 lint/performance/useTopLevelRegex ━━━━━━━━━━━━━

  × This regex literal is not defined in the top level scope. This can lead to performance issues if this function is called frequently.
  
    688 │ 				["lang-", /^<%([\s\S]+?)(?:%>|$)/],
    689 │ 				[L, /^(?:<[%?]|[%?]>)/],
  > 690 │ 				["lang-", /^<xmp\b[^>]*>([\s\S]+?)<\/xmp\b[^>]*>/i],
        │ 				          ^^^^^^^^^^^^^^^^^^^^^^^^^^^^^^^^^^^^^^^^
    691 │ 				["lang-js", /^<script\b[^>]*>([\s\S]*?)(<\/script\b[^>]*>)/i],
    692 │ 				["lang-css", /^<style\b[^>]*>([\s\S]*?)(<\/style\b[^>]*>)/i],
  
  i Move the regex literal outside of this scope, and place it at the top level of this module, as a constant.
  

packages/rpc/coverage/lcov-report/prettify.js:691:17 lint/performance/useTopLevelRegex ━━━━━━━━━━━━━

  × This regex literal is not defined in the top level scope. This can lead to performance issues if this function is called frequently.
  
    689 │ 				[L, /^(?:<[%?]|[%?]>)/],
    690 │ 				["lang-", /^<xmp\b[^>]*>([\s\S]+?)<\/xmp\b[^>]*>/i],
  > 691 │ 				["lang-js", /^<script\b[^>]*>([\s\S]*?)(<\/script\b[^>]*>)/i],
        │ 				            ^^^^^^^^^^^^^^^^^^^^^^^^^^^^^^^^^^^^^^^^^^^^^^^^
    692 │ 				["lang-css", /^<style\b[^>]*>([\s\S]*?)(<\/style\b[^>]*>)/i],
    693 │ 				["lang-in.tag", /^(<\/?[a-z][^<>]*>)/i],
  
  i Move the regex literal outside of this scope, and place it at the top level of this module, as a constant.
  

packages/rpc/coverage/lcov-report/prettify.js:692:18 lint/performance/useTopLevelRegex ━━━━━━━━━━━━━

  × This regex literal is not defined in the top level scope. This can lead to performance issues if this function is called frequently.
  
    690 │ 				["lang-", /^<xmp\b[^>]*>([\s\S]+?)<\/xmp\b[^>]*>/i],
    691 │ 				["lang-js", /^<script\b[^>]*>([\s\S]*?)(<\/script\b[^>]*>)/i],
  > 692 │ 				["lang-css", /^<style\b[^>]*>([\s\S]*?)(<\/style\b[^>]*>)/i],
        │ 				             ^^^^^^^^^^^^^^^^^^^^^^^^^^^^^^^^^^^^^^^^^^^^^^
    693 │ 				["lang-in.tag", /^(<\/?[a-z][^<>]*>)/i],
    694 │ 			],
  
  i Move the regex literal outside of this scope, and place it at the top level of this module, as a constant.
  

packages/rpc/coverage/lcov-report/prettify.js:693:21 lint/performance/useTopLevelRegex ━━━━━━━━━━━━━

  × This regex literal is not defined in the top level scope. This can lead to performance issues if this function is called frequently.
  
    691 │ 				["lang-js", /^<script\b[^>]*>([\s\S]*?)(<\/script\b[^>]*>)/i],
    692 │ 				["lang-css", /^<style\b[^>]*>([\s\S]*?)(<\/style\b[^>]*>)/i],
  > 693 │ 				["lang-in.tag", /^(<\/?[a-z][^<>]*>)/i],
        │ 				                ^^^^^^^^^^^^^^^^^^^^^^
    694 │ 			],
    695 │ 		),
  
  i Move the regex literal outside of this scope, and place it at the top level of this module, as a constant.
  

packages/rpc/coverage/lcov-report/prettify.js:701:9 lint/performance/useTopLevelRegex ━━━━━━━━━━━━━━

  × This regex literal is not defined in the top level scope. This can lead to performance issues if this function is called frequently.
  
    699 │ 		g(
    700 │ 			[
  > 701 │ 				[F, /^[\s]+/, null, " \t\r\n"],
        │ 				    ^^^^^^^^
    702 │ 				[n, /^(?:"[^"]*"?|'[^']*'?)/, null, "\"'"],
    703 │ 			],
  
  i Move the regex literal outside of this scope, and place it at the top level of this module, as a constant.
  

packages/rpc/coverage/lcov-report/prettify.js:702:9 lint/performance/useTopLevelRegex ━━━━━━━━━━━━━━

  × This regex literal is not defined in the top level scope. This can lead to performance issues if this function is called frequently.
  
    700 │ 			[
    701 │ 				[F, /^[\s]+/, null, " \t\r\n"],
  > 702 │ 				[n, /^(?:"[^"]*"?|'[^']*'?)/, null, "\"'"],
        │ 				    ^^^^^^^^^^^^^^^^^^^^^^^^
    703 │ 			],
    704 │ 			[
  
  i Move the regex literal outside of this scope, and place it at the top level of this module, as a constant.
  

packages/rpc/coverage/lcov-report/prettify.js:705:9 lint/performance/useTopLevelRegex ━━━━━━━━━━━━━━

  × This regex literal is not defined in the top level scope. This can lead to performance issues if this function is called frequently.
  
    703 │ 			],
    704 │ 			[
  > 705 │ 				[m, /^^<\/?[a-z](?:[\w.:-]*\w)?|\/?>$/i],
        │ 				    ^^^^^^^^^^^^^^^^^^^^^^^^^^^^^^^^^^^
    706 │ 				[P, /^(?!style[\s=]|on)[a-z](?:[\w:-]*\w)?/i],
    707 │ 				["lang-uq.val", /^=\s*([^>'"\s]*(?:[^>'"\s/]|\/(?=\s)))/],
  
  i Move the regex literal outside of this scope, and place it at the top level of this module, as a constant.
  

packages/rpc/coverage/lcov-report/prettify.js:706:9 lint/performance/useTopLevelRegex ━━━━━━━━━━━━━━

  × This regex literal is not defined in the top level scope. This can lead to performance issues if this function is called frequently.
  
    704 │ 			[
    705 │ 				[m, /^^<\/?[a-z](?:[\w.:-]*\w)?|\/?>$/i],
  > 706 │ 				[P, /^(?!style[\s=]|on)[a-z](?:[\w:-]*\w)?/i],
        │ 				    ^^^^^^^^^^^^^^^^^^^^^^^^^^^^^^^^^^^^^^^^
    707 │ 				["lang-uq.val", /^=\s*([^>'"\s]*(?:[^>'"\s/]|\/(?=\s)))/],
    708 │ 				[L, /^[=<>/]+/],
  
  i Move the regex literal outside of this scope, and place it at the top level of this module, as a constant.
  

packages/rpc/coverage/lcov-report/prettify.js:707:21 lint/performance/useTopLevelRegex ━━━━━━━━━━━━━

  × This regex literal is not defined in the top level scope. This can lead to performance issues if this function is called frequently.
  
    705 │ 				[m, /^^<\/?[a-z](?:[\w.:-]*\w)?|\/?>$/i],
    706 │ 				[P, /^(?!style[\s=]|on)[a-z](?:[\w:-]*\w)?/i],
  > 707 │ 				["lang-uq.val", /^=\s*([^>'"\s]*(?:[^>'"\s/]|\/(?=\s)))/],
        │ 				                ^^^^^^^^^^^^^^^^^^^^^^^^^^^^^^^^^^^^^^^^
    708 │ 				[L, /^[=<>/]+/],
    709 │ 				["lang-js", /^on\w+\s*=\s*"([^"]+)"/i],
  
  i Move the regex literal outside of this scope, and place it at the top level of this module, as a constant.
  

packages/rpc/coverage/lcov-report/prettify.js:708:9 lint/performance/useTopLevelRegex ━━━━━━━━━━━━━━

  × This regex literal is not defined in the top level scope. This can lead to performance issues if this function is called frequently.
  
    706 │ 				[P, /^(?!style[\s=]|on)[a-z](?:[\w:-]*\w)?/i],
    707 │ 				["lang-uq.val", /^=\s*([^>'"\s]*(?:[^>'"\s/]|\/(?=\s)))/],
  > 708 │ 				[L, /^[=<>/]+/],
        │ 				    ^^^^^^^^^^
    709 │ 				["lang-js", /^on\w+\s*=\s*"([^"]+)"/i],
    710 │ 				["lang-js", /^on\w+\s*=\s*'([^']+)'/i],
  
  i Move the regex literal outside of this scope, and place it at the top level of this module, as a constant.
  

packages/rpc/coverage/lcov-report/prettify.js:709:17 lint/performance/useTopLevelRegex ━━━━━━━━━━━━━

  × This regex literal is not defined in the top level scope. This can lead to performance issues if this function is called frequently.
  
    707 │ 				["lang-uq.val", /^=\s*([^>'"\s]*(?:[^>'"\s/]|\/(?=\s)))/],
    708 │ 				[L, /^[=<>/]+/],
  > 709 │ 				["lang-js", /^on\w+\s*=\s*"([^"]+)"/i],
        │ 				            ^^^^^^^^^^^^^^^^^^^^^^^^^
    710 │ 				["lang-js", /^on\w+\s*=\s*'([^']+)'/i],
    711 │ 				["lang-js", /^on\w+\s*=\s*([^"'>\s]+)/i],
  
  i Move the regex literal outside of this scope, and place it at the top level of this module, as a constant.
  

packages/rpc/coverage/lcov-report/prettify.js:710:17 lint/performance/useTopLevelRegex ━━━━━━━━━━━━━

  × This regex literal is not defined in the top level scope. This can lead to performance issues if this function is called frequently.
  
    708 │ 				[L, /^[=<>/]+/],
    709 │ 				["lang-js", /^on\w+\s*=\s*"([^"]+)"/i],
  > 710 │ 				["lang-js", /^on\w+\s*=\s*'([^']+)'/i],
        │ 				            ^^^^^^^^^^^^^^^^^^^^^^^^^
    711 │ 				["lang-js", /^on\w+\s*=\s*([^"'>\s]+)/i],
    712 │ 				["lang-css", /^style\s*=\s*"([^"]+)"/i],
  
  i Move the regex literal outside of this scope, and place it at the top level of this module, as a constant.
  

packages/rpc/coverage/lcov-report/prettify.js:711:17 lint/performance/useTopLevelRegex ━━━━━━━━━━━━━

  × This regex literal is not defined in the top level scope. This can lead to performance issues if this function is called frequently.
  
    709 │ 				["lang-js", /^on\w+\s*=\s*"([^"]+)"/i],
    710 │ 				["lang-js", /^on\w+\s*=\s*'([^']+)'/i],
  > 711 │ 				["lang-js", /^on\w+\s*=\s*([^"'>\s]+)/i],
        │ 				            ^^^^^^^^^^^^^^^^^^^^^^^^^^^
    712 │ 				["lang-css", /^style\s*=\s*"([^"]+)"/i],
    713 │ 				["lang-css", /^style\s*=\s*'([^']+)'/i],
  
  i Move the regex literal outside of this scope, and place it at the top level of this module, as a constant.
  

packages/rpc/coverage/lcov-report/prettify.js:712:18 lint/performance/useTopLevelRegex ━━━━━━━━━━━━━

  × This regex literal is not defined in the top level scope. This can lead to performance issues if this function is called frequently.
  
    710 │ 				["lang-js", /^on\w+\s*=\s*'([^']+)'/i],
    711 │ 				["lang-js", /^on\w+\s*=\s*([^"'>\s]+)/i],
  > 712 │ 				["lang-css", /^style\s*=\s*"([^"]+)"/i],
        │ 				             ^^^^^^^^^^^^^^^^^^^^^^^^^
    713 │ 				["lang-css", /^style\s*=\s*'([^']+)'/i],
    714 │ 				["lang-css", /^style\s*=\s*([^"'>\s]+)/i],
  
  i Move the regex literal outside of this scope, and place it at the top level of this module, as a constant.
  

packages/rpc/coverage/lcov-report/prettify.js:713:18 lint/performance/useTopLevelRegex ━━━━━━━━━━━━━

  × This regex literal is not defined in the top level scope. This can lead to performance issues if this function is called frequently.
  
    711 │ 				["lang-js", /^on\w+\s*=\s*([^"'>\s]+)/i],
    712 │ 				["lang-css", /^style\s*=\s*"([^"]+)"/i],
  > 713 │ 				["lang-css", /^style\s*=\s*'([^']+)'/i],
        │ 				             ^^^^^^^^^^^^^^^^^^^^^^^^^
    714 │ 				["lang-css", /^style\s*=\s*([^"'>\s]+)/i],
    715 │ 			],
  
  i Move the regex literal outside of this scope, and place it at the top level of this module, as a constant.
  

packages/rpc/coverage/lcov-report/prettify.js:714:18 lint/performance/useTopLevelRegex ━━━━━━━━━━━━━

  × This regex literal is not defined in the top level scope. This can lead to performance issues if this function is called frequently.
  
    712 │ 				["lang-css", /^style\s*=\s*"([^"]+)"/i],
    713 │ 				["lang-css", /^style\s*=\s*'([^']+)'/i],
  > 714 │ 				["lang-css", /^style\s*=\s*([^"'>\s]+)/i],
        │ 				             ^^^^^^^^^^^^^^^^^^^^^^^^^^^
    715 │ 			],
    716 │ 		),
  
  i Move the regex literal outside of this scope, and place it at the top level of this module, as a constant.
  

packages/rpc/coverage/lcov-report/prettify.js:719:15 lint/performance/useTopLevelRegex ━━━━━━━━━━━━━

  × This regex literal is not defined in the top level scope. This can lead to performance issues if this function is called frequently.
  
    717 │ 		["in.tag"],
    718 │ 	);
  > 719 │ 	c(g([], [[n, /^[\s\S]+/]]), ["uq.val"]);
        │ 	             ^^^^^^^^^^
    720 │ 	c(i({ keywords: l, hashComments: true, cStyleComments: true, types: e }), [
    721 │ 		"c",
  
  i Move the regex literal outside of this scope, and place it at the top level of this module, as a constant.
  

packages/rpc/coverage/lcov-report/prettify.js:784:15 lint/performance/useTopLevelRegex ━━━━━━━━━━━━━

  × This regex literal is not defined in the top level scope. This can lead to performance issues if this function is called frequently.
  
    782 │ 		["coffee"],
    783 │ 	);
  > 784 │ 	c(g([], [[C, /^[\s\S]+/]]), ["regex"]);
        │ 	             ^^^^^^^^^^
    785 │ 	function d(V) {
    786 │ 		var U = V.langExtension;
  
  i Move the regex literal outside of this scope, and place it at the top level of this module, as a constant.
  

packages/rpc/coverage/lcov-report/prettify.js:788:4 lint/correctness/noInnerDeclarations ━━━━━━━━━━━

  × This var should be declared at the root of the enclosing function.
  
    786 │ 		var U = V.langExtension;
    787 │ 		try {
  > 788 │ 			var S = a(V.sourceNode);
        │ 			^^^^^^^^^^^^^^^^^^^^^^^
    789 │ 			var T = S.sourceCode;
    790 │ 			V.sourceCode = T;
  
  i The var is accessible in the whole body of the enclosing function.
    To avoid confusion, it should be declared at the root of the enclosing function.
  

packages/rpc/coverage/lcov-report/prettify.js:789:4 lint/correctness/noInnerDeclarations ━━━━━━━━━━━

  × This var should be declared at the root of the enclosing function.
  
    787 │ 		try {
    788 │ 			var S = a(V.sourceNode);
  > 789 │ 			var T = S.sourceCode;
        │ 			^^^^^^^^^^^^^^^^^^^^
    790 │ 			V.sourceCode = T;
    791 │ 			V.spans = S.spans;
  
  i The var is accessible in the whole body of the enclosing function.
    To avoid confusion, it should be declared at the root of the enclosing function.
  

packages/rpc/coverage/lcov-report/prettify.js:817:8 lint/correctness/noInnerDeclarations ━━━━━━━━━━━

  × This var should be declared at the root of the enclosing function.
  
    815 │ 		var ac = [Y("pre"), Y("code"), Y("xmp")];
    816 │ 		var T = [];
  > 817 │ 		for (var aa = 0; aa < ac.length; ++aa) {
        │ 		     ^^^^^^^^^^
    818 │ 			for (var Z = 0, V = ac[aa].length; Z < V; ++Z) {
    819 │ 				T.push(ac[aa][Z]);
  
  i The var is accessible in the whole body of the enclosing function.
    To avoid confusion, it should be declared at the root of the enclosing function.
  

packages/rpc/coverage/lcov-report/prettify.js:818:9 lint/correctness/noInnerDeclarations ━━━━━━━━━━━

  × This var should be declared at the root of the enclosing function.
  
    816 │ 		var T = [];
    817 │ 		for (var aa = 0; aa < ac.length; ++aa) {
  > 818 │ 			for (var Z = 0, V = ac[aa].length; Z < V; ++Z) {
        │ 			     ^^^^^^^^^^^^^^^^^^^^^^^^^^^^
    819 │ 				T.push(ac[aa][Z]);
    820 │ 			}
  
  i The var is accessible in the whole body of the enclosing function.
    To avoid confusion, it should be declared at the root of the enclosing function.
  

packages/rpc/coverage/lcov-report/prettify.js:834:12 lint/performance/useTopLevelRegex ━━━━━━━━━━━━━

  × This regex literal is not defined in the top level scope. This can lead to performance issues if this function is called frequently.
  
    832 │ 		var S;
    833 │ 		var ab = /\blang(?:uage)?-([\w.]+)(?!\S)/;
  > 834 │ 		var ae = /\bprettyprint\b/;
        │ 		         ^^^^^^^^^^^^^^^^^
    835 │ 		function U() {
    836 │ 			var ag = window.PR_SHOULD_USE_CONTINUATION
  
  i Move the regex literal outside of this scope, and place it at the top level of this module, as a constant.
  

packages/rpc/coverage/lcov-report/prettify.js:840:5 lint/correctness/noInnerDeclarations ━━━━━━━━━━━

  × This var should be declared at the root of the enclosing function.
  
    838 │ 				: Number.POSITIVE_INFINITY;
    839 │ 			for (; X < T.length && W.now() < ag; X++) {
  > 840 │ 				var aj = T[X];
        │ 				^^^^^^^^^^^^^
    841 │ 				var ai = aj.className;
    842 │ 				if (ai.indexOf("prettyprint") >= 0) {
  
  i The var is accessible in the whole body of the enclosing function.
    To avoid confusion, it should be declared at the root of the enclosing function.
  

packages/rpc/coverage/lcov-report/prettify.js:841:5 lint/correctness/noInnerDeclarations ━━━━━━━━━━━

  × This var should be declared at the root of the enclosing function.
  
    839 │ 			for (; X < T.length && W.now() < ag; X++) {
    840 │ 				var aj = T[X];
  > 841 │ 				var ai = aj.className;
        │ 				^^^^^^^^^^^^^^^^^^^^^
    842 │ 				if (ai.indexOf("prettyprint") >= 0) {
    843 │ 					var ah = ai.match(ab);
  
  i The var is accessible in the whole body of the enclosing function.
    To avoid confusion, it should be declared at the root of the enclosing function.
  

packages/rpc/coverage/lcov-report/prettify.js:843:6 lint/correctness/noInnerDeclarations ━━━━━━━━━━━

  × This var should be declared at the root of the enclosing function.
  
    841 │ 				var ai = aj.className;
    842 │ 				if (ai.indexOf("prettyprint") >= 0) {
  > 843 │ 					var ah = ai.match(ab);
        │ 					^^^^^^^^^^^^^^^^^^^^^
    844 │ 					var am;
    845 │ 					if (!ah && (am = o(aj)) && am.tagName === "CODE") {
  
  i The var is accessible in the whole body of the enclosing function.
    To avoid confusion, it should be declared at the root of the enclosing function.
  

packages/rpc/coverage/lcov-report/prettify.js:844:6 lint/correctness/noInnerDeclarations ━━━━━━━━━━━

  × This var should be declared at the root of the enclosing function.
  
    842 │ 				if (ai.indexOf("prettyprint") >= 0) {
    843 │ 					var ah = ai.match(ab);
  > 844 │ 					var am;
        │ 					^^^^^^
    845 │ 					if (!ah && (am = o(aj)) && am.tagName === "CODE") {
    846 │ 						ah = am.className.match(ab);
  
  i The var is accessible in the whole body of the enclosing function.
    To avoid confusion, it should be declared at the root of the enclosing function.
  

packages/rpc/coverage/lcov-report/prettify.js:845:18 lint/suspicious/noAssignInExpressions ━━━━━━━━━━

  × The assignment should not be in an expression.
  
    843 │ 					var ah = ai.match(ab);
    844 │ 					var am;
  > 845 │ 					if (!ah && (am = o(aj)) && am.tagName === "CODE") {
        │ 					            ^^^^^^^^^^
    846 │ 						ah = am.className.match(ab);
    847 │ 					}
  
  i The use of assignments in expressions is confusing.
    Expressions are often considered as side-effect free.
  

packages/rpc/coverage/lcov-report/prettify.js:851:6 lint/correctness/noInnerDeclarations ━━━━━━━━━━━

  × This var should be declared at the root of the enclosing function.
  
    849 │ 						ah = ah[1];
    850 │ 					}
  > 851 │ 					var al = false;
        │ 					^^^^^^^^^^^^^^
    852 │ 					for (var ak = aj.parentNode; ak; ak = ak.parentNode) {
    853 │ 						if (
  
  i The var is accessible in the whole body of the enclosing function.
    To avoid confusion, it should be declared at the root of the enclosing function.
  

packages/rpc/coverage/lcov-report/prettify.js:852:11 lint/correctness/noInnerDeclarations ━━━━━━━━━━

  × This var should be declared at the root of the enclosing function.
  
    850 │ 					}
    851 │ 					var al = false;
  > 852 │ 					for (var ak = aj.parentNode; ak; ak = ak.parentNode) {
        │ 					     ^^^^^^^^^^^^^^^^^^^^^^
    853 │ 						if (
    854 │ 							(ak.tagName === "pre" ||
  
  i The var is accessible in the whole body of the enclosing function.
    To avoid confusion, it should be declared at the root of the enclosing function.
  

packages/rpc/coverage/lcov-report/prettify.js:865:7 lint/correctness/noInnerDeclarations ━━━━━━━━━━━

  × This var should be declared at the root of the enclosing function.
  
    863 │ 					}
    864 │ 					if (!al) {
  > 865 │ 						var af = aj.className.match(/\blinenums\b(?::(\d+))?/);
        │ 						^^^^^^^^^^^^^^^^^^^^^^^^^^^^^^^^^^^^^^^^^^^^^^^^^^^^^^
    866 │ 						af = af ? (af[1] && af[1].length ? +af[1] : true) : false;
    867 │ 						if (af) {
  
  i The var is accessible in the whole body of the enclosing function.
    To avoid confusion, it should be declared at the root of the enclosing function.
  

packages/rpc/coverage/lcov-report/prettify.js:865:35 lint/performance/useTopLevelRegex ━━━━━━━━━━━━━

  × This regex literal is not defined in the top level scope. This can lead to performance issues if this function is called frequently.
  
    863 │ 					}
    864 │ 					if (!al) {
  > 865 │ 						var af = aj.className.match(/\blinenums\b(?::(\d+))?/);
        │ 						                            ^^^^^^^^^^^^^^^^^^^^^^^^^
    866 │ 						af = af ? (af[1] && af[1].length ? +af[1] : true) : false;
    867 │ 						if (af) {
  
  i Move the regex literal outside of this scope, and place it at the top level of this module, as a constant.
  

packages/rpc/coverage/lcov-report/prettify.js:866:27 lint/style/useExplicitLengthCheck  FIXABLE  ━━━━━━━━━━

  × Use .length > 0 when checking .length is not zero.
  
    864 │ 					if (!al) {
    865 │ 						var af = aj.className.match(/\blinenums\b(?::(\d+))?/);
  > 866 │ 						af = af ? (af[1] && af[1].length ? +af[1] : true) : false;
        │ 						                    ^^^^^^^^^^^^
    867 │ 						if (af) {
    868 │ 							Q(aj, af);
  
  i Unsafe fix: Replace .length with .length > 0
  
    866 │ → → → → → → af·=·af·?·(af[1]·&&·af[1].length·>·0?·+af[1]·:·true)·:·false;
        │                                              +++                         

packages/rpc/coverage/lcov-report/prettify.js:143:13 lint/suspicious/noRedeclare ━━━━━━━━━━━━━━━━━━━

  × Shouldn't redeclare 'ar'. Consider to delete it or rename it.
  
    141 │ 			var ai = [];
    142 │ 			var ap = [Number.NaN, Number.NaN];
  > 143 │ 			for (var ar = 0; ar < af.length; ++ar) {
        │ 			         ^^
    144 │ 				var at = af[ar];
    145 │ 				if (at[0] <= ap[1] + 1) {
  
  i 'ar' is defined here:
  
    114 │ 			var af = [];
    115 │ 			var ao = aq[0] === "^";
  > 116 │ 			for (var ar = ao ? 1 : 0, aj = aq.length; ar < aj; ++ar) {
        │ 			         ^^
    117 │ 				var ah = aq[ar];
    118 │ 				if (/\\[bdsw]/i.test(ah)) {
  

packages/rpc/coverage/lcov-report/prettify.js:156:13 lint/suspicious/noRedeclare ━━━━━━━━━━━━━━━━━━━

  × Shouldn't redeclare 'ar'. Consider to delete it or rename it.
  
    154 │ 			}
    155 │ 			an.push.apply(an, ak);
  > 156 │ 			for (var ar = 0; ar < ai.length; ++ar) {
        │ 			         ^^
    157 │ 				var at = ai[ar];
    158 │ 				an.push(T(at[0]));
  
  i 'ar' is defined here:
  
    114 │ 			var af = [];
    115 │ 			var ao = aq[0] === "^";
  > 116 │ 			for (var ar = ao ? 1 : 0, aj = aq.length; ar < aj; ++ar) {
        │ 			         ^^
    117 │ 				var ah = aq[ar];
    118 │ 				if (/\\[bdsw]/i.test(ah)) {
  

packages/rpc/coverage/lcov-report/prettify.js:157:9 lint/suspicious/noRedeclare ━━━━━━━━━━━━━━━━━━━━

  × Shouldn't redeclare 'at'. Consider to delete it or rename it.
  
    155 │ 			an.push.apply(an, ak);
    156 │ 			for (var ar = 0; ar < ai.length; ++ar) {
  > 157 │ 				var at = ai[ar];
        │ 				    ^^
    158 │ 				an.push(T(at[0]));
    159 │ 				if (at[1] > at[0]) {
  
  i 'at' is defined here:
  
    142 │ 			var ap = [Number.NaN, Number.NaN];
    143 │ 			for (var ar = 0; ar < af.length; ++ar) {
  > 144 │ 				var at = af[ar];
        │ 				    ^^
    145 │ 				if (at[0] <= ap[1] + 1) {
    146 │ 					ap[1] = Math.max(ap[1], at[1]);
  

packages/rpc/coverage/lcov-report/prettify.js:186:13 lint/suspicious/noRedeclare ━━━━━━━━━━━━━━━━━━━

  × Shouldn't redeclare 'ak'. Consider to delete it or rename it.
  
    184 │ 				}
    185 │ 			}
  > 186 │ 			for (var ak = 1; ak < an.length; ++ak) {
        │ 			         ^^
    187 │ 				if (an[ak] === -1) {
    188 │ 					an[ak] = ++ad;
  
  i 'ak' is defined here:
  
    173 │ 			var ah = aj.length;
    174 │ 			var an = [];
  > 175 │ 			for (var ak = 0, am = 0; ak < ah; ++ak) {
        │ 			         ^^
    176 │ 				var ag = aj[ak];
    177 │ 				if (ag === "(") {
  

packages/rpc/coverage/lcov-report/prettify.js:191:13 lint/suspicious/noRedeclare ━━━━━━━━━━━━━━━━━━━

  × Shouldn't redeclare 'ak'. Consider to delete it or rename it.
  
    189 │ 				}
    190 │ 			}
  > 191 │ 			for (var ak = 0, am = 0; ak < ah; ++ak) {
        │ 			         ^^
    192 │ 				var ag = aj[ak];
    193 │ 				if (ag === "(") {
  
  i 'ak' is defined here:
  
    173 │ 			var ah = aj.length;
    174 │ 			var an = [];
  > 175 │ 			for (var ak = 0, am = 0; ak < ah; ++ak) {
        │ 			         ^^
    176 │ 				var ag = aj[ak];
    177 │ 				if (ag === "(") {
  

packages/rpc/coverage/lcov-report/prettify.js:191:21 lint/suspicious/noRedeclare ━━━━━━━━━━━━━━━━━━━

  × Shouldn't redeclare 'am'. Consider to delete it or rename it.
  
    189 │ 				}
    190 │ 			}
  > 191 │ 			for (var ak = 0, am = 0; ak < ah; ++ak) {
        │ 			                 ^^
    192 │ 				var ag = aj[ak];
    193 │ 				if (ag === "(") {
  
  i 'am' is defined here:
  
    173 │ 			var ah = aj.length;
    174 │ 			var an = [];
  > 175 │ 			for (var ak = 0, am = 0; ak < ah; ++ak) {
        │ 			                 ^^
    176 │ 				var ag = aj[ak];
    177 │ 				if (ag === "(") {
  

packages/rpc/coverage/lcov-report/prettify.js:192:9 lint/suspicious/noRedeclare ━━━━━━━━━━━━━━━━━━━━

  × Shouldn't redeclare 'ag'. Consider to delete it or rename it.
  
    190 │ 			}
    191 │ 			for (var ak = 0, am = 0; ak < ah; ++ak) {
  > 192 │ 				var ag = aj[ak];
        │ 				    ^^
    193 │ 				if (ag === "(") {
    194 │ 					++am;
  
  i 'ag' is defined here:
  
    174 │ 			var an = [];
    175 │ 			for (var ak = 0, am = 0; ak < ah; ++ak) {
  > 176 │ 				var ag = aj[ak];
        │ 				    ^^
    177 │ 				if (ag === "(") {
    178 │ 					++am;
  

packages/rpc/coverage/lcov-report/prettify.js:200:9 lint/suspicious/noRedeclare ━━━━━━━━━━━━━━━━━━━━

  × Shouldn't redeclare 'af'. Consider to delete it or rename it.
  
    198 │ 				}
    199 │ 				elseif(ag.charAt(0) === "\\");
  > 200 │ 				var af = +ag.substring(1);
        │ 				    ^^
    201 │ 				if (af && af <= am) {
    202 │ 					aj[ak] = "\\" + an[am];
  
  i 'af' is defined here:
  
    179 │ 				}
    180 │ 				elseif(ag.charAt(0) === "\\");
  > 181 │ 				var af = +ag.substring(1);
        │ 				    ^^
    182 │ 				if (af && af <= am) {
    183 │ 					an[af] = -1;
  

packages/rpc/coverage/lcov-report/prettify.js:205:13 lint/suspicious/noRedeclare ━━━━━━━━━━━━━━━━━━━

  × Shouldn't redeclare 'ak'. Consider to delete it or rename it.
  
    203 │ 				}
    204 │ 			}
  > 205 │ 			for (var ak = 0, am = 0; ak < ah; ++ak) {
        │ 			         ^^
    206 │ 				if (aj[ak] === "^" && aj[ak + 1] !== "^") {
    207 │ 					aj[ak] = "";
  
  i 'ak' is defined here:
  
    173 │ 			var ah = aj.length;
    174 │ 			var an = [];
  > 175 │ 			for (var ak = 0, am = 0; ak < ah; ++ak) {
        │ 			         ^^
    176 │ 				var ag = aj[ak];
    177 │ 				if (ag === "(") {
  

packages/rpc/coverage/lcov-report/prettify.js:205:21 lint/suspicious/noRedeclare ━━━━━━━━━━━━━━━━━━━

  × Shouldn't redeclare 'am'. Consider to delete it or rename it.
  
    203 │ 				}
    204 │ 			}
  > 205 │ 			for (var ak = 0, am = 0; ak < ah; ++ak) {
        │ 			                 ^^
    206 │ 				if (aj[ak] === "^" && aj[ak + 1] !== "^") {
    207 │ 					aj[ak] = "";
  
  i 'am' is defined here:
  
    173 │ 			var ah = aj.length;
    174 │ 			var an = [];
  > 175 │ 			for (var ak = 0, am = 0; ak < ah; ++ak) {
        │ 			                 ^^
    176 │ 				var ag = aj[ak];
    177 │ 				if (ag === "(") {
  

packages/rpc/coverage/lcov-report/prettify.js:211:14 lint/suspicious/noRedeclare ━━━━━━━━━━━━━━━━━━━

  × Shouldn't redeclare 'ak'. Consider to delete it or rename it.
  
    209 │ 			}
    210 │ 			if (al.ignoreCase && S) {
  > 211 │ 				for (var ak = 0; ak < ah; ++ak) {
        │ 				         ^^
    212 │ 					var ag = aj[ak];
    213 │ 					var ai = ag.charAt(0);
  
  i 'ak' is defined here:
  
    173 │ 			var ah = aj.length;
    174 │ 			var an = [];
  > 175 │ 			for (var ak = 0, am = 0; ak < ah; ++ak) {
        │ 			         ^^
    176 │ 				var ag = aj[ak];
    177 │ 				if (ag === "(") {
  

packages/rpc/coverage/lcov-report/prettify.js:212:10 lint/suspicious/noRedeclare ━━━━━━━━━━━━━━━━━━━

  × Shouldn't redeclare 'ag'. Consider to delete it or rename it.
  
    210 │ 			if (al.ignoreCase && S) {
    211 │ 				for (var ak = 0; ak < ah; ++ak) {
  > 212 │ 					var ag = aj[ak];
        │ 					    ^^
    213 │ 					var ai = ag.charAt(0);
    214 │ 					if (ag.length >= 2 && ai === "[") {
  
  i 'ag' is defined here:
  
    174 │ 			var an = [];
    175 │ 			for (var ak = 0, am = 0; ak < ah; ++ak) {
  > 176 │ 				var ag = aj[ak];
        │ 				    ^^
    177 │ 				if (ag === "(") {
    178 │ 					++am;
  

packages/rpc/coverage/lcov-report/prettify.js:227:12 lint/suspicious/noRedeclare ━━━━━━━━━━━━━━━━━━━

  × Shouldn't redeclare 'V'. Consider to delete it or rename it.
  
    225 │ 		}
    226 │ 		var aa = [];
  > 227 │ 		for (var V = 0, U = Z.length; V < U; ++V) {
        │ 		         ^
    228 │ 			var ae = Z[V];
    229 │ 			if (ae.global || ae.multiline) {
  
  i 'V' is defined here:
  
    62 │ 		var S = false;
    63 │ 		var ac = false;
  > 64 │ 		for (var V = 0, U = Z.length; V < U; ++V) {
       │ 		         ^
    65 │ 			var ae = Z[V];
    66 │ 			if (ae.ignoreCase) {
  

packages/rpc/coverage/lcov-report/prettify.js:227:19 lint/suspicious/noRedeclare ━━━━━━━━━━━━━━━━━━━

  × Shouldn't redeclare 'U'. Consider to delete it or rename it.
  
    225 │ 		}
    226 │ 		var aa = [];
  > 227 │ 		for (var V = 0, U = Z.length; V < U; ++V) {
        │ 		                ^
    228 │ 			var ae = Z[V];
    229 │ 			if (ae.global || ae.multiline) {
  
  i 'U' is defined here:
  
    62 │ 		var S = false;
    63 │ 		var ac = false;
  > 64 │ 		for (var V = 0, U = Z.length; V < U; ++V) {
       │ 		                ^
    65 │ 			var ae = Z[V];
    66 │ 			if (ae.ignoreCase) {
  

packages/rpc/coverage/lcov-report/prettify.js:228:8 lint/suspicious/noRedeclare ━━━━━━━━━━━━━━━━━━━━

  × Shouldn't redeclare 'ae'. Consider to delete it or rename it.
  
    226 │ 		var aa = [];
    227 │ 		for (var V = 0, U = Z.length; V < U; ++V) {
  > 228 │ 			var ae = Z[V];
        │ 			    ^^
    229 │ 			if (ae.global || ae.multiline) {
    230 │ 				throw new Error("" + ae);
  
  i 'ae' is defined here:
  
    63 │ 		var ac = false;
    64 │ 		for (var V = 0, U = Z.length; V < U; ++V) {
  > 65 │ 			var ae = Z[V];
       │ 			    ^^
    66 │ 			if (ae.ignoreCase) {
    67 │ 				ac = true;
  

packages/rpc/coverage/lcov-report/prettify.js:581:12 lint/suspicious/noRedeclare ━━━━━━━━━━━━━━━━━━━

  × Shouldn't redeclare 'Y'. Consider to delete it or rename it.
  
    579 │ 		aa.className = "linenums";
    580 │ 		var X = Math.max(0, (ag - 1) | 0) || 0;
  > 581 │ 		for (var Y = 0, T = W.length; Y < T; ++Y) {
        │ 		         ^
    582 │ 			af = W[Y];
    583 │ 			af.className = "L" + ((Y + X) % 10);
  
  i 'Y' is defined here:
  
    570 │ 			W.push(ah);
    571 │ 		}
  > 572 │ 		for (var Y = 0; Y < W.length; ++Y) {
        │ 		         ^
    573 │ 			ae(W[Y]);
    574 │ 		}
  

packages/rpc/coverage/lcov-report/prettify.js:632:8 lint/suspicious/noRedeclare ━━━━━━━━━━━━━━━━━━━━

  × Shouldn't redeclare 'W'. Consider to delete it or rename it.
  
    630 │ 			var ag = X[Z];
    631 │ 			var ap = X[Z + 2] || an;
  > 632 │ 			var W = Math.min(S, ap);
        │ 			    ^
    633 │ 			var ak = aa[ah + 1];
    634 │ 			var U;
  
  i 'W' is defined here:
  
    615 │ 			var at = X[aq];
    616 │ 			var ab = X[aq + 1];
  > 617 │ 			var W = aq + 2;
        │ 			    ^
    618 │ 			while (W + 2 <= Y && X[W + 1] === ab) {
    619 │ 				W += 2;
  

packages/rpc/coverage/lcov-report/prettify.js:143:4 lint/style/useForOf ━━━━━━━━━━━━━━━━━━━━━━━━━━━━

  × Use for-of loop instead of a for loop.
  
    141 │ 			var ai = [];
    142 │ 			var ap = [Number.NaN, Number.NaN];
  > 143 │ 			for (var ar = 0; ar < af.length; ++ar) {
        │ 			^^^^^^^^^^^^^^^^^^^^^^^^^^^^^^^^^^^^^^^^
  > 144 │ 				var at = af[ar];
         ...
  > 149 │ 				}
  > 150 │ 			}
        │ 			^
    151 │ 			var an = ["["];
    152 │ 			if (ao) {
  

packages/rpc/coverage/lcov-report/prettify.js:300:8 lint/correctness/noInnerDeclarations ━━━━━━━━━━━

  × This var should be declared at the root of the enclosing function.
  
    298 │ 	function o(S) {
    299 │ 		var V;
  > 300 │ 		for (var U = S.firstChild; U; U = U.nextSibling) {
        │ 		     ^^^^^^^^^^^^^^^^^^^^
    301 │ 			var T = U.nodeType;
    302 │ 			V = T === 1 ? (V ? S : U) : T === 3 ? (v.test(U.nodeValue) ? S : V) : V;
  
  i The var is accessible in the whole body of the enclosing function.
    To avoid confusion, it should be declared at the root of the enclosing function.
  

packages/rpc/coverage/lcov-report/sorter.js:104:5 lint/style/noParameterAssign ━━━━━━━━━━━━━━━━━━━━━

  × Assigning a function parameter is confusing.
  
    102 │ 			sorter = (a, b) => {
    103 │ 				a = a.data[key];
  > 104 │ 				b = b.data[key];
        │ 				^
    105 │ 				return a < b ? -1 : a > b ? 1 : 0;
    106 │ 			},
  
  i The parameter is declared here:
  
    100 │ 	function sortByIndex(index, desc) {
    101 │ 		var key = cols[index].key,
  > 102 │ 			sorter = (a, b) => {
        │ 			             ^
    103 │ 				a = a.data[key];
    104 │ 				b = b.data[key];
  
  i Developers usually expect function parameters to be readonly. To align with this expectation, use a local variable instead.
  

packages/rpc/coverage/lcov-report/sorter.js:103:5 lint/style/noParameterAssign ━━━━━━━━━━━━━━━━━━━━━

  × Assigning a function parameter is confusing.
  
    101 │ 		var key = cols[index].key,
    102 │ 			sorter = (a, b) => {
  > 103 │ 				a = a.data[key];
        │ 				^
    104 │ 				b = b.data[key];
    105 │ 				return a < b ? -1 : a > b ? 1 : 0;
  
  i The parameter is declared here:
  
    100 │ 	function sortByIndex(index, desc) {
    101 │ 		var key = cols[index].key,
  > 102 │ 			sorter = (a, b) => {
        │ 			          ^
    103 │ 				a = a.data[key];
    104 │ 				b = b.data[key];
  
  i Developers usually expect function parameters to be readonly. To align with this expectation, use a local variable instead.
  

packages/rpc/coverage/lcov-report/sorter.js:3:2 lint/style/useSingleVarDeclarator  FIXABLE  ━━━━━━━━━━

  × Declare variables separately
  
    1 │ /* eslint-disable */
    2 │ var addSorting = (() => {
  > 3 │ 	var cols,
      │ 	^^^^^^^^^
  > 4 │ 		currentSort = {
  > 5 │ 			index: 0,
  > 6 │ 			desc: false,
  > 7 │ 		};
      │ 		^^
    8 │ 
    9 │ 	// returns the summary table element
  
  i Unsafe fix: Break out into multiple declarations
  
      1   1 │   /* eslint-disable */
      2   2 │   var addSorting = (() => {
      3     │ - → var·cols,
      4     │ - → → currentSort·=·{
          3 │ + → var·cols;
          4 │ + → var·currentSort·=·{
      5   5 │   			index: 0,
      6   6 │   			desc: false,
  

packages/rpc/coverage/lcov-report/sorter.js:49:3 lint/style/useSingleVarDeclarator  FIXABLE  ━━━━━━━━━━

  × Declare variables separately
  
    47 │ 	// loads all columns
    48 │ 	function loadColumns() {
  > 49 │ 		var colNodes = getTableHeader().querySelectorAll("th"),
       │ 		^^^^^^^^^^^^^^^^^^^^^^^^^^^^^^^^^^^^^^^^^^^^^^^^^^^^^^^
  > 50 │ 			colNode,
  > 51 │ 			cols = [],
  > 52 │ 			col,
  > 53 │ 			i;
       │ 			^^
    54 │ 
    55 │ 		for (i = 0; i < colNodes.length; i += 1) {
  
  i Unsafe fix: Break out into multiple declarations
  
     47  47 │   	// loads all columns
     48  48 │   	function loadColumns() {
     49     │ - → → var·colNodes·=·getTableHeader().querySelectorAll("th"),
     50     │ - → → → colNode,
     51     │ - → → → cols·=·[],
     52     │ - → → → col,
     53     │ - → → → i;
         49 │ + → → var·colNodes·=·getTableHeader().querySelectorAll("th");
         50 │ + → → var·colNode;
         51 │ + → → var·cols·=·[];
         52 │ + → → var·col;
         53 │ + → → var·i;
     54  54 │   
     55  55 │   		for (i = 0; i < colNodes.length; i += 1) {
  

packages/rpc/coverage/lcov-report/sorter.js:65:5 lint/style/useShorthandAssign  FIXABLE  ━━━━━━━━━━━

  × Assignment (=) can be replaced with operator assignment +=.
  
    63 │ 			if (col.sortable) {
    64 │ 				col.defaultDescSort = col.type === "number";
  > 65 │ 				colNode.innerHTML = colNode.innerHTML + '<span class="sorter"></span>';
       │ 				^^^^^^^^^^^^^^^^^^^^^^^^^^^^^^^^^^^^^^^^^^^^^^^^^^^^^^^^^^^^^^^^^^^^^^
    66 │ 			}
    67 │ 		}
  
  i Unsafe fix: Use += instead.
  
     63  63 │   			if (col.sortable) {
     64  64 │   				col.defaultDescSort = col.type === "number";
     65     │ - → → → → colNode.innerHTML·=·colNode.innerHTML·+·'<span·class="sorter"></span>';
         65 │ + → → → → colNode.innerHTML·+=·'<span·class="sorter"></span>';
     66  66 │   			}
     67  67 │   		}
  

packages/rpc/coverage/lcov-report/sorter.js:73:3 lint/style/useSingleVarDeclarator  FIXABLE  ━━━━━━━━━━

  × Declare variables separately
  
    71 │ 	// of data values keyed by column name
    72 │ 	function loadRowData(tableRow) {
  > 73 │ 		var tableCols = tableRow.querySelectorAll("td"),
       │ 		^^^^^^^^^^^^^^^^^^^^^^^^^^^^^^^^^^^^^^^^^^^^^^^^
  > 74 │ 			colNode,
  > 75 │ 			col,
  > 76 │ 			data = {},
  > 77 │ 			i,
  > 78 │ 			val;
       │ 			^^^^
    79 │ 		for (i = 0; i < tableCols.length; i += 1) {
    80 │ 			colNode = tableCols[i];
  
  i Unsafe fix: Break out into multiple declarations
  
     71  71 │   	// of data values keyed by column name
     72  72 │   	function loadRowData(tableRow) {
     73     │ - → → var·tableCols·=·tableRow.querySelectorAll("td"),
     74     │ - → → → colNode,
     75     │ - → → → col,
     76     │ - → → → data·=·{},
     77     │ - → → → i,
     78     │ - → → → val;
         73 │ + → → var·tableCols·=·tableRow.querySelectorAll("td");
         74 │ + → → var·colNode;
         75 │ + → → var·col;
         76 │ + → → var·data·=·{};
         77 │ + → → var·i;
         78 │ + → → var·val;
     79  79 │   		for (i = 0; i < tableCols.length; i += 1) {
     80  80 │   			colNode = tableCols[i];
  

packages/rpc/coverage/lcov-report/sorter.js:92:3 lint/style/useSingleVarDeclarator  FIXABLE  ━━━━━━━━━━

  × Declare variables separately
  
    90 │ 	// loads all row data
    91 │ 	function loadData() {
  > 92 │ 		var rows = getTableBody().querySelectorAll("tr"),
       │ 		^^^^^^^^^^^^^^^^^^^^^^^^^^^^^^^^^^^^^^^^^^^^^^^^^
  > 93 │ 			i;
       │ 			^^
    94 │ 
    95 │ 		for (i = 0; i < rows.length; i += 1) {
  
  i Unsafe fix: Break out into multiple declarations
  
     90  90 │   	// loads all row data
     91  91 │   	function loadData() {
     92     │ - → → var·rows·=·getTableBody().querySelectorAll("tr"),
     93     │ - → → → i;
         92 │ + → → var·rows·=·getTableBody().querySelectorAll("tr");
         93 │ + → → var·i;
     94  94 │   
     95  95 │   		for (i = 0; i < rows.length; i += 1) {
  

packages/rpc/coverage/lcov-report/sorter.js:101:3 lint/style/useSingleVarDeclarator  FIXABLE  ━━━━━━━━━━

  × Declare variables separately
  
     99 │ 	// sorts the table using the data for the ith column
    100 │ 	function sortByIndex(index, desc) {
  > 101 │ 		var key = cols[index].key,
        │ 		^^^^^^^^^^^^^^^^^^^^^^^^^^
  > 102 │ 			sorter = (a, b) => {
         ...
  > 110 │ 			rows = [],
  > 111 │ 			i;
        │ 			^^
    112 │ 
    113 │ 		if (desc) {
  
  i Unsafe fix: Break out into multiple declarations
  
     99  99 │   	// sorts the table using the data for the ith column
    100 100 │   	function sortByIndex(index, desc) {
    101     │ - → → var·key·=·cols[index].key,
    102     │ - → → → sorter·=·(a,·b)·=>·{
        101 │ + → → var·key·=·cols[index].key;
        102 │ + → → var·sorter·=·(a,·b)·=>·{
    103 103 │   				a = a.data[key];
    104 104 │   				b = b.data[key];
    105 105 │   				return a < b ? -1 : a > b ? 1 : 0;
    106     │ - → → → },
    107     │ - → → → finalSorter·=·sorter,
    108     │ - → → → tableBody·=·document.querySelector(".coverage-summary·tbody"),
    109     │ - → → → rowNodes·=·tableBody.querySelectorAll("tr"),
    110     │ - → → → rows·=·[],
    111     │ - → → → i;
        106 │ + → → → };
        107 │ + → → var·finalSorter·=·sorter;
        108 │ + → → var·tableBody·=·document.querySelector(".coverage-summary·tbody");
        109 │ + → → var·rowNodes·=·tableBody.querySelectorAll("tr");
        110 │ + → → var·rows·=·[];
        111 │ + → → var·i;
    112 112 │   
    113 113 │   		if (desc) {
  

packages/rpc/coverage/lcov-report/sorter.js:105:25 lint/style/noNestedTernary ━━━━━━━━━━━━━━━━━━━━━━

  × Do not nest ternary expressions.
  
    103 │ 				a = a.data[key];
    104 │ 				b = b.data[key];
  > 105 │ 				return a < b ? -1 : a > b ? 1 : 0;
        │ 				                    ^^^^^^^^^^^^^
    106 │ 			},
    107 │ 			finalSorter = sorter,
  
  i Nesting ternary expressions can make code more difficult to understand.
  
  i Convert nested ternary expression into if-else statements or separate the conditions to make the logic easier to understand.
  

packages/rpc/coverage/lcov-report/sorter.js:130:3 lint/style/useSingleVarDeclarator  FIXABLE  ━━━━━━━━━━

  × Declare variables separately
  
    128 │ 	// removes sort indicators for current column being sorted
    129 │ 	function removeSortIndicators() {
  > 130 │ 		var col = getNthColumn(currentSort.index),
        │ 		^^^^^^^^^^^^^^^^^^^^^^^^^^^^^^^^^^^^^^^^^^
  > 131 │ 			cls = col.className;
        │ 			^^^^^^^^^^^^^^^^^^^^
    132 │ 
    133 │ 		cls = cls.replace(/ sorted$/, "").replace(/ sorted-desc$/, "");
  
  i Unsafe fix: Break out into multiple declarations
  
    128 128 │   	// removes sort indicators for current column being sorted
    129 129 │   	function removeSortIndicators() {
    130     │ - → → var·col·=·getNthColumn(currentSort.index),
    131     │ - → → → cls·=·col.className;
        130 │ + → → var·col·=·getNthColumn(currentSort.index);
        131 │ + → → var·cls·=·col.className;
    132 132 │   
    133 133 │   		cls = cls.replace(/ sorted$/, "").replace(/ sorted-desc$/, "");
  

packages/rpc/coverage/lcov-report/sorter.js:133:21 lint/performance/useTopLevelRegex ━━━━━━━━━━━━━━━

  × This regex literal is not defined in the top level scope. This can lead to performance issues if this function is called frequently.
  
    131 │ 			cls = col.className;
    132 │ 
  > 133 │ 		cls = cls.replace(/ sorted$/, "").replace(/ sorted-desc$/, "");
        │ 		                  ^^^^^^^^^^
    134 │ 		col.className = cls;
    135 │ 	}
  
  i Move the regex literal outside of this scope, and place it at the top level of this module, as a constant.
  

packages/rpc/coverage/lcov-report/sorter.js:133:45 lint/performance/useTopLevelRegex ━━━━━━━━━━━━━━━

  × This regex literal is not defined in the top level scope. This can lead to performance issues if this function is called frequently.
  
    131 │ 			cls = col.className;
    132 │ 
  > 133 │ 		cls = cls.replace(/ sorted$/, "").replace(/ sorted-desc$/, "");
        │ 		                                          ^^^^^^^^^^^^^^^
    134 │ 		col.className = cls;
    135 │ 	}
  
  i Move the regex literal outside of this scope, and place it at the top level of this module, as a constant.
  

packages/rpc/coverage/lcov-report/sorter.js:144:3 lint/style/useSingleVarDeclarator  FIXABLE  ━━━━━━━━━━

  × Declare variables separately
  
    142 │ 	// adds event listeners for all sorter widgets
    143 │ 	function enableUI() {
  > 144 │ 		var i,
        │ 		^^^^^^
  > 145 │ 			el,
         ...
  > 160 │ 				};
  > 161 │ 			};
        │ 			^^
    162 │ 		for (i = 0; i < cols.length; i += 1) {
    163 │ 			if (cols[i].sortable) {
  
  i Unsafe fix: Break out into multiple declarations
  
    142 142 │   	// adds event listeners for all sorter widgets
    143 143 │   	function enableUI() {
    144     │ - → → var·i,
    145     │ - → → → el,
    146     │ - → → → ithSorter·=·function·ithSorter(i)·{
        144 │ + → → var·i;
        145 │ + → → var·el;
        146 │ + → → var·ithSorter·=·function·ithSorter(i)·{
    147 147 │   				var col = cols[i];
    148 148 │   
  

packages/rpc/coverage/lcov-report/sorter.js:51:4 lint/nursery/noShadow ━━━━━━━━━━━━━━━━━━━━━━━━━━━━━

  × This variable shadows another variable with the same name in the outer scope.
  
    49 │ 		var colNodes = getTableHeader().querySelectorAll("th"),
    50 │ 			colNode,
  > 51 │ 			cols = [],
       │ 			^^^^
    52 │ 			col,
    53 │ 			i;
  
  i This is the shadowed variable, which is now inaccessible in the inner scope.
  
    1 │ /* eslint-disable */
    2 │ var addSorting = (() => {
  > 3 │ 	var cols,
      │ 	    ^^^^
    4 │ 		currentSort = {
    5 │ 			index: 0,
  
  i Consider renaming this variable. It's easy to confuse the origin of variables if they share the same name.
  

packages/rpc/coverage/lcov-report/sorter.js:146:35 lint/nursery/noShadow ━━━━━━━━━━━━━━━━━━━━━━━━━━━

  × This variable shadows another variable with the same name in the outer scope.
  
    144 │ 		var i,
    145 │ 			el,
  > 146 │ 			ithSorter = function ithSorter(i) {
        │ 			                               ^
    147 │ 				var col = cols[i];
    148 │ 
  
  i This is the shadowed variable, which is now inaccessible in the inner scope.
  
    142 │ 	// adds event listeners for all sorter widgets
    143 │ 	function enableUI() {
  > 144 │ 		var i,
        │ 		    ^
    145 │ 			el,
    146 │ 			ithSorter = function ithSorter(i) {
  
  i Consider renaming this variable. It's easy to confuse the origin of variables if they share the same name.
  

packages/rpc/coverage/lcov-report/sorter.js:29:3 lint/style/useForOf ━━━━━━━━━━━━━━━━━━━━━━━━━━━━━━━

  × Use for-of loop instead of a for loop.
  
    27 │ 		const searchValue = document.getElementById("fileSearch").value;
    28 │ 		const rows = document.getElementsByTagName("tbody")[0].children;
  > 29 │ 		for (let i = 0; i < rows.length; i++) {
       │ 		^^^^^^^^^^^^^^^^^^^^^^^^^^^^^^^^^^^^^^^
  > 30 │ 			const row = rows[i];
        ...
  > 35 │ 			}
  > 36 │ 		}
       │ 		^
    37 │ 	}
    38 │ 
  

packages/rpc/coverage/sorter.js:3:2 lint/style/useSingleVarDeclarator  FIXABLE  ━━━━━━━━━━━━━━━━━━━━

  × Declare variables separately
  
    1 │ /* eslint-disable */
    2 │ var addSorting = (() => {
  > 3 │ 	var cols,
      │ 	^^^^^^^^^
  > 4 │ 		currentSort = {
  > 5 │ 			index: 0,
  > 6 │ 			desc: false,
  > 7 │ 		};
      │ 		^^
    8 │ 
    9 │ 	// returns the summary table element
  
  i Unsafe fix: Break out into multiple declarations
  
      1   1 │   /* eslint-disable */
      2   2 │   var addSorting = (() => {
      3     │ - → var·cols,
      4     │ - → → currentSort·=·{
          3 │ + → var·cols;
          4 │ + → var·currentSort·=·{
      5   5 │   			index: 0,
      6   6 │   			desc: false,
  

packages/rpc/coverage/sorter.js:49:3 lint/style/useSingleVarDeclarator  FIXABLE  ━━━━━━━━━━━━━━━━━━━

  × Declare variables separately
  
    47 │ 	// loads all columns
    48 │ 	function loadColumns() {
  > 49 │ 		var colNodes = getTableHeader().querySelectorAll("th"),
       │ 		^^^^^^^^^^^^^^^^^^^^^^^^^^^^^^^^^^^^^^^^^^^^^^^^^^^^^^^
  > 50 │ 			colNode,
  > 51 │ 			cols = [],
  > 52 │ 			col,
  > 53 │ 			i;
       │ 			^^
    54 │ 
    55 │ 		for (i = 0; i < colNodes.length; i += 1) {
  
  i Unsafe fix: Break out into multiple declarations
  
     47  47 │   	// loads all columns
     48  48 │   	function loadColumns() {
     49     │ - → → var·colNodes·=·getTableHeader().querySelectorAll("th"),
     50     │ - → → → colNode,
     51     │ - → → → cols·=·[],
     52     │ - → → → col,
     53     │ - → → → i;
         49 │ + → → var·colNodes·=·getTableHeader().querySelectorAll("th");
         50 │ + → → var·colNode;
         51 │ + → → var·cols·=·[];
         52 │ + → → var·col;
         53 │ + → → var·i;
     54  54 │   
     55  55 │   		for (i = 0; i < colNodes.length; i += 1) {
  

packages/rpc/coverage/sorter.js:65:5 lint/style/useShorthandAssign  FIXABLE  ━━━━━━━━━━━━━━━━━━━━━━━

  × Assignment (=) can be replaced with operator assignment +=.
  
    63 │ 			if (col.sortable) {
    64 │ 				col.defaultDescSort = col.type === "number";
  > 65 │ 				colNode.innerHTML = colNode.innerHTML + '<span class="sorter"></span>';
       │ 				^^^^^^^^^^^^^^^^^^^^^^^^^^^^^^^^^^^^^^^^^^^^^^^^^^^^^^^^^^^^^^^^^^^^^^
    66 │ 			}
    67 │ 		}
  
  i Unsafe fix: Use += instead.
  
     63  63 │   			if (col.sortable) {
     64  64 │   				col.defaultDescSort = col.type === "number";
     65     │ - → → → → colNode.innerHTML·=·colNode.innerHTML·+·'<span·class="sorter"></span>';
         65 │ + → → → → colNode.innerHTML·+=·'<span·class="sorter"></span>';
     66  66 │   			}
     67  67 │   		}
  

packages/rpc/coverage/sorter.js:73:3 lint/style/useSingleVarDeclarator  FIXABLE  ━━━━━━━━━━━━━━━━━━━

  × Declare variables separately
  
    71 │ 	// of data values keyed by column name
    72 │ 	function loadRowData(tableRow) {
  > 73 │ 		var tableCols = tableRow.querySelectorAll("td"),
       │ 		^^^^^^^^^^^^^^^^^^^^^^^^^^^^^^^^^^^^^^^^^^^^^^^^
  > 74 │ 			colNode,
  > 75 │ 			col,
  > 76 │ 			data = {},
  > 77 │ 			i,
  > 78 │ 			val;
       │ 			^^^^
    79 │ 		for (i = 0; i < tableCols.length; i += 1) {
    80 │ 			colNode = tableCols[i];
  
  i Unsafe fix: Break out into multiple declarations
  
     71  71 │   	// of data values keyed by column name
     72  72 │   	function loadRowData(tableRow) {
     73     │ - → → var·tableCols·=·tableRow.querySelectorAll("td"),
     74     │ - → → → colNode,
     75     │ - → → → col,
     76     │ - → → → data·=·{},
     77     │ - → → → i,
     78     │ - → → → val;
         73 │ + → → var·tableCols·=·tableRow.querySelectorAll("td");
         74 │ + → → var·colNode;
         75 │ + → → var·col;
         76 │ + → → var·data·=·{};
         77 │ + → → var·i;
         78 │ + → → var·val;
     79  79 │   		for (i = 0; i < tableCols.length; i += 1) {
     80  80 │   			colNode = tableCols[i];
  

packages/rpc/coverage/sorter.js:92:3 lint/style/useSingleVarDeclarator  FIXABLE  ━━━━━━━━━━━━━━━━━━━

  × Declare variables separately
  
    90 │ 	// loads all row data
    91 │ 	function loadData() {
  > 92 │ 		var rows = getTableBody().querySelectorAll("tr"),
       │ 		^^^^^^^^^^^^^^^^^^^^^^^^^^^^^^^^^^^^^^^^^^^^^^^^^
  > 93 │ 			i;
       │ 			^^
    94 │ 
    95 │ 		for (i = 0; i < rows.length; i += 1) {
  
  i Unsafe fix: Break out into multiple declarations
  
     90  90 │   	// loads all row data
     91  91 │   	function loadData() {
     92     │ - → → var·rows·=·getTableBody().querySelectorAll("tr"),
     93     │ - → → → i;
         92 │ + → → var·rows·=·getTableBody().querySelectorAll("tr");
         93 │ + → → var·i;
     94  94 │   
     95  95 │   		for (i = 0; i < rows.length; i += 1) {
  

packages/rpc/coverage/sorter.js:101:3 lint/style/useSingleVarDeclarator  FIXABLE  ━━━━━━━━━━━━━━━━━━

  × Declare variables separately
  
     99 │ 	// sorts the table using the data for the ith column
    100 │ 	function sortByIndex(index, desc) {
  > 101 │ 		var key = cols[index].key,
        │ 		^^^^^^^^^^^^^^^^^^^^^^^^^^
  > 102 │ 			sorter = (a, b) => {
         ...
  > 110 │ 			rows = [],
  > 111 │ 			i;
        │ 			^^
    112 │ 
    113 │ 		if (desc) {
  
  i Unsafe fix: Break out into multiple declarations
  
     99  99 │   	// sorts the table using the data for the ith column
    100 100 │   	function sortByIndex(index, desc) {
    101     │ - → → var·key·=·cols[index].key,
    102     │ - → → → sorter·=·(a,·b)·=>·{
        101 │ + → → var·key·=·cols[index].key;
        102 │ + → → var·sorter·=·(a,·b)·=>·{
    103 103 │   				a = a.data[key];
    104 104 │   				b = b.data[key];
    105 105 │   				return a < b ? -1 : a > b ? 1 : 0;
    106     │ - → → → },
    107     │ - → → → finalSorter·=·sorter,
    108     │ - → → → tableBody·=·document.querySelector(".coverage-summary·tbody"),
    109     │ - → → → rowNodes·=·tableBody.querySelectorAll("tr"),
    110     │ - → → → rows·=·[],
    111     │ - → → → i;
        106 │ + → → → };
        107 │ + → → var·finalSorter·=·sorter;
        108 │ + → → var·tableBody·=·document.querySelector(".coverage-summary·tbody");
        109 │ + → → var·rowNodes·=·tableBody.querySelectorAll("tr");
        110 │ + → → var·rows·=·[];
        111 │ + → → var·i;
    112 112 │   
    113 113 │   		if (desc) {
  

packages/rpc/coverage/sorter.js:105:25 lint/style/noNestedTernary ━━━━━━━━━━━━━━━━━━━━━━━━━━━━━━━━━━

  × Do not nest ternary expressions.
  
    103 │ 				a = a.data[key];
    104 │ 				b = b.data[key];
  > 105 │ 				return a < b ? -1 : a > b ? 1 : 0;
        │ 				                    ^^^^^^^^^^^^^
    106 │ 			},
    107 │ 			finalSorter = sorter,
  
  i Nesting ternary expressions can make code more difficult to understand.
  
  i Convert nested ternary expression into if-else statements or separate the conditions to make the logic easier to understand.
  

packages/rpc/coverage/sorter.js:130:3 lint/style/useSingleVarDeclarator  FIXABLE  ━━━━━━━━━━━━━━━━━━

  × Declare variables separately
  
    128 │ 	// removes sort indicators for current column being sorted
    129 │ 	function removeSortIndicators() {
  > 130 │ 		var col = getNthColumn(currentSort.index),
        │ 		^^^^^^^^^^^^^^^^^^^^^^^^^^^^^^^^^^^^^^^^^^
  > 131 │ 			cls = col.className;
        │ 			^^^^^^^^^^^^^^^^^^^^
    132 │ 
    133 │ 		cls = cls.replace(/ sorted$/, "").replace(/ sorted-desc$/, "");
  
  i Unsafe fix: Break out into multiple declarations
  
    128 128 │   	// removes sort indicators for current column being sorted
    129 129 │   	function removeSortIndicators() {
    130     │ - → → var·col·=·getNthColumn(currentSort.index),
    131     │ - → → → cls·=·col.className;
        130 │ + → → var·col·=·getNthColumn(currentSort.index);
        131 │ + → → var·cls·=·col.className;
    132 132 │   
    133 133 │   		cls = cls.replace(/ sorted$/, "").replace(/ sorted-desc$/, "");
  

packages/rpc/coverage/sorter.js:133:21 lint/performance/useTopLevelRegex ━━━━━━━━━━━━━━━━━━━━━━━━━━━

  × This regex literal is not defined in the top level scope. This can lead to performance issues if this function is called frequently.
  
    131 │ 			cls = col.className;
    132 │ 
  > 133 │ 		cls = cls.replace(/ sorted$/, "").replace(/ sorted-desc$/, "");
        │ 		                  ^^^^^^^^^^
    134 │ 		col.className = cls;
    135 │ 	}
  
  i Move the regex literal outside of this scope, and place it at the top level of this module, as a constant.
  

packages/rpc/coverage/sorter.js:133:45 lint/performance/useTopLevelRegex ━━━━━━━━━━━━━━━━━━━━━━━━━━━

  × This regex literal is not defined in the top level scope. This can lead to performance issues if this function is called frequently.
  
    131 │ 			cls = col.className;
    132 │ 
  > 133 │ 		cls = cls.replace(/ sorted$/, "").replace(/ sorted-desc$/, "");
        │ 		                                          ^^^^^^^^^^^^^^^
    134 │ 		col.className = cls;
    135 │ 	}
  
  i Move the regex literal outside of this scope, and place it at the top level of this module, as a constant.
  

packages/rpc/coverage/sorter.js:144:3 lint/style/useSingleVarDeclarator  FIXABLE  ━━━━━━━━━━━━━━━━━━

  × Declare variables separately
  
    142 │ 	// adds event listeners for all sorter widgets
    143 │ 	function enableUI() {
  > 144 │ 		var i,
        │ 		^^^^^^
  > 145 │ 			el,
         ...
  > 160 │ 				};
  > 161 │ 			};
        │ 			^^
    162 │ 		for (i = 0; i < cols.length; i += 1) {
    163 │ 			if (cols[i].sortable) {
  
  i Unsafe fix: Break out into multiple declarations
  
    142 142 │   	// adds event listeners for all sorter widgets
    143 143 │   	function enableUI() {
    144     │ - → → var·i,
    145     │ - → → → el,
    146     │ - → → → ithSorter·=·function·ithSorter(i)·{
        144 │ + → → var·i;
        145 │ + → → var·el;
        146 │ + → → var·ithSorter·=·function·ithSorter(i)·{
    147 147 │   				var col = cols[i];
    148 148 │   
  

packages/rpc/coverage/sorter.js:51:4 lint/nursery/noShadow ━━━━━━━━━━━━━━━━━━━━━━━━━━━━━━━━━━━━━━━━━

  × This variable shadows another variable with the same name in the outer scope.
  
    49 │ 		var colNodes = getTableHeader().querySelectorAll("th"),
    50 │ 			colNode,
  > 51 │ 			cols = [],
       │ 			^^^^
    52 │ 			col,
    53 │ 			i;
  
  i This is the shadowed variable, which is now inaccessible in the inner scope.
  
    1 │ /* eslint-disable */
    2 │ var addSorting = (() => {
  > 3 │ 	var cols,
      │ 	    ^^^^
    4 │ 		currentSort = {
    5 │ 			index: 0,
  
  i Consider renaming this variable. It's easy to confuse the origin of variables if they share the same name.
  

packages/rpc/coverage/sorter.js:146:35 lint/nursery/noShadow ━━━━━━━━━━━━━━━━━━━━━━━━━━━━━━━━━━━━━━━

  × This variable shadows another variable with the same name in the outer scope.
  
    144 │ 		var i,
    145 │ 			el,
  > 146 │ 			ithSorter = function ithSorter(i) {
        │ 			                               ^
    147 │ 				var col = cols[i];
    148 │ 
  
  i This is the shadowed variable, which is now inaccessible in the inner scope.
  
    142 │ 	// adds event listeners for all sorter widgets
    143 │ 	function enableUI() {
  > 144 │ 		var i,
        │ 		    ^
    145 │ 			el,
    146 │ 			ithSorter = function ithSorter(i) {
  
  i Consider renaming this variable. It's easy to confuse the origin of variables if they share the same name.
  

packages/rpc/coverage/sorter.js:29:3 lint/style/useForOf ━━━━━━━━━━━━━━━━━━━━━━━━━━━━━━━━━━━━━━━━━━━

  × Use for-of loop instead of a for loop.
  
    27 │ 		const searchValue = document.getElementById("fileSearch").value;
    28 │ 		const rows = document.getElementsByTagName("tbody")[0].children;
  > 29 │ 		for (let i = 0; i < rows.length; i++) {
       │ 		^^^^^^^^^^^^^^^^^^^^^^^^^^^^^^^^^^^^^^^
  > 30 │ 			const row = rows[i];
        ...
  > 35 │ 			}
  > 36 │ 		}
       │ 		^
    37 │ 	}
    38 │ 
  

packages/rpc/coverage/sorter.js:103:5 lint/style/noParameterAssign ━━━━━━━━━━━━━━━━━━━━━━━━━━━━━━━━━

  × Assigning a function parameter is confusing.
  
    101 │ 		var key = cols[index].key,
    102 │ 			sorter = (a, b) => {
  > 103 │ 				a = a.data[key];
        │ 				^
    104 │ 				b = b.data[key];
    105 │ 				return a < b ? -1 : a > b ? 1 : 0;
  
  i The parameter is declared here:
  
    100 │ 	function sortByIndex(index, desc) {
    101 │ 		var key = cols[index].key,
  > 102 │ 			sorter = (a, b) => {
        │ 			          ^
    103 │ 				a = a.data[key];
    104 │ 				b = b.data[key];
  
  i Developers usually expect function parameters to be readonly. To align with this expectation, use a local variable instead.
  

packages/rpc/coverage/sorter.js:104:5 lint/style/noParameterAssign ━━━━━━━━━━━━━━━━━━━━━━━━━━━━━━━━━

  × Assigning a function parameter is confusing.
  
    102 │ 			sorter = (a, b) => {
    103 │ 				a = a.data[key];
  > 104 │ 				b = b.data[key];
        │ 				^
    105 │ 				return a < b ? -1 : a > b ? 1 : 0;
    106 │ 			},
  
  i The parameter is declared here:
  
    100 │ 	function sortByIndex(index, desc) {
    101 │ 		var key = cols[index].key,
  > 102 │ 			sorter = (a, b) => {
        │ 			             ^
    103 │ 				a = a.data[key];
    104 │ 				b = b.data[key];
  
  i Developers usually expect function parameters to be readonly. To align with this expectation, use a local variable instead.
  

packages/rpc/src/index.test.ts:58:12 lint/suspicious/useAwait ━━━━━━━━━━━━━━━━━━━━━━━━━━━━━━━━━━━━━━

  × This async function lacks an await expression.
  
    56 │ 			};
    57 │ 			const implementation = {
  > 58 │ 				hello: async (input: { name: string }) => {
       │ 				       ^^^^^^^^^^^^^^^^^^^^^^^^^^^^^^^^^^^^
  > 59 │ 					return { message: `Hello, ${input.name}!` };
  > 60 │ 				},
       │ 				^
    61 │ 			};
    62 │ 
  
  i Remove this async modifier, or add an await expression in the function.
  
    56 │ 			};
    57 │ 			const implementation = {
  > 58 │ 				hello: async (input: { name: string }) => {
       │ 				       ^^^^^^^^^^^^^^^^^^^^^^^^^^^^^^^^^^^^
  > 59 │ 					return { message: `Hello, ${input.name}!` };
  > 60 │ 				},
       │ 				^
    61 │ 			};
    62 │ 
  
  i Async functions without await expressions may not need to be declared async.
  

packages/rpc/src/index.test.ts:29:12 lint/suspicious/useAwait ━━━━━━━━━━━━━━━━━━━━━━━━━━━━━━━━━━━━━━

  × This async function lacks an await expression.
  
    27 │ 			};
    28 │ 			const implementation = {
  > 29 │ 				hello: async (input: { name: string }) => {
       │ 				       ^^^^^^^^^^^^^^^^^^^^^^^^^^^^^^^^^^^^
  > 30 │ 					return { message: `Hello, ${input.name}!` };
  > 31 │ 				},
       │ 				^
    32 │ 			};
    33 │ 
  
  i Remove this async modifier, or add an await expression in the function.
  
    27 │ 			};
    28 │ 			const implementation = {
  > 29 │ 				hello: async (input: { name: string }) => {
       │ 				       ^^^^^^^^^^^^^^^^^^^^^^^^^^^^^^^^^^^^
  > 30 │ 					return { message: `Hello, ${input.name}!` };
  > 31 │ 				},
       │ 				^
    32 │ 			};
    33 │ 
  
  i Async functions without await expressions may not need to be declared async.
  

packages/rpc/src/index.ts:23:3 lint/style/useConsistentMemberAccessibility ━━━━━━━━━━━━━━━━━━━━━━━━━

  × The public modifier is disallowed.
  
    21 │ 	constructor(
    22 │ 		public serviceName: string,
  > 23 │ 		public methodName: string,
       │ 		^^^^^^
    24 │ 		public inner: Error & { type?: string; code?: string | number },
    25 │ 	) {
  
  i Remove the accessibility modifier.
  

packages/rpc/src/index.ts:23:3 lint/style/noParameterProperties ━━━━━━━━━━━━━━━━━━━━━━━━━━━━━━━━━━━━

  × Use a more explicit class property instead of a parameter property.
  
    21 │ 	constructor(
    22 │ 		public serviceName: string,
  > 23 │ 		public methodName: string,
       │ 		^^^^^^^^^^^^^^^^^^^^^^^^^
    24 │ 		public inner: Error & { type?: string; code?: string | number },
    25 │ 	) {
  
  i Parameter properties are less explicit than other ways of declaring and initializing class properties.
  

packages/rpc/src/index.ts:24:3 lint/style/noParameterProperties ━━━━━━━━━━━━━━━━━━━━━━━━━━━━━━━━━━━━

  × Use a more explicit class property instead of a parameter property.
  
    22 │ 		public serviceName: string,
    23 │ 		public methodName: string,
  > 24 │ 		public inner: Error & { type?: string; code?: string | number },
       │ 		^^^^^^^^^^^^^^^^^^^^^^^^^^^^^^^^^^^^^^^^^^^^^^^^^^^^^^^^^^^^^^^
    25 │ 	) {
    26 │ 		super(
  
  i Parameter properties are less explicit than other ways of declaring and initializing class properties.
  

packages/rpc/src/index.ts:24:3 lint/style/useConsistentMemberAccessibility ━━━━━━━━━━━━━━━━━━━━━━━━━

  × The public modifier is disallowed.
  
    22 │ 		public serviceName: string,
    23 │ 		public methodName: string,
  > 24 │ 		public inner: Error & { type?: string; code?: string | number },
       │ 		^^^^^^
    25 │ 	) {
    26 │ 		super(
  
  i Remove the accessibility modifier.
  

packages/rpc/src/index.ts:140:9 lint/suspicious/useAwait ━━━━━━━━━━━━━━━━━━━━━━━━━━━━━━━━━━━━━━━━━━━

  × This async function lacks an await expression.
  
    138 │ 	}
    139 │ 
  > 140 │ 	return async (req, res, next) => {
        │ 	       ^^^^^^^^^^^^^^^^^^^^^^^^^^^
  > 141 │ 		let handler: RequestHandler | undefined;
         ...
  > 155 │ 		handler(req, res, next);
  > 156 │ 	};
        │ 	^
    157 │ }
    158 │ 
  
  i Remove this async modifier, or add an await expression in the function.
  
    138 │ 	}
    139 │ 
  > 140 │ 	return async (req, res, next) => {
        │ 	       ^^^^^^^^^^^^^^^^^^^^^^^^^^^
  > 141 │ 		let handler: RequestHandler | undefined;
         ...
  > 155 │ 		handler(req, res, next);
  > 156 │ 	};
        │ 	^
    157 │ }
    158 │ 
  
  i Async functions without await expressions may not need to be declared async.
  

packages/rpc/src/index.ts:142:3 lint/style/useDefaultSwitchClause ━━━━━━━━━━━━━━━━━━━━━━━━━━━━━━━━━━

  × Expected a default switch clause.
  
    140 │ 	return async (req, res, next) => {
    141 │ 		let handler: RequestHandler | undefined;
  > 142 │ 		switch (req.method) {
        │ 		^^^^^^^^^^^^^^^^^^^^^
  > 143 │ 			case "GET":
         ...
  > 148 │ 				break;
  > 149 │ 		}
        │ 		^
    150 │ 
    151 │ 		if (!handler) {
  
  i The lack of a default clause can be a possible omission.
  
  i Consider adding a default clause.
  

packages/rpc/src/index.ts:2:8 lint/performance/noNamespaceImport ━━━━━━━━━━━━━━━━━━━━━━━━━━━━━━━━━━━

  × Avoid namespace imports, it can prevent efficient tree shaking and increase bundle size.
  
    1 │ import { randomBytes } from "node:crypto";
  > 2 │ import * as context from "@squaredmade/context";
      │        ^^^^^^^^^^^^^^^^^^^^^^^^^^^^^^^^^^^^^^^^
    3 │ import type { Logger } from "@squaredmade/logger";
    4 │ import superjson from "@squaredmade/superjson";
  
  i Use named imports instead.
  

packages/rpc/src/index.ts:18:8 lint/performance/noReExportAll ━━━━━━━━━━━━━━━━━━━━━━━━━━━━━━━━━━━━━━

  × Do not use export all ( export * from ... ).
  
    16 │ 	requestContexts,
    17 │ } from "./rpc-types";
  > 18 │ export * from "./rpc-types";
       │        ^^^^^^^^^^^^^^^^^^^^^
    19 │ 
    20 │ export class RpcError extends Error {
  
  i Use named export instead.
  

packages/rpc/src/index.ts:22:3 lint/style/noParameterProperties ━━━━━━━━━━━━━━━━━━━━━━━━━━━━━━━━━━━━

  × Use a more explicit class property instead of a parameter property.
  
    20 │ export class RpcError extends Error {
    21 │ 	constructor(
  > 22 │ 		public serviceName: string,
       │ 		^^^^^^^^^^^^^^^^^^^^^^^^^^
    23 │ 		public methodName: string,
    24 │ 		public inner: Error & { type?: string; code?: string | number },
  
  i Parameter properties are less explicit than other ways of declaring and initializing class properties.
  

packages/rpc/src/index.ts:22:3 lint/style/useConsistentMemberAccessibility ━━━━━━━━━━━━━━━━━━━━━━━━━

  × The public modifier is disallowed.
  
    20 │ export class RpcError extends Error {
    21 │ 	constructor(
  > 22 │ 		public serviceName: string,
       │ 		^^^^^^
    23 │ 		public methodName: string,
    24 │ 		public inner: Error & { type?: string; code?: string | number },
  
  i Remove the accessibility modifier.
  

packages/rpc/src/rpc-types.ts:49:3 lint/style/noParameterProperties ━━━━━━━━━━━━━━━━━━━━━━━━━━━━━━━━

  × Use a more explicit class property instead of a parameter property.
  
    47 │ 		public type: string,
    48 │ 		message: string,
  > 49 │ 		public params: { instancePath?: string; schemaPath?: string },
       │ 		^^^^^^^^^^^^^^^^^^^^^^^^^^^^^^^^^^^^^^^^^^^^^^^^^^^^^^^^^^^^^
    50 │ 	) {
    51 │ 		super(message);
  
  i Parameter properties are less explicit than other ways of declaring and initializing class properties.
  

packages/rpc/src/rpc-types.ts:49:3 lint/style/useConsistentMemberAccessibility ━━━━━━━━━━━━━━━━━━━━━

  × The public modifier is disallowed.
  
    47 │ 		public type: string,
    48 │ 		message: string,
  > 49 │ 		public params: { instancePath?: string; schemaPath?: string },
       │ 		^^^^^^
    50 │ 	) {
    51 │ 		super(message);
  
  i Remove the accessibility modifier.
  

packages/rpc/src/rpc-types.ts:126:30 lint/style/noProcessEnv ━━━━━━━━━━━━━━━━━━━━━━━━━━━━━━━━━━━━━━━

  × Don't use process.env.
  
    124 │ 	const {
    125 │ 		logger,
  > 126 │ 		strictResponseValidation = process.env.NODE_ENV !== "production",
        │ 		                           ^^^^^^^^^^^
    127 │ 	} = serviceMeta;
    128 │ 
  
  i Use a centralized configuration file instead for better maintainability and deployment consistency.
  

packages/rpc/src/rpc-types.ts:47:3 lint/style/noParameterProperties ━━━━━━━━━━━━━━━━━━━━━━━━━━━━━━━━

  × Use a more explicit class property instead of a parameter property.
  
    45 │ 	constructor(
    46 │ 		public code: string,
  > 47 │ 		public type: string,
       │ 		^^^^^^^^^^^^^^^^^^^
    48 │ 		message: string,
    49 │ 		public params: { instancePath?: string; schemaPath?: string },
  
  i Parameter properties are less explicit than other ways of declaring and initializing class properties.
  

packages/rpc/src/rpc-types.ts:46:3 lint/style/useConsistentMemberAccessibility ━━━━━━━━━━━━━━━━━━━━━

  × The public modifier is disallowed.
  
    44 │ export class ValidationError extends Error {
    45 │ 	constructor(
  > 46 │ 		public code: string,
       │ 		^^^^^^
    47 │ 		public type: string,
    48 │ 		message: string,
  
  i Remove the accessibility modifier.
  

packages/rpc/src/rpc-types.ts:46:3 lint/style/noParameterProperties ━━━━━━━━━━━━━━━━━━━━━━━━━━━━━━━━

  × Use a more explicit class property instead of a parameter property.
  
    44 │ export class ValidationError extends Error {
    45 │ 	constructor(
  > 46 │ 		public code: string,
       │ 		^^^^^^^^^^^^^^^^^^^
    47 │ 		public type: string,
    48 │ 		message: string,
  
  i Parameter properties are less explicit than other ways of declaring and initializing class properties.
  

packages/rpc/src/rpc-types.ts:47:3 lint/style/useConsistentMemberAccessibility ━━━━━━━━━━━━━━━━━━━━━

  × The public modifier is disallowed.
  
    45 │ 	constructor(
    46 │ 		public code: string,
  > 47 │ 		public type: string,
       │ 		^^^^^^
    48 │ 		message: string,
    49 │ 		public params: { instancePath?: string; schemaPath?: string },
  
  i Remove the accessibility modifier.
  

packages/rpc/src/schema.test.ts:138:12 lint/suspicious/useAwait ━━━━━━━━━━━━━━━━━━━━━━━━━━━━━━━━━━━━

  × This async function lacks an await expression.
  
    136 │ 			// Mock service implementation
    137 │ 			const service = {
  > 138 │ 				hello: async (input: { name: string }) => {
        │ 				       ^^^^^^^^^^^^^^^^^^^^^^^^^^^^^^^^^^^^
  > 139 │ 					return { greeting: `Hello, ${input.name}!` };
  > 140 │ 				},
        │ 				^
    141 │ 			};
    142 │ 
  
  i Remove this async modifier, or add an await expression in the function.
  
    136 │ 			// Mock service implementation
    137 │ 			const service = {
  > 138 │ 				hello: async (input: { name: string }) => {
        │ 				       ^^^^^^^^^^^^^^^^^^^^^^^^^^^^^^^^^^^^
  > 139 │ 					return { greeting: `Hello, ${input.name}!` };
  > 140 │ 				},
        │ 				^
    141 │ 			};
    142 │ 
  
  i Async functions without await expressions may not need to be declared async.
  

packages/rpc/src/schema.test.ts:138:19 lint/nursery/noShadow ━━━━━━━━━━━━━━━━━━━━━━━━━━━━━━━━━━━━━━━

  × This variable shadows another variable with the same name in the outer scope.
  
    136 │ 			// Mock service implementation
    137 │ 			const service = {
  > 138 │ 				hello: async (input: { name: string }) => {
        │ 				              ^^^^^
    139 │ 					return { greeting: `Hello, ${input.name}!` };
    140 │ 				},
  
  i This is the shadowed variable, which is now inaccessible in the inner scope.
  
    165 │ 			// Test implementation function
  > 166 │ 			const input = { name: "John" };
        │ 			      ^^^^^
    167 │ 			return serviceSet.implementation.hello(input).then((result) => {
    168 │ 				expect(result).toEqual({ greeting: "Hello, John!" });
  
  i Consider renaming this variable. It's easy to confuse the origin of variables if they share the same name.
  

packages/rpc/src/schema.test.ts:175:15 lint/suspicious/useAwait ━━━━━━━━━━━━━━━━━━━━━━━━━━━━━━━━━━━━

  × This async function lacks an await expression.
  
    173 │ 			// Mock service implementation
    174 │ 			const service = {
  > 175 │ 				checkAge: async (input: { age: number }) => {
        │ 				          ^^^^^^^^^^^^^^^^^^^^^^^^^^^^^^^^^^^
  > 176 │ 					return { allowed: input.age >= 18 };
  > 177 │ 				},
        │ 				^
    178 │ 			};
    179 │ 
  
  i Remove this async modifier, or add an await expression in the function.
  
    173 │ 			// Mock service implementation
    174 │ 			const service = {
  > 175 │ 				checkAge: async (input: { age: number }) => {
        │ 				          ^^^^^^^^^^^^^^^^^^^^^^^^^^^^^^^^^^^
  > 176 │ 					return { allowed: input.age >= 18 };
  > 177 │ 				},
        │ 				^
    178 │ 			};
    179 │ 
  
  i Async functions without await expressions may not need to be declared async.
  

packages/seed/src/docker-restore.ts:28:4 lint/nursery/noAwaitInLoop ━━━━━━━━━━━━━━━━━━━━━━━━━━━━━━━━

  × Avoid using await inside loops.
  
    26 │ 			});
    27 │ 
  > 28 │ 			await client.connect();
       │ 			^^^^^^^^^^^^^^^^^^^^^^
    29 │ 			await client.query("SELECT 1");
    30 │ 			await client.end();
  
  i Using await inside loops might cause performance issues or unintended sequential execution, consider use Promise.all() instead.
  

packages/seed/src/docker-restore.ts:12:21 lint/style/noProcessEnv ━━━━━━━━━━━━━━━━━━━━━━━━━━━━━━━━━━

  × Don't use process.env.
  
    10 │ const logger = createCustomLogger("docker-restore");
    11 │ 
  > 12 │ const remoteDbUrl = process.env.REMOTE_DATABASE_URL;
       │                     ^^^^^^^^^^^
    13 │ const localDbUrl =
    14 │ 	process.env.DATABASE_URL ||
  
  i Use a centralized configuration file instead for better maintainability and deployment consistency.
  

packages/seed/src/docker-restore.ts:14:2 lint/style/noProcessEnv ━━━━━━━━━━━━━━━━━━━━━━━━━━━━━━━━━━━

  × Don't use process.env.
  
    12 │ const remoteDbUrl = process.env.REMOTE_DATABASE_URL;
    13 │ const localDbUrl =
  > 14 │ 	process.env.DATABASE_URL ||
       │ 	^^^^^^^^^^^
    15 │ 	"postgres://postgres:postgres@localhost:5432/squared-test";
    16 │ 
  
  i Use a centralized configuration file instead for better maintainability and deployment consistency.
  

packages/seed/src/index.ts:78:4 lint/nursery/noAwaitInLoop ━━━━━━━━━━━━━━━━━━━━━━━━━━━━━━━━━━━━━━━━━

  × Avoid using await inside loops.
  
    76 │ 			});
    77 │ 
  > 78 │ 			await client.connect();
       │ 			^^^^^^^^^^^^^^^^^^^^^^
    79 │ 			await client.query("SELECT 1");
    80 │ 			await client.end();
  
  i Using await inside loops might cause performance issues or unintended sequential execution, consider use Promise.all() instead.
  

packages/seed/src/index.ts:14:21 lint/style/noProcessEnv ━━━━━━━━━━━━━━━━━━━━━━━━━━━━━━━━━━━━━━━━━━━

  × Don't use process.env.
  
    12 │ const logger = createCustomLogger("seed");
    13 │ 
  > 14 │ const remoteDbUrl = process.env.REMOTE_DATABASE_URL;
       │                     ^^^^^^^^^^^
    15 │ const localDbUrl = process.env.DATABASE_URL;
    16 │ 
  
  i Use a centralized configuration file instead for better maintainability and deployment consistency.
  

packages/seed/src/index.ts:15:20 lint/style/noProcessEnv ━━━━━━━━━━━━━━━━━━━━━━━━━━━━━━━━━━━━━━━━━━━

  × Don't use process.env.
  
    14 │ const remoteDbUrl = process.env.REMOTE_DATABASE_URL;
  > 15 │ const localDbUrl = process.env.DATABASE_URL;
       │                    ^^^^^^^^^^^
    16 │ 
    17 │ // Check if Docker is installed
  
  i Use a centralized configuration file instead for better maintainability and deployment consistency.
  

packages/seed/src/index.ts:67:3 lint/style/noProcessEnv ━━━━━━━━━━━━━━━━━━━━━━━━━━━━━━━━━━━━━━━━━━━━

  × Don't use process.env.
  
    66 │ 	const connectionString =
  > 67 │ 		process.env.DOCKER_POSTGRES_URL ||
       │ 		^^^^^^^^^^^
    68 │ 		"postgres://postgres:postgres@localhost:5432/squared-test";
    69 │ 
  
  i Use a centralized configuration file instead for better maintainability and deployment consistency.
  

packages/superjson/src/accessDeep.ts:39:4 lint/style/useDefaultSwitchClause ━━━━━━━━━━━━━━━━━━━━━━━━

  × Expected a default switch clause.
  
    38 │ 			const keyOfRow = getNthKey(newObject, row);
  > 39 │ 			switch (type) {
       │ 			^^^^^^^^^^^^^^^
  > 40 │ 				case "key":
        ...
  > 45 │ 					break;
  > 46 │ 			}
       │ 			^
    47 │ 		} else {
    48 │ 			newObject = (newObject as any)[key];
  
  i The lack of a default clause can be a possible omission.
  
  i Consider adding a default clause.
  

packages/superjson/src/accessDeep.ts:89:4 lint/style/useDefaultSwitchClause ━━━━━━━━━━━━━━━━━━━━━━━━

  × Expected a default switch clause.
  
    88 │ 			const keyOfRow = getNthKey(parent, row);
  > 89 │ 			switch (type) {
       │ 			^^^^^^^^^^^^^^^
  > 90 │ 				case "key":
        ...
  > 95 │ 					break;
  > 96 │ 			}
       │ 			^
    97 │ 		}
    98 │ 	}
  
  i The lack of a default clause can be a possible omission.
  
  i Consider adding a default clause.
  

packages/superjson/src/accessDeep.ts:100:18 lint/style/useAtIndex  FIXABLE  ━━━━━━━━━━━━━━━━━━━━━━━━

  × Prefer X.at(-Y) over X[X.length - Y].
  
     98 │ 	}
     99 │ 
  > 100 │ 	const lastKey = path[path.length - 1];
        │ 	                ^^^^^^^^^^^^^^^^^^^^^
    101 │ 
    102 │ 	if (isArray(parent)) {
  
  i Using .at() is more convenient and is easier to read.
  
  i Unsafe fix: Use .at().
  
     98  98 │   	}
     99  99 │   
    100     │ - → const·lastKey·=·path[path.length·-·1];
        100 │ + → const·lastKey·=·path.at(-1);
    101 101 │   
    102 102 │   	if (isArray(parent)) {
  

packages/superjson/src/accessDeep.ts:118:16 lint/style/useAtIndex  FIXABLE  ━━━━━━━━━━━━━━━━━━━━━━━━

  × Prefer X.at(-Y) over X[X.length - Y].
  
    117 │ 	if (isMap(parent)) {
  > 118 │ 		const row = +path[path.length - 2];
        │ 		             ^^^^^^^^^^^^^^^^^^^^^
    119 │ 		const keyToRow = getNthKey(parent, row);
    120 │ 
  
  i Using .at() is more convenient and is easier to read.
  
  i Unsafe fix: Use .at().
  
    116 116 │   
    117 117 │   	if (isMap(parent)) {
    118     │ - → → const·row·=·+path[path.length·-·2];
        118 │ + → → const·row·=·+path.at(-2);
    119 119 │   		const keyToRow = getNthKey(parent, row);
    120 120 │   
  

packages/superjson/src/accessDeep.ts:122:3 lint/style/useDefaultSwitchClause ━━━━━━━━━━━━━━━━━━━━━━━

  × Expected a default switch clause.
  
    121 │ 		const type = +lastKey === 0 ? "key" : "value";
  > 122 │ 		switch (type) {
        │ 		^^^^^^^^^^^^^^^
  > 123 │ 			case "key": {
         ...
  > 136 │ 			}
  > 137 │ 		}
        │ 		^
    138 │ 	}
    139 │ 
  
  i The lack of a default clause can be a possible omission.
  
  i Consider adding a default clause.
  

packages/superjson/src/accessDeep.ts:30:2 lint/style/useForOf ━━━━━━━━━━━━━━━━━━━━━━━━━━━━━━━━━━━━━━

  × Use for-of loop instead of a for loop.
  
    28 │ 	let newObject = object;
    29 │ 
  > 30 │ 	for (let i = 0; i < path.length; i++) {
       │ 	^^^^^^^^^^^^^^^^^^^^^^^^^^^^^^^^^^^^^^^
  > 31 │ 		const key = path[i];
        ...
  > 49 │ 		}
  > 50 │ 	}
       │ 	^
    51 │ 
    52 │ 	return newObject;
  

packages/superjson/src/copy.ts:3:23 lint/style/useNamingConvention ━━━━━━━━━━━━━━━━━━━━━━━━━━━━━━━━━

  × This type parameter name should be in PascalCase.
  
    1 │ import { isArray, isPlainObject } from "./is";
    2 │ 
  > 3 │ type PlainObject = { [key in string | number | symbol]: unknown };
      │                       ^^^
    4 │ 
    5 │ function assignProp(
  

packages/superjson/src/index.test.ts:766:5 lint/style/useConsistentMemberAccessibility ━━━━━━━━━━━━━

  × The public modifier is disallowed.
  
    764 │ 				) {}
    765 │ 
  > 766 │ 				public brag() {
        │ 				^^^^^^
    767 │ 					return `I'm a ${this.brand} in freakin' ${this.color} and I go ${this.topSpeed} km/h, isn't that bonkers?`;
    768 │ 				}
  
  i Remove the accessibility modifier.
  

packages/superjson/src/index.test.ts:1:8 lint/performance/noNamespaceImport ━━━━━━━━━━━━━━━━━━━━━━━━

  × Avoid namespace imports, it can prevent efficient tree shaking and increase bundle size.
  
  > 1 │ import * as fs from "node:fs";
      │        ^^^^^^^^^^^^^^^^^^^^^^
    2 │ import { Decimal } from "decimal.js";
    3 │ import { type TestAPI, describe, expect, it, test } from "vitest";
  
  i Use named imports instead.
  

packages/superjson/src/index.test.ts:569:7 lint/style/useConsistentMemberAccessibility ━━━━━━━━━━━━━

  × The public modifier is disallowed.
  
    567 │ 				class User {
    568 │ 					constructor(
  > 569 │ 						public username: string,
        │ 						^^^^^^
    570 │ 						public password: string,
    571 │ 					) {}
  
  i Remove the accessibility modifier.
  

packages/superjson/src/index.test.ts:569:7 lint/style/noParameterProperties ━━━━━━━━━━━━━━━━━━━━━━━━

  × Use a more explicit class property instead of a parameter property.
  
    567 │ 				class User {
    568 │ 					constructor(
  > 569 │ 						public username: string,
        │ 						^^^^^^^^^^^^^^^^^^^^^^^
    570 │ 						public password: string,
    571 │ 					) {}
  
  i Parameter properties are less explicit than other ways of declaring and initializing class properties.
  

packages/superjson/src/index.test.ts:570:7 lint/style/useConsistentMemberAccessibility ━━━━━━━━━━━━━

  × The public modifier is disallowed.
  
    568 │ 					constructor(
    569 │ 						public username: string,
  > 570 │ 						public password: string,
        │ 						^^^^^^
    571 │ 					) {}
    572 │ 				}
  
  i Remove the accessibility modifier.
  

packages/superjson/src/index.test.ts:570:7 lint/style/noParameterProperties ━━━━━━━━━━━━━━━━━━━━━━━━

  × Use a more explicit class property instead of a parameter property.
  
    568 │ 					constructor(
    569 │ 						public username: string,
  > 570 │ 						public password: string,
        │ 						^^^^^^^^^^^^^^^^^^^^^^^
    571 │ 					) {}
    572 │ 				}
  
  i Parameter properties are less explicit than other ways of declaring and initializing class properties.
  

packages/superjson/src/index.test.ts:615:18 lint/style/noParameterProperties ━━━━━━━━━━━━━━━━━━━━━━━

  × Use a more explicit class property instead of a parameter property.
  
    613 │ 			input: () => {
    614 │ 				class Pet {
  > 615 │ 					constructor(private name: string) {}
        │ 					            ^^^^^^^^^^^^^^^^^^^^
    616 │ 
    617 │ 					woof() {
  
  i Parameter properties are less explicit than other ways of declaring and initializing class properties.
  

packages/superjson/src/index.test.ts:623:18 lint/style/noParameterProperties ━━━━━━━━━━━━━━━━━━━━━━━

  × Use a more explicit class property instead of a parameter property.
  
    622 │ 				class User {
  > 623 │ 					constructor(public pet: Pet) {}
        │ 					            ^^^^^^^^^^^^^^^
    624 │ 				}
    625 │ 
  
  i Parameter properties are less explicit than other ways of declaring and initializing class properties.
  

packages/superjson/src/index.test.ts:623:18 lint/style/useConsistentMemberAccessibility ━━━━━━━━━━━━

  × The public modifier is disallowed.
  
    622 │ 				class User {
  > 623 │ 					constructor(public pet: Pet) {}
        │ 					            ^^^^^^
    624 │ 				}
    625 │ 
  
  i Remove the accessibility modifier.
  

packages/superjson/src/index.test.ts:684:4 lint/suspicious/useGuardForIn ━━━━━━━━━━━━━━━━━━━━━━━━━━━

  × The body of a for-in should be wrapped in an `if` statement.
  
    683 │ 		if (isPlainObject(object)) {
  > 684 │ 			for (const o in Object.values(object)) {
        │ 			^^^^^^^^^^^^^^^^^^^^^^^^^^^^^^^^^^^^^^^^
  > 685 │ 				deepFreeze(o, alreadySeenObjects);
  > 686 │ 			}
        │ 			^
    687 │ 		}
    688 │ 
  
  i Looping over the object with for-in loop  will include properties that are inherited through the prototype chain, the behaviour can lead to some unexpected items in your loop.
  
  i To resolve this issue, add an if statement like `if (Object.hasOwn(foo, key)) {...}` to filter out the extraneous properties. 
  

packages/superjson/src/index.test.ts:761:6 lint/style/noParameterProperties ━━━━━━━━━━━━━━━━━━━━━━━━

  × Use a more explicit class property instead of a parameter property.
  
    759 │ 			class Train {
    760 │ 				constructor(
  > 761 │ 					private topSpeed: number,
        │ 					^^^^^^^^^^^^^^^^^^^^^^^^
    762 │ 					private color: "red" | "blue" | "yellow",
    763 │ 					private brand: string,
  
  i Parameter properties are less explicit than other ways of declaring and initializing class properties.
  

packages/superjson/src/index.test.ts:762:6 lint/style/noParameterProperties ━━━━━━━━━━━━━━━━━━━━━━━━

  × Use a more explicit class property instead of a parameter property.
  
    760 │ 				constructor(
    761 │ 					private topSpeed: number,
  > 762 │ 					private color: "red" | "blue" | "yellow",
        │ 					^^^^^^^^^^^^^^^^^^^^^^^^^^^^^^^^^^^^^^^^
    763 │ 					private brand: string,
    764 │ 				) {}
  
  i Parameter properties are less explicit than other ways of declaring and initializing class properties.
  

packages/superjson/src/index.test.ts:763:6 lint/style/noParameterProperties ━━━━━━━━━━━━━━━━━━━━━━━━

  × Use a more explicit class property instead of a parameter property.
  
    761 │ 					private topSpeed: number,
    762 │ 					private color: "red" | "blue" | "yellow",
  > 763 │ 					private brand: string,
        │ 					^^^^^^^^^^^^^^^^^^^^^
    764 │ 				) {}
    765 │ 
  
  i Parameter properties are less explicit than other ways of declaring and initializing class properties.
  

packages/superjson/src/index.test.ts:801:18 lint/style/noParameterProperties ━━━━━━━━━━━━━━━━━━━━━━━

  × Use a more explicit class property instead of a parameter property.
  
    799 │ 			it("works", () => {
    800 │ 				class Currency {
  > 801 │ 					constructor(private valueInUsd: number) {}
        │ 					            ^^^^^^^^^^^^^^^^^^^^^^^^^^
    802 │ 
    803 │ 					// @ts-expect-error
  
  i Parameter properties are less explicit than other ways of declaring and initializing class properties.
  

packages/superjson/src/index.test.ts:867:16 lint/style/useConsistentMemberAccessibility ━━━━━━━━━━━━

  × The public modifier is disallowed.
  
    865 │ 	test("regression #80: Custom error serialisation isnt overriden", () => {
    866 │ 		class CustomError extends Error {
  > 867 │ 			constructor(public readonly customProperty: number) {
        │ 			            ^^^^^^
    868 │ 				super("I'm a custom error");
    869 │ 
  
  i Remove the accessibility modifier.
  

packages/superjson/src/index.test.ts:867:16 lint/style/noParameterProperties ━━━━━━━━━━━━━━━━━━━━━━━

  × Use a more explicit class property instead of a parameter property.
  
    865 │ 	test("regression #80: Custom error serialisation isnt overriden", () => {
    866 │ 		class CustomError extends Error {
  > 867 │ 			constructor(public readonly customProperty: number) {
        │ 			            ^^^^^^^^^^^^^^^^^^^^^^^^^^^^^^^^^^^^^^
    868 │ 				super("I'm a custom error");
    869 │ 
  
  i Parameter properties are less explicit than other ways of declaring and initializing class properties.
  

packages/superjson/src/index.test.ts:911:5 lint/suspicious/noSkippedTests  FIXABLE  ━━━━━━━━━━━━━━━━

  × Don't disable tests.
  
    909 │ 	});
    910 │ 
  > 911 │ 	it.skip("works with complex prop values", () => {
        │ 	   ^^^^
    912 │ 		const errorWithAdditionalProps: any = new Error();
    913 │ 		errorWithAdditionalProps.map = new Map();
  
  i Disabling tests is useful when debugging or creating placeholder while working.
  
  i If this is intentional, and you want to commit a disabled test, add a suppression comment.
  
  i Unsafe fix: Enable the test.
  
    911 │ → it.skip("works·with·complex·prop·values",·()·=>·{
        │     -----                                          

packages/superjson/src/index.test.ts:967:9 lint/suspicious/noEvolvingTypes ━━━━━━━━━━━━━━━━━━━━━━━━━

  × The type of this variable may evolve implicitly to any type, including the any type.
  
    965 │ 	const data: any[] = [];
    966 │ 	for (let i = 0; i < 100; i++) {
  > 967 │ 		const nested1 = [];
        │ 		      ^^^^^^^
    968 │ 		const nested2 = [];
    969 │ 		for (let j = 0; j < 10; j++) {
  
  i Add an explicit type or initialization to avoid implicit type evolution.
  

packages/superjson/src/index.test.ts:968:9 lint/suspicious/noEvolvingTypes ━━━━━━━━━━━━━━━━━━━━━━━━━

  × The type of this variable may evolve implicitly to any type, including the any type.
  
    966 │ 	for (let i = 0; i < 100; i++) {
    967 │ 		const nested1 = [];
  > 968 │ 		const nested2 = [];
        │ 		      ^^^^^^^
    969 │ 		for (let j = 0; j < 10; j++) {
    970 │ 			nested1[j] = {
  
  i Add an explicit type or initialization to avoid implicit type evolution.
  

packages/superjson/src/index.test.ts:1047:19 lint/performance/useTopLevelRegex ━━━━━━━━━━━━━━━━━━━━━

  × This regex literal is not defined in the top level scope. This can lead to performance issues if this function is called frequently.
  
    1045 │ 				[forbidden]: 1,
    1046 │ 			});
  > 1047 │ 		}).toThrowError(/This is a prototype pollution risk/);
         │ 		                ^^^^^^^^^^^^^^^^^^^^^^^^^^^^^^^^^^^^
    1048 │ 	},
    1049 │ );
  
  i Move the regex literal outside of this scope, and place it at the top level of this module, as a constant.
  

packages/superjson/src/index.test.ts:623:25 lint/nursery/noShadow ━━━━━━━━━━━━━━━━━━━━━━━━━━━━━━━━━━

  × This variable shadows another variable with the same name in the outer scope.
  
    622 │ 				class User {
  > 623 │ 					constructor(public pet: Pet) {}
        │ 					                   ^^^
    624 │ 				}
    625 │ 
  
  i This is the shadowed variable, which is now inaccessible in the inner scope.
  
    627 │ 				SuperJSON.registerClass(User);
    628 │ 
  > 629 │ 				const pet = new Pet("Rover");
        │ 				      ^^^
    630 │ 				const user = new User(pet);
    631 │ 
  
  i Consider renaming this variable. It's easy to confuse the origin of variables if they share the same name.
  

packages/superjson/src/index.test.ts:912:50 lint/suspicious/useErrorMessage ━━━━━━━━━━━━━━━━━━━━━━━━

  × Provide an error message for the error.
  
    911 │ 	it.skip("works with complex prop values", () => {
  > 912 │ 		const errorWithAdditionalProps: any = new Error();
        │ 		                                               ^^
    913 │ 		errorWithAdditionalProps.map = new Map();
    914 │ 
  
  i Providing meaningful error messages leads to more readable and debuggable code.
  

packages/superjson/src/index.test.ts:944:5 lint/style/useNamingConvention ━━━━━━━━━━━━━━━━━━━━━━━━━━

  × This object property name should be in camelCase.
  
    942 │ 		topics: [
    943 │ 			{
  > 944 │ 				post_count: BigInt("22"),
        │ 				^^^^^^^^^^
    945 │ 			},
    946 │ 		],
  

packages/superjson/src/index.test.ts:955:5 lint/style/useNamingConvention ━━━━━━━━━━━━━━━━━━━━━━━━━━

  × This object property name should be in camelCase.
  
    953 │ 		topics: [
    954 │ 			{
  > 955 │ 				post_count: "22",
        │ 				^^^^^^^^^^
    956 │ 			},
    957 │ 		],
  

packages/superjson/src/is.test.ts:71:27 lint/nursery/useSymbolDescription ━━━━━━━━━━━━━━━━━━━━━━━━━━

  × Symbol() is missing a description parameter.
  
    69 │ 	expect(isPrimitive("")).toBe(true);
    70 │ 	expect(isPrimitive("str")).toBe(true);
  > 71 │ 	expect(isPrimitive(Symbol())).toBe(true);
       │ 	                         ^^
    72 │ 	expect(isPrimitive(true)).toBe(true);
    73 │ 	expect(isPrimitive(false)).toBe(true);
  
  i Add explicit description which can be useful in debugging and making the purpose of the symbol clearer.
  

packages/superjson/src/is.test.ts:30:18 lint/performance/useTopLevelRegex ━━━━━━━━━━━━━━━━━━━━━━━━━━

  × This regex literal is not defined in the top level scope. This can lead to performance issues if this function is called frequently.
  
    28 │ 	expect(isBoolean(true)).toBe(true);
    29 │ 	expect(isBoolean(false)).toBe(true);
  > 30 │ 	expect(isRegExp(/./)).toBe(true);
       │ 	                ^^^
    31 │ 	expect(isRegExp(/./gi)).toBe(true);
    32 │ 	expect(isNumber(0)).toBe(true);
  
  i Move the regex literal outside of this scope, and place it at the top level of this module, as a constant.
  

packages/superjson/src/is.test.ts:84:27 lint/suspicious/noEmptyBlockStatements ━━━━━━━━━━━━━━━━━━━━━

  × Unexpected empty block.
  
    82 │ 	expect(isPrimitive(new Object())).toBe(false);
    83 │ 	expect(isPrimitive(new Date())).toBe(false);
  > 84 │ 	expect(isPrimitive(() => {})).toBe(false);
       │ 	                         ^^
    85 │ });
    86 │ 
  
  i Empty blocks are usually the result of an incomplete refactoring. Remove the empty block or add a comment inside it if it is intentional.
  

packages/superjson/src/is.test.ts:35:24 lint/nursery/useSymbolDescription ━━━━━━━━━━━━━━━━━━━━━━━━━━

  × Symbol() is missing a description parameter.
  
    33 │ 	expect(isNumber(1)).toBe(true);
    34 │ 	expect(isDate(new Date())).toBe(true);
  > 35 │ 	expect(isSymbol(Symbol())).toBe(true);
       │ 	                      ^^
    36 │ 	expect(isTypedArray(new Uint8Array())).toBe(true);
    37 │ 	expect(isURL(new URL("https://example.com"))).toBe(true);
  
  i Add explicit description which can be useful in debugging and making the purpose of the symbol clearer.
  

packages/superjson/src/plainer.ts:29:2 lint/nursery/noShadow ━━━━━━━━━━━━━━━━━━━━━━━━━━━━━━━━━━━━━━━

  × This variable shadows another variable with the same name in the outer scope.
  
    27 │ function traverse<T>(
    28 │ 	tree: MinimisedTree<T>,
  > 29 │ 	walker: (v: T, path: string[]) => void,
       │ 	^^^^^^
    30 │ 	origin: string[] = [],
    31 │ ): void {
  
  i This is the shadowed variable, which is now inaccessible in the inner scope.
  
    162 │ }
    163 │ 
  > 164 │ export const walker = (
        │              ^^^^^^
    165 │ 	object: any,
    166 │ 	identities: Map<any, any[][]>,
  
  i Consider renaming this variable. It's easy to confuse the origin of variables if they share the same name.
  

packages/superjson/src/registry.test.ts:21:26 lint/nursery/noShadow ━━━━━━━━━━━━━━━━━━━━━━━━━━━━━━━━

  × This variable shadows another variable with the same name in the outer scope.
  
    19 │ 	expect(() => registry.register(Car)).not.toThrow();
    20 │ 
  > 21 │ 	registry.register(class Car {}, "car2");
       │ 	                        ^^^
    22 │ 
    23 │ 	expect(registry.getValue("car2")).not.toBeUndefined();
  
  i This is the shadowed variable, which is now inaccessible in the inner scope.
  
     7 │ 	const registry = new Registry<Class>((c) => c.name);
     8 │ 
   > 9 │ 	class Car {
       │ 	      ^^^
    10 │ 		honk() {
    11 │ 			console.log("honk");
  
  i Consider renaming this variable. It's easy to confuse the origin of variables if they share the same name.
  

packages/superjson/src/registry.ts:6:14 lint/style/noParameterProperties ━━━━━━━━━━━━━━━━━━━━━━━━━━━

  × Use a more explicit class property instead of a parameter property.
  
    4 │ 	private kv = new DoubleIndexedKV<string, T>();
    5 │ 
  > 6 │ 	constructor(private readonly generateIdentifier: (v: T) => string) {}
      │ 	            ^^^^^^^^^^^^^^^^^^^^^^^^^^^^^^^^^^^^^^^^^^^^^^^^^^^^^
    7 │ 
    8 │ 	register(value: T, identifier?: string): void {
  
  i Parameter properties are less explicit than other ways of declaring and initializing class properties.
  

packages/superjson/src/transformer.test.ts:8:15 lint/style/noParameterProperties ━━━━━━━━━━━━━━━━━━━

  × Use a more explicit class property instead of a parameter property.
  
     6 │ 	const instance = new SuperJSON();
     7 │ 	class FunnyNumber {
   > 8 │ 		constructor(private number: number) {}
       │ 		            ^^^^^^^^^^^^^^^^^^^^^^
     9 │ 
    10 │ 		// @ts-expect-error
  
  i Parameter properties are less explicit than other ways of declaring and initializing class properties.
  

packages/superjson/src/transformer.ts:74:4 lint/suspicious/noConsole  FIXABLE  ━━━━━━━━━━━━━━━━━━━━━

  × Don't use console.
  
    72 │ 			}
    73 │ 
  > 74 │ 			console.error("Please add a BigInt polyfill.");
       │ 			^^^^^^^^^^^^^
    75 │ 
    76 │ 			return v as any;
  
  i The use of console is often reserved for debugging.
  
  i Unsafe fix: Remove console.
  
     71  71 │   				return BigInt(v);
     72  72 │   			}
     73     │ - 
     74     │ - → → → console.error("Please·add·a·BigInt·polyfill.");
     75  73 │   
     76  74 │   			return v as any;
  

packages/superjson/src/util.ts:56:2 lint/style/useForOf ━━━━━━━━━━━━━━━━━━━━━━━━━━━━━━━━━━━━━━━━━━━━

  × Use for-of loop instead of a for loop.
  
    54 │ 	predicate: (v: T) => boolean,
    55 │ ): T | undefined {
  > 56 │ 	for (let i = 0; i < record.length; i++) {
       │ 	^^^^^^^^^^^^^^^^^^^^^^^^^^^^^^^^^^^^^^^^^
  > 57 │ 		const value = record[i];
  > 58 │ 		if (predicate(value)) {
  > 59 │ 			return value;
  > 60 │ 		}
  > 61 │ 	}
       │ 	^
    62 │ 
    63 │ 	return undefined;
  

packages/superjson/src/util.ts:29:2 lint/style/useForOf ━━━━━━━━━━━━━━━━━━━━━━━━━━━━━━━━━━━━━━━━━━━━

  × Use for-of loop instead of a for loop.
  
    27 │ 	const valuesNotNever = values as T[];
    28 │ 
  > 29 │ 	for (let i = 0; i < valuesNotNever.length; i++) {
       │ 	^^^^^^^^^^^^^^^^^^^^^^^^^^^^^^^^^^^^^^^^^^^^^^^^^
  > 30 │ 		const value = valuesNotNever[i];
  > 31 │ 		if (predicate(value)) {
  > 32 │ 			return value;
  > 33 │ 		}
  > 34 │ 	}
       │ 	^
    35 │ 
    36 │ 	return undefined;
  

packages/ui/src/accordion/Accordion.tsx:3:37 lint/correctness/noUndeclaredDependencies ━━━━━━━━━━━━━

  × Dependency @radix-ui/react-accordion isn't specified in packages/ui/package.json.
  
    1 │ "use client";
    2 │ 
  > 3 │ import * as AccordionPrimitive from "@radix-ui/react-accordion";
      │                                     ^^^^^^^^^^^^^^^^^^^^^^^^^^^
    4 │ import { cn } from "@squaredmade/ui/cn";
    5 │ import { ChevronDownIcon } from "lucide-react";
  
  i This could lead to errors.
  
  i Add the dependency in your manifest.
  

packages/ui/src/alert-dialog/AlertDialog.tsx:3:39 lint/correctness/noUndeclaredDependencies ━━━━━━━━━━

  × Dependency @radix-ui/react-alert-dialog isn't specified in packages/ui/package.json.
  
    1 │ "use client";
    2 │ 
  > 3 │ import * as AlertDialogPrimitive from "@radix-ui/react-alert-dialog";
      │                                       ^^^^^^^^^^^^^^^^^^^^^^^^^^^^^^
    4 │ import { buttonVariants } from "@squaredmade/ui/button";
    5 │ import { cn } from "@squaredmade/ui/cn";
  
  i This could lead to errors.
  
  i Add the dependency in your manifest.
  

packages/ui/src/avatar/Avatar.tsx:3:34 lint/correctness/noUndeclaredDependencies ━━━━━━━━━━━━━━━━━━━

  × Dependency @radix-ui/react-avatar isn't specified in packages/ui/package.json.
  
    1 │ "use client";
    2 │ 
  > 3 │ import * as AvatarPrimitive from "@radix-ui/react-avatar";
      │                                  ^^^^^^^^^^^^^^^^^^^^^^^^
    4 │ import { cn } from "@squaredmade/ui/cn";
    5 │ import type * as React from "react";
  
  i This could lead to errors.
  
  i Add the dependency in your manifest.
  

packages/ui/src/calendar/Calendar.tsx:907:20 lint/nursery/noShadow ━━━━━━━━━━━━━━━━━━━━━━━━━━━━━━━━━

  × This variable shadows another variable with the same name in the outer scope.
  
    905 │ 			if (mode === "single") {
    906 │ 				// We know that onSelect expects a Date parameter
  > 907 │ 				(onSelect as ((date?: Date) => void) | undefined)?.(date);
        │ 				               ^^^^
    908 │ 			} else if (mode === "multiple") {
    909 │ 				const currentSelected = Array.isArray(selected) ? selected : [];
  
  i This is the shadowed variable, which is now inaccessible in the inner scope.
  
    903 │ 		// Handle day click
  > 904 │ 		const handleDayClick = (date: Date) => {
        │ 		                        ^^^^
    905 │ 			if (mode === "single") {
    906 │ 				// We know that onSelect expects a Date parameter
  
  i Consider renaming this variable. It's easy to confuse the origin of variables if they share the same name.
  

packages/ui/src/calendar/Calendar.tsx:931:20 lint/nursery/noShadow ━━━━━━━━━━━━━━━━━━━━━━━━━━━━━━━━━

  × This variable shadows another variable with the same name in the outer scope.
  
    929 │ 				const range = selected as DateRange;
    930 │ 				// We know that onSelect expects a DateRange parameter
  > 931 │ 				(onSelect as ((range?: DateRange) => void) | undefined)?.(
        │ 				               ^^^^^
    932 │ 					createDateRange(date, range),
    933 │ 				);
  
  i This is the shadowed variable, which is now inaccessible in the inner scope.
  
    927 │ 				}
    928 │ 			} else if (mode === "range") {
  > 929 │ 				const range = selected as DateRange;
        │ 				      ^^^^^
    930 │ 				// We know that onSelect expects a DateRange parameter
    931 │ 				(onSelect as ((range?: DateRange) => void) | undefined)?.(
  
  i Consider renaming this variable. It's easy to confuse the origin of variables if they share the same name.
  

packages/ui/src/calendar/Calendar.tsx:511:24 lint/nursery/noShadow ━━━━━━━━━━━━━━━━━━━━━━━━━━━━━━━━━

  × This variable shadows another variable with the same name in the outer scope.
  
    509 │ function isDateDisabled(
    510 │ 	date: Date,
  > 511 │ 	disabled?: Date[] | ((date: Date) => boolean),
        │ 	                      ^^^^
    512 │ 	fromDate?: Date,
    513 │ 	toDate?: Date,
  
  i This is the shadowed variable, which is now inaccessible in the inner scope.
  
    508 │  */
    509 │ function isDateDisabled(
  > 510 │ 	date: Date,
        │ 	^^^^
    511 │ 	disabled?: Date[] | ((date: Date) => boolean),
    512 │ 	fromDate?: Date,
  
  i Consider renaming this variable. It's easy to confuse the origin of variables if they share the same name.
  

packages/ui/src/checkbox/Checkbox.tsx:3:36 lint/correctness/noUndeclaredDependencies ━━━━━━━━━━━━━━━

  × Dependency @radix-ui/react-checkbox isn't specified in packages/ui/package.json.
  
    1 │ "use client";
    2 │ 
  > 3 │ import * as CheckboxPrimitive from "@radix-ui/react-checkbox";
      │                                    ^^^^^^^^^^^^^^^^^^^^^^^^^^
    4 │ import { cn } from "@squaredmade/ui/cn";
    5 │ import { CheckIcon } from "lucide-react";
  
  i This could lead to errors.
  
  i Add the dependency in your manifest.
  

packages/ui/src/cn/Cn.ts lint/style/useFilenamingConvention ━━━━━━━━━━━━━━━━━━━━━━━━━━━━━━━━━━━━━━━━

  × The filename should be in camelCase or kebab-case or snake_case or equal to the name of an export.
  
  i The filename could be renamed to one of the following names:
    cn.ts
  

packages/ui/src/collapsible/Collapsible.tsx:3:39 lint/correctness/noUndeclaredDependencies ━━━━━━━━━━

  × Dependency @radix-ui/react-collapsible isn't specified in packages/ui/package.json.
  
    1 │ "use client";
    2 │ 
  > 3 │ import * as CollapsiblePrimitive from "@radix-ui/react-collapsible";
      │                                       ^^^^^^^^^^^^^^^^^^^^^^^^^^^^^
    4 │ 
    5 │ function Collapsible({
  
  i This could lead to errors.
  
  i Add the dependency in your manifest.
  

packages/ui/src/dialog/Dialog.tsx:3:34 lint/correctness/noUndeclaredDependencies ━━━━━━━━━━━━━━━━━━━

  × Dependency @radix-ui/react-dialog isn't specified in packages/ui/package.json.
  
    1 │ "use client";
    2 │ 
  > 3 │ import * as DialogPrimitive from "@radix-ui/react-dialog";
      │                                  ^^^^^^^^^^^^^^^^^^^^^^^^
    4 │ import { cn } from "@squaredmade/ui/cn";
    5 │ import { XIcon } from "lucide-react";
  
  i This could lead to errors.
  
  i Add the dependency in your manifest.
  

packages/ui/src/dropdown-menu/DropdownMenu.tsx:3:40 lint/correctness/noUndeclaredDependencies ━━━━━━━━━━

  × Dependency @radix-ui/react-dropdown-menu isn't specified in packages/ui/package.json.
  
    1 │ "use client";
    2 │ 
  > 3 │ import * as DropdownMenuPrimitive from "@radix-ui/react-dropdown-menu";
      │                                        ^^^^^^^^^^^^^^^^^^^^^^^^^^^^^^^
    4 │ import { cn } from "@squaredmade/ui/cn";
    5 │ import { CheckIcon, ChevronRightIcon, CircleIcon } from "lucide-react";
  
  i This could lead to errors.
  
  i Add the dependency in your manifest.
  

packages/ui/src/form/Form.tsx:16:8 lint/correctness/noUndeclaredDependencies ━━━━━━━━━━━━━━━━━━━━━━━

  × Dependency react-hook-form isn't specified in packages/ui/package.json.
  
    14 │ 	useFormContext,
    15 │ 	useFormState,
  > 16 │ } from "react-hook-form";
       │        ^^^^^^^^^^^^^^^^^
    17 │ 
    18 │ const Form = FormProvider;
  
  i This could lead to errors.
  
  i Add the dependency in your manifest.
  

packages/ui/src/form/Form.tsx:3:38 lint/correctness/noUndeclaredDependencies ━━━━━━━━━━━━━━━━━━━━━━━

  × Dependency @radix-ui/react-label isn't specified in packages/ui/package.json.
  
    1 │ "use client";
    2 │ 
  > 3 │ import type * as LabelPrimitive from "@radix-ui/react-label";
      │                                      ^^^^^^^^^^^^^^^^^^^^^^^
    4 │ import { Slot } from "@radix-ui/react-slot";
    5 │ import { cn } from "@squaredmade/ui/cn";
  
  i This could lead to errors.
  
  i Add the dependency in your manifest.
  

packages/ui/src/label/Label.tsx:3:33 lint/correctness/noUndeclaredDependencies ━━━━━━━━━━━━━━━━━━━━━

  × Dependency @radix-ui/react-label isn't specified in packages/ui/package.json.
  
    1 │ "use client";
    2 │ 
  > 3 │ import * as LabelPrimitive from "@radix-ui/react-label";
      │                                 ^^^^^^^^^^^^^^^^^^^^^^^
    4 │ import { cn } from "@squaredmade/ui/cn";
    5 │ import type * as React from "react";
  
  i This could lead to errors.
  
  i Add the dependency in your manifest.
  

packages/ui/src/popover/Popover.tsx:3:35 lint/correctness/noUndeclaredDependencies ━━━━━━━━━━━━━━━━━

  × Dependency @radix-ui/react-popover isn't specified in packages/ui/package.json.
  
    1 │ "use client";
    2 │ 
  > 3 │ import * as PopoverPrimitive from "@radix-ui/react-popover";
      │                                   ^^^^^^^^^^^^^^^^^^^^^^^^^
    4 │ import { cn } from "@squaredmade/ui/cn";
    5 │ import type * as React from "react";
  
  i This could lead to errors.
  
  i Add the dependency in your manifest.
  

packages/ui/src/select/Select.tsx:3:34 lint/correctness/noUndeclaredDependencies ━━━━━━━━━━━━━━━━━━━

  × Dependency @radix-ui/react-select isn't specified in packages/ui/package.json.
  
    1 │ "use client";
    2 │ 
  > 3 │ import * as SelectPrimitive from "@radix-ui/react-select";
      │                                  ^^^^^^^^^^^^^^^^^^^^^^^^
    4 │ import { cn } from "@squaredmade/ui/cn";
    5 │ import { CheckIcon, ChevronDownIcon, ChevronUpIcon } from "lucide-react";
  
  i This could lead to errors.
  
  i Add the dependency in your manifest.
  

packages/ui/src/separator/Separator.tsx:1:27 lint/correctness/noUndeclaredDependencies ━━━━━━━━━━━━━

  × Dependency @radix-ui/react-primitive isn't specified in packages/ui/package.json.
  
  > 1 │ import { Primitive } from "@radix-ui/react-primitive";
      │                           ^^^^^^^^^^^^^^^^^^^^^^^^^^^
    2 │ import { cn } from "@squaredmade/ui/cn";
    3 │ import * as React from "react";
  
  i This could lead to errors.
  
  i Add the dependency in your manifest.
  

packages/ui/src/sheet/Sheet.tsx:3:33 lint/correctness/noUndeclaredDependencies ━━━━━━━━━━━━━━━━━━━━━

  × Dependency @radix-ui/react-dialog isn't specified in packages/ui/package.json.
  
    1 │ "use client";
    2 │ 
  > 3 │ import * as SheetPrimitive from "@radix-ui/react-dialog";
      │                                 ^^^^^^^^^^^^^^^^^^^^^^^^
    4 │ import { cn } from "@squaredmade/ui/cn";
    5 │ import { XIcon } from "lucide-react";
  
  i This could lead to errors.
  
  i Add the dependency in your manifest.
  

packages/ui/src/switch/Switch.tsx:3:34 lint/correctness/noUndeclaredDependencies ━━━━━━━━━━━━━━━━━━━

  × Dependency @radix-ui/react-switch isn't specified in packages/ui/package.json.
  
    1 │ "use client";
    2 │ 
  > 3 │ import * as SwitchPrimitive from "@radix-ui/react-switch";
      │                                  ^^^^^^^^^^^^^^^^^^^^^^^^
    4 │ import { cn } from "@squaredmade/ui/cn";
    5 │ import type * as React from "react";
  
  i This could lead to errors.
  
  i Add the dependency in your manifest.
  

packages/ui/src/tabs/Tabs.tsx:3:32 lint/correctness/noUndeclaredDependencies ━━━━━━━━━━━━━━━━━━━━━━━

  × Dependency @radix-ui/react-tabs isn't specified in packages/ui/package.json.
  
    1 │ "use client";
    2 │ 
  > 3 │ import * as TabsPrimitive from "@radix-ui/react-tabs";
      │                                ^^^^^^^^^^^^^^^^^^^^^^
    4 │ import { cn } from "@squaredmade/ui/cn";
    5 │ import type * as React from "react";
  
  i This could lead to errors.
  
  i Add the dependency in your manifest.
  

packages/ui/src/toast/Toast.tsx:1050:17 lint/nursery/noShadow ━━━━━━━━━━━━━━━━━━━━━━━━━━━━━━━━━━━━━━

  × This variable shadows another variable with the same name in the outer scope.
  
    1048 │ 				// Prevent batching of other state updates
    1049 │ 				requestAnimationFrame(() => {
  > 1050 │ 					setToasts((toasts) =>
         │ 					           ^^^^^^
    1051 │ 						toasts.map((t) => (t.id === toast.id ? { ...t, delete: true } : t)),
    1052 │ 					);
  
  i This is the shadowed variable, which is now inaccessible in the inner scope.
  
    1008 │ 	forwardedRef,
    1009 │ ) {
  > 1010 │ 	const [toasts, setToasts] = React.useState<ToastT[]>([]);
         │ 	       ^^^^^^
    1011 │ 	const [heights, setHeights] = React.useState<HeightT[]>([]);
    1012 │ 	const [expanded, setExpanded] = React.useState(false);
  
  i Consider renaming this variable. It's easy to confuse the origin of variables if they share the same name.
  

packages/ui/src/toast/Toast.tsx:3:34 lint/correctness/noUndeclaredDependencies ━━━━━━━━━━━━━━━━━━━━━

  × Dependency @radix-ui/react-use-escape-keydown isn't specified in packages/ui/package.json.
  
    1 │ import { useComposedRefs } from "@radix-ui/react-compose-refs";
    2 │ import { useCallbackRef } from "@radix-ui/react-use-callback-ref";
  > 3 │ import { useEscapeKeydown } from "@radix-ui/react-use-escape-keydown";
      │                                  ^^^^^^^^^^^^^^^^^^^^^^^^^^^^^^^^^^^^
    4 │ import { useLayoutEffect } from "@radix-ui/react-use-layout-effect";
    5 │ import { usePrevious } from "@radix-ui/react-use-previous";
  
  i This could lead to errors.
  
  i Add the dependency in your manifest.
  

packages/ui/src/toast/Toast.tsx:2:32 lint/correctness/noUndeclaredDependencies ━━━━━━━━━━━━━━━━━━━━━

  × Dependency @radix-ui/react-use-callback-ref isn't specified in packages/ui/package.json.
  
    1 │ import { useComposedRefs } from "@radix-ui/react-compose-refs";
  > 2 │ import { useCallbackRef } from "@radix-ui/react-use-callback-ref";
      │                                ^^^^^^^^^^^^^^^^^^^^^^^^^^^^^^^^^^
    3 │ import { useEscapeKeydown } from "@radix-ui/react-use-escape-keydown";
    4 │ import { useLayoutEffect } from "@radix-ui/react-use-layout-effect";
  
  i This could lead to errors.
  
  i Add the dependency in your manifest.
  

packages/ui/src/toast/Toast.tsx:954:8 lint/style/noNestedTernary ━━━━━━━━━━━━━━━━━━━━━━━━━━━━━━━━━━━

  × Do not nest ternary expressions.
  
    952 │ 			{React.isValidElement(toast.action) ? (
    953 │ 				toast.action
  > 954 │ 			) : toast.action && isAction(toast.action) ? (
        │ 			    ^^^^^^^^^^^^^^^^^^^^^^^^^^^^^^^^^^^^^^^^^^
  > 955 │ 				<Button
         ...
  > 966 │ 				</Button>
  > 967 │ 			) : null}
        │ 			^^^^^^^^
    968 │ 		</li>
    969 │ 	);
  
  i Nesting ternary expressions can make code more difficult to understand.
  
  i Convert nested ternary expression into if-else statements or separate the conditions to make the logic easier to understand.
  

packages/ui/src/toast/Toast.tsx:1060:17 lint/nursery/noShadow ━━━━━━━━━━━━━━━━━━━━━━━━━━━━━━━━━━━━━━

  × This variable shadows another variable with the same name in the outer scope.
  
    1058 │ 			setTimeout(() => {
    1059 │ 				ReactDOM.flushSync(() => {
  > 1060 │ 					setToasts((toasts) => {
         │ 					           ^^^^^^
    1061 │ 						if (!toast.id) return toasts;
    1062 │ 						const toastWithId = toast as ToastT;
  
  i This is the shadowed variable, which is now inaccessible in the inner scope.
  
    1008 │ 	forwardedRef,
    1009 │ ) {
  > 1010 │ 	const [toasts, setToasts] = React.useState<ToastT[]>([]);
         │ 	       ^^^^^^
    1011 │ 	const [heights, setHeights] = React.useState<HeightT[]>([]);
    1012 │ 	const [expanded, setExpanded] = React.useState(false);
  
  i Consider renaming this variable. It's easy to confuse the origin of variables if they share the same name.
  

packages/ui/src/toast/Toast.tsx:503:33 lint/nursery/noShadow ━━━━━━━━━━━━━━━━━━━━━━━━━━━━━━━━━━━━━━━

  × This variable shadows another variable with the same name in the outer scope.
  
    501 │ 			setHeights((h) => [{ toastId: toast.id, height }, ...h]);
    502 │ 			return () =>
  > 503 │ 				setHeights((h) => h.filter((height) => height.toastId !== toast.id));
        │ 				                            ^^^^^^
    504 │ 		}
    505 │ 	}, [setHeights, toast.id]);
  
  i This is the shadowed variable, which is now inaccessible in the inner scope.
  
    496 │ 		const toastNode = toastRef.current;
    497 │ 		if (toastNode) {
  > 498 │ 			const height = toastNode.getBoundingClientRect().height;
        │ 			      ^^^^^^
    499 │ 			// Add toast height to heights array after the toast is mounted
    500 │ 			setInitialHeight(height);
  
  i Consider renaming this variable. It's easy to confuse the origin of variables if they share the same name.
  

packages/ui/src/toast/Toast.tsx:5:29 lint/correctness/noUndeclaredDependencies ━━━━━━━━━━━━━━━━━━━━━

  × Dependency @radix-ui/react-use-previous isn't specified in packages/ui/package.json.
  
    3 │ import { useEscapeKeydown } from "@radix-ui/react-use-escape-keydown";
    4 │ import { useLayoutEffect } from "@radix-ui/react-use-layout-effect";
  > 5 │ import { usePrevious } from "@radix-ui/react-use-previous";
      │                             ^^^^^^^^^^^^^^^^^^^^^^^^^^^^^^
    6 │ import { Button } from "@squaredmade/ui/button";
    7 │ import { cn } from "@squaredmade/ui/cn";
  
  i This could lead to errors.
  
  i Add the dependency in your manifest.
  

packages/ui/src/toast/Toast.tsx lint/style/useFilenamingConvention ━━━━━━━━━━━━━━━━━━━━━━━━━━━━━━━━━

  × The filename should be in camelCase or kebab-case or snake_case or equal to the name of an export.
  
  i The filename could be renamed to one of the following names:
    toast.tsx
  

packages/ui/src/toast/Toast.tsx:303:22 lint/nursery/noShadow ━━━━━━━━━━━━━━━━━━━━━━━━━━━━━━━━━━━━━━━

  × This variable shadows another variable with the same name in the outer scope.
  
    301 │ 		const defaultValue = isMobile ? MOBILE_VIEWPORT_OFFSET : VIEWPORT_OFFSET;
    302 │ 
  > 303 │ 		function assignAll(offset: string | number) {
        │ 		                   ^^^^^^
    304 │ 			for (const key of ["top", "right", "bottom", "left"]) {
    305 │ 				styles[`${prefix}-${key}`] =
  
  i This is the shadowed variable, which is now inaccessible in the inner scope.
  
    296 │ 	const styles = {} as CustomCSSProperties;
    297 │ 
  > 298 │ 	[defaultOffset, mobileOffset].forEach((offset, index) => {
        │ 	                                       ^^^^^^
    299 │ 		const isMobile = index === 1;
    300 │ 		const prefix = isMobile ? "--mobile-offset" : "--offset";
  
  i Consider renaming this variable. It's easy to confuse the origin of variables if they share the same name.
  

packages/ui/src/toast/Toast.tsx:994:70 lint/nursery/noShadow ━━━━━━━━━━━━━━━━━━━━━━━━━━━━━━━━━━━━━━━

  × This variable shadows another variable with the same name in the outer scope.
  
    992 │  * - Configure default behavior through props for consistent notifications
    993 │  */
  > 994 │ const Toaster = React.forwardRef<HTMLElement, ToasterProps>(function Toaster(
        │                                                                      ^^^^^^^
    995 │ 	{
    996 │ 		hotkey = ["altKey", "KeyT"],
  
  i This is the shadowed variable, which is now inaccessible in the inner scope.
  
    992 │  * - Configure default behavior through props for consistent notifications
    993 │  */
  > 994 │ const Toaster = React.forwardRef<HTMLElement, ToasterProps>(function Toaster(
        │       ^^^^^^^
    995 │ 	{
    996 │ 		hotkey = ["altKey", "KeyT"],
  
  i Consider renaming this variable. It's easy to confuse the origin of variables if they share the same name.
  

packages/ui/src/toast/Toast.tsx:936:8 lint/style/noNestedTernary ━━━━━━━━━━━━━━━━━━━━━━━━━━━━━━━━━━━

  × Do not nest ternary expressions.
  
    934 │ 			{React.isValidElement(toast.cancel) ? (
    935 │ 				toast.cancel
  > 936 │ 			) : toast.cancel && isAction(toast.cancel) ? (
        │ 			    ^^^^^^^^^^^^^^^^^^^^^^^^^^^^^^^^^^^^^^^^^^
  > 937 │ 				<Button
         ...
  > 950 │ 				</Button>
  > 951 │ 			) : null}
        │ 			^^^^^^^^
    952 │ 			{React.isValidElement(toast.action) ? (
    953 │ 				toast.action
  
  i Nesting ternary expressions can make code more difficult to understand.
  
  i Convert nested ternary expression into if-else statements or separate the conditions to make the logic easier to understand.
  

packages/ui/src/toast/Toast.tsx:563:5 lint/style/useShorthandAssign  FIXABLE  ━━━━━━━━━━━━━━━━━━━━━━

  × Assignment (=) can be replaced with operator assignment -=.
  
    561 │ 				const elapsedTime = Date.now() - closeTimerStartTime;
    562 │ 
  > 563 │ 				remainingTime.current = remainingTime.current - elapsedTime;
        │ 				^^^^^^^^^^^^^^^^^^^^^^^^^^^^^^^^^^^^^^^^^^^^^^^^^^^^^^^^^^^
    564 │ 			}
    565 │ 
  
  i Unsafe fix: Use -= instead.
  
     561  561 │   				const elapsedTime = Date.now() - closeTimerStartTime;
     562  562 │   
     563      │ - → → → → remainingTime.current·=·remainingTime.current·-·elapsedTime;
          563 │ + → → → → remainingTime.current·-=·elapsedTime;
     564  564 │   			}
     565  565 │   
  

packages/ui/src/toast/Toast.tsx:599:6 lint/suspicious/noEvolvingTypes ━━━━━━━━━━━━━━━━━━━━━━━━━━━━━━

  × The type of this variable may evolve implicitly to any type, including the any type.
  
    597 │ 	}, [deleteToast, toast.delete]);
    598 │ 
  > 599 │ 	let icon = null;
        │ 	    ^^^^
    600 │ 	if (toastType) {
    601 │ 		if (toast.icon) {
  
  i Add an explicit type or initialization to avoid implicit type evolution.
  

packages/ui/src/toast/Toast.tsx:835:6 lint/style/useCollapsedIf ━━━━━━━━━━━━━━━━━━━━━━━━━━━━━━━━━━━━

  × This if statement can be collapsed into another if statement.
  
    833 │ 				} else if (swipeDirection === "x") {
    834 │ 					// Handle horizontal swipes
  > 835 │ 					if (
        │ 					^^^^
  > 836 │ 						swipeDirections.includes("left") ||
         ...
  > 852 │ 						}
  > 853 │ 					}
        │ 					^
    854 │ 				}
    855 │ 
  

packages/ui/src/toast/Toast.tsx:518:15 lint/nursery/noShadow ━━━━━━━━━━━━━━━━━━━━━━━━━━━━━━━━━━━━━━━

  × This variable shadows another variable with the same name in the outer scope.
  
    516 │ 		setInitialHeight(newHeight);
    517 │ 
  > 518 │ 		setHeights((heights) => {
        │ 		            ^^^^^^^
    519 │ 			const alreadyExists = heights.find(
    520 │ 				(height) => height.toastId === toast.id,
  
  i This is the shadowed variable, which is now inaccessible in the inner scope.
  
    413 │ 	setHeights,
    414 │ 	visibleToasts,
  > 415 │ 	heights,
        │ 	^^^^^^^
    416 │ 	index,
    417 │ 	toasts,
  
  i Consider renaming this variable. It's easy to confuse the origin of variables if they share the same name.
  

packages/ui/src/toast/Toast.tsx:1036:14 lint/nursery/noShadow ━━━━━━━━━━━━━━━━━━━━━━━━━━━━━━━━━━━━━━

  × This variable shadows another variable with the same name in the outer scope.
  
    1035 │ 	const removeToast = useCallbackRef((toastToRemove: ToastT) => {
  > 1036 │ 		setToasts((toasts) => {
         │ 		           ^^^^^^
    1037 │ 			if (!toasts.find((toast) => toast.id === toastToRemove.id)?.delete) {
    1038 │ 				ToastState.dismiss(toastToRemove.id);
  
  i This is the shadowed variable, which is now inaccessible in the inner scope.
  
    1008 │ 	forwardedRef,
    1009 │ ) {
  > 1010 │ 	const [toasts, setToasts] = React.useState<ToastT[]>([]);
         │ 	       ^^^^^^
    1011 │ 	const [heights, setHeights] = React.useState<HeightT[]>([]);
    1012 │ 	const [expanded, setExpanded] = React.useState(false);
  
  i Consider renaming this variable. It's easy to confuse the origin of variables if they share the same name.
  

packages/ui/src/toast/Toast.tsx:878:16 lint/suspicious/noEmptyBlockStatements ━━━━━━━━━━━━━━━━━━━━━━

  × Unexpected empty block.
  
    876 │ 					onClick={
    877 │ 						disabled || !dismissible
  > 878 │ 							? () => {}
        │ 							        ^^
    879 │ 							: () => {
    880 │ 									deleteToast();
  
  i Empty blocks are usually the result of an incomplete refactoring. Remove the empty block or add a comment inside it if it is intentional.
  

packages/ui/src/toast/state.ts:100:22 lint/nursery/noShadow ━━━━━━━━━━━━━━━━━━━━━━━━━━━━━━━━━━━━━━━━

  × This variable shadows another variable with the same name in the outer scope.
  
     98 │ 	 * List of functions that will be called when a toast is added or dismissed
     99 │ 	 */
  > 100 │ 	subscribers: Array<(toast: ExternalToast | ToastToDismiss) => void>;
        │ 	                    ^^^^^
    101 │ 
    102 │ 	/**
  
  i This is the shadowed variable, which is now inaccessible in the inner scope.
  
    507 │  * We use `Object.assign` to maintain the correct types as we would lose them otherwise
    508 │  */
  > 509 │ export const toast = Object.assign(
        │              ^^^^^
    510 │ 	basicToast,
    511 │ 	{
  
  i Consider renaming this variable. It's easy to confuse the origin of variables if they share the same name.
  

packages/ui/src/toast/state.ts:210:35 lint/nursery/noShadow ━━━━━━━━━━━━━━━━━━━━━━━━━━━━━━━━━━━━━━━━

  × This variable shadows another variable with the same name in the outer scope.
  
    209 │ 		if (alreadyExists) {
  > 210 │ 			this.toasts = this.toasts.map((toast) => {
        │ 			                               ^^^^^
    211 │ 				if (toast.id === id) {
    212 │ 					this.publish({ ...toast, ...data, id, title: message });
  
  i This is the shadowed variable, which is now inaccessible in the inner scope.
  
    507 │  * We use `Object.assign` to maintain the correct types as we would lose them otherwise
    508 │  */
  > 509 │ export const toast = Object.assign(
        │              ^^^^^
    510 │ 	basicToast,
    511 │ 	{
  
  i Consider renaming this variable. It's easy to confuse the origin of variables if they share the same name.
  

packages/ui/src/toast/state.ts:450:30 lint/nursery/noShadow ━━━━━━━━━━━━━━━━━━━━━━━━━━━━━━━━━━━━━━━━

  × This variable shadows another variable with the same name in the outer scope.
  
    448 │ 	 */
    449 │ 	getActiveToasts = () => {
  > 450 │ 		return this.toasts.filter((toast) => !this.dismissedToasts.has(toast.id));
        │ 		                           ^^^^^
    451 │ 	};
    452 │ }
  
  i This is the shadowed variable, which is now inaccessible in the inner scope.
  
    507 │  * We use `Object.assign` to maintain the correct types as we would lose them otherwise
    508 │  */
  > 509 │ export const toast = Object.assign(
        │              ^^^^^
    510 │ 	basicToast,
    511 │ 	{
  
  i Consider renaming this variable. It's easy to confuse the origin of variables if they share the same name.
  

packages/ui/src/toast/state.ts:157:28 lint/nursery/noShadow ━━━━━━━━━━━━━━━━━━━━━━━━━━━━━━━━━━━━━━━━

  × This variable shadows another variable with the same name in the outer scope.
  
    155 │ 	 * Registers a subscriber function to be called when toasts are added or dismissed
    156 │ 	 */
  > 157 │ 	subscribe = (subscriber: (toast: ExternalToast | ToastToDismiss) => void) => {
        │ 	                          ^^^^^
    158 │ 		this.subscribers.push(subscriber);
    159 │ 
  
  i This is the shadowed variable, which is now inaccessible in the inner scope.
  
    507 │  * We use `Object.assign` to maintain the correct types as we would lose them otherwise
    508 │  */
  > 509 │ export const toast = Object.assign(
        │              ^^^^^
    510 │ 	basicToast,
    511 │ 	{
  
  i Consider renaming this variable. It's easy to confuse the origin of variables if they share the same name.
  

packages/ui/src/toast/state.ts:199:43 lint/nursery/noShadow ━━━━━━━━━━━━━━━━━━━━━━━━━━━━━━━━━━━━━━━━

  × This variable shadows another variable with the same name in the outer scope.
  
    197 │ 				? data.id
    198 │ 				: toastsCounter++;
  > 199 │ 		const alreadyExists = this.toasts.find((toast) => {
        │ 		                                        ^^^^^
    200 │ 			return toast.id === id;
    201 │ 		});
  
  i This is the shadowed variable, which is now inaccessible in the inner scope.
  
    507 │  * We use `Object.assign` to maintain the correct types as we would lose them otherwise
    508 │  */
  > 509 │ export const toast = Object.assign(
        │              ^^^^^
    510 │ 	basicToast,
    511 │ 	{
  
  i Consider renaming this variable. It's easy to confuse the origin of variables if they share the same name.
  

The number of diagnostics exceeds the limit allowed. Use --max-diagnostics to increase it.
Diagnostics not shown: 237.
Checked 1635 files in 7s. Fixed 107 files.
Found 1138 errors.
Found 57 warnings.
lint ━━━━━━━━━━━━━━━━━━━━━━━━━━━━━━━━━━━━━━━━━━━━━━━━━━━━━━━━━━━━━━━━━━━━━━━━━━━━━━━━━━━━━━━━━━━━━━━

  × Some errors were emitted while running checks.
  

